timestamp,open,high,low,close,volume
2026-05-01 09:15:00,24000.0,24015.456961292814,23998.19645147751,24009.536911737818,3491
2026-05-01 09:20:00,24009.536911737818,24010.163899677194,24004.386039963425,24006.881182263784,3660
2026-05-01 09:25:00,24006.881182263784,24021.47495368856,24001.983600456202,24019.32036768562,4040
2026-05-01 09:30:00,24019.32036768562,24049.248096406132,24017.646794898013,24048.58608132611,3311
2026-05-01 09:35:00,24048.58608132611,24062.925547966715,24041.96723774876,24044.0812352555,4124
2026-05-01 09:40:00,24044.0812352555,24045.66577787038,24034.425736951813,24039.577548845045,2595
2026-05-01 09:45:00,24039.577548845045,24072.527140355305,24026.12181953025,24069.948436000665,4051
2026-05-01 09:50:00,24069.948436000665,24095.40452948154,24066.526895808576,24084.72612748763,4691
2026-05-01 09:55:00,24084.72612748763,24088.470846367774,24067.07596520368,24075.680397880336,1004
2026-05-01 10:00:00,24075.680397880336,24091.972444349132,24070.938305426673,24086.130399645164,2126
2026-05-01 10:05:00,24086.130399645164,24089.756015319377,24070.160566561084,24077.200848462297,2219
2026-05-01 10:10:00,24077.200848462297,24083.8129446558,24062.54695340901,24068.230073408045,1773
2026-05-01 10:15:00,24068.230073408045,24075.26315299208,24059.86446992077,24072.888956304952,1876
2026-05-01 10:20:00,24072.888956304952,24076.714813872575,24030.12462350469,24036.0424100074,1991
2026-05-01 10:25:00,24036.0424100074,24039.743485344396,23995.937112640415,24002.87425146655,3931
2026-05-01 10:30:00,24002.87425146655,24003.573293529444,23989.105996440856,23992.077037980518,4421
2026-05-01 10:35:00,23992.077037980518,23999.048979551113,23966.725015201082,23972.637100168096,1046
2026-05-01 10:40:00,23972.637100168096,23983.714058505328,23958.995761219903,23978.6637699793,3914
2026-05-01 10:45:00,23978.6637699793,23981.020840112324,23959.481265332215,23961.245206777727,3870
2026-05-01 10:50:00,23961.245206777727,23964.063826659156,23928.760747069882,23934.172762542417,3983
2026-05-01 10:55:00,23934.172762542417,23972.756762406545,23927.785824932387,23962.23603521808,4891
2026-05-01 11:00:00,23962.23603521808,23964.36474641023,23952.044418901492,23957.907951215348,3703
2026-05-01 11:05:00,23957.907951215348,23961.078621641904,23957.35379251824,23959.20221882497,1268
2026-05-01 11:10:00,23959.20221882497,23959.23897312749,23929.44423107725,23931.893554901457,1369
2026-05-01 11:15:00,23931.893554901457,23933.57778919304,23919.485412083046,23921.471067368282,1635
2026-05-01 11:20:00,23921.471067368282,23933.75203900276,23915.534835320515,23923.59381258465,2129
2026-05-01 11:25:00,23923.59381258465,23926.61281693695,23901.471860653426,23901.565090322933,2693
2026-05-01 11:30:00,23901.565090322933,23911.207069431475,23891.14256851608,23908.748906834768,2682
2026-05-01 11:35:00,23908.748906834768,23914.50334056981,23895.363119152575,23897.260491137968,1656
2026-05-01 11:40:00,23897.260491137968,23898.41677713752,23872.187119317732,23891.683945920013,1119
2026-05-01 11:45:00,23891.683945920013,23894.579982530744,23875.701003265654,23880.183318553973,1830
2026-05-01 11:50:00,23880.183318553973,23929.102275646645,23874.04259467994,23915.569512636397,2810
2026-05-01 11:55:00,23915.569512636397,23916.822050981842,23907.628059352453,23915.31127758324,4675
2026-05-01 12:00:00,23915.31127758324,23917.15909691238,23891.616274348908,23895.074888697098,2081
2026-05-01 12:05:00,23895.074888697098,23911.33272490824,23893.472990700036,23910.798706516318,2974
2026-05-01 12:10:00,23910.798706516318,23924.56251220418,23882.328934708516,23887.445629103047,2369
2026-05-01 12:15:00,23887.445629103047,23891.627039694213,23884.054297695053,23891.43700331871,1740
2026-05-01 12:20:00,23891.43700331871,23891.86869919866,23853.460357207823,23853.981535069142,4545
2026-05-01 12:25:00,23853.981535069142,23871.608974629435,23822.582133021504,23828.635514680696,1116
2026-05-01 12:30:00,23828.635514680696,23833.763588749654,23817.806491967458,23832.388262389893,2853
2026-05-01 12:35:00,23832.388262389893,23848.625051889245,23829.195807079104,23846.46780019249,3838
2026-05-01 12:40:00,23846.46780019249,23849.985382725707,23840.341174310604,23849.737022751986,2150
2026-05-01 12:45:00,23849.737022751986,23858.098821910433,23845.99879572783,23847.53047785431,4464
2026-05-01 12:50:00,23847.53047785431,23855.70652842429,23832.875822990765,23841.78601420826,2931
2026-05-01 12:55:00,23841.78601420826,23847.164242146962,23812.348312641956,23813.58553027895,2012
2026-05-01 13:00:00,23813.58553027895,23819.236722357375,23797.120721698488,23799.87187297888,2664
2026-05-01 13:05:00,23799.87187297888,23806.364864450985,23784.792975440825,23791.101357996027,2081
2026-05-01 13:10:00,23791.101357996027,23821.242113413024,23790.004171122982,23811.22143962144,1633
2026-05-01 13:15:00,23811.22143962144,23827.783705169993,23810.80563341605,23817.767016568338,1512
2026-05-01 13:20:00,23817.767016568338,23821.960304227985,23776.01829161936,23784.173672839308,4822
2026-05-01 13:25:00,23784.173672839308,23805.973633681686,23781.620769824367,23790.340128369447,3849
2026-05-01 13:30:00,23790.340128369447,23797.40968719476,23779.00999423571,23783.011137626636,2119
2026-05-01 13:35:00,23783.011137626636,23787.051617189743,23762.408461628213,23770.13174284857,4709
2026-05-01 13:40:00,23770.13174284857,23782.474409181756,23762.617038766246,23781.76344362435,2141
2026-05-01 13:45:00,23781.76344362435,23804.973657430783,23771.934421520666,23801.378633027944,1559
2026-05-01 13:50:00,23801.378633027944,23830.191861035877,23794.68217436798,23819.11123361074,4672
2026-05-01 13:55:00,23819.11123361074,23819.601166347762,23799.44186734816,23803.11970118287,1487
2026-05-01 14:00:00,23803.11970118287,23810.705543919918,23793.563520857922,23797.231525826493,4308
2026-05-01 14:05:00,23797.231525826493,23806.92000051755,23793.554513115134,23803.53804788501,4956
2026-05-01 14:10:00,23803.53804788501,23828.685977330173,23776.025455697185,23822.11518832572,1896
2026-05-01 14:15:00,23822.11518832572,23833.192003104923,23808.9048513666,23812.983233214338,4343
2026-05-01 14:20:00,23812.983233214338,23818.57871246967,23801.335201176884,23809.446357935623,2212
2026-05-01 14:25:00,23809.446357935623,23811.746789853838,23781.565134315257,23788.37337936162,1703
2026-05-01 14:30:00,23788.37337936162,23794.17905475682,23760.964518628723,23765.608731511624,2470
2026-05-01 14:35:00,23765.608731511624,23789.838244426865,23763.360961857663,23781.05686813504,1580
2026-05-01 14:40:00,23781.05686813504,23808.483657117984,23775.64214107693,23806.859125132065,3837
2026-05-01 14:45:00,23806.859125132065,23816.194814154358,23799.968412944254,23805.487657276026,3908
2026-05-01 14:50:00,23805.487657276026,23836.088622485164,23803.7963825501,23824.599329287576,3294
2026-05-01 14:55:00,23824.599329287576,23832.81202610396,23821.130251670755,23831.491996007415,4147
2026-05-01 15:00:00,23831.491996007415,23833.350014426724,23818.607610222694,23819.192662992744,1153
2026-05-01 15:05:00,23819.192662992744,23831.667516332178,23802.65267348815,23826.079184236874,2679
2026-05-01 15:10:00,23826.079184236874,23864.24787357611,23812.732301735876,23855.39548905357,4506
2026-05-01 15:15:00,23855.39548905357,23864.845493472953,23849.80061187523,23854.71177358815,1996
2026-05-01 15:20:00,23854.71177358815,23888.310977464276,23843.170511904173,23884.571072338404,4157
2026-05-01 15:25:00,23884.571072338404,23886.69907779897,23831.139401852437,23834.51388183437,3744
2026-05-04 09:15:00,23834.51388183437,23861.639658458567,23825.700968707613,23855.27756833041,3261
2026-05-04 09:20:00,23855.27756833041,23858.827693323004,23840.736042238597,23842.30021461997,3286
2026-05-04 09:25:00,23842.30021461997,23842.6977050348,23833.812194509737,23837.27605363468,2079
2026-05-04 09:30:00,23837.27605363468,23837.706790267795,23820.206859443075,23831.92401544324,3397
2026-05-04 09:35:00,23831.92401544324,23842.215557261476,23818.79932940672,23820.40888886674,1106
2026-05-04 09:40:00,23820.40888886674,23823.149337770064,23808.753342511638,23809.942145797286,3878
2026-05-04 09:45:00,23809.942145797286,23837.16954963752,23804.173789936875,23830.833870088467,1047
2026-05-04 09:50:00,23830.833870088467,23872.793276864322,23824.22687351488,23871.119649897533,4644
2026-05-04 09:55:00,23871.119649897533,23871.437259136914,23855.782813457838,23861.60163059759,1336
2026-05-04 10:00:00,23861.60163059759,23870.020916201564,23845.742547192614,23855.409154645087,2049
2026-05-04 10:05:00,23855.409154645087,23868.6106274526,23850.848700341423,23865.42096453009,3851
2026-05-04 10:10:00,23865.42096453009,23936.76119315907,23860.72046258943,23926.26887832297,2280
2026-05-04 10:15:00,23926.26887832297,23929.9607378755,23920.676733410142,23927.87985354968,3055
2026-05-04 10:20:00,23927.87985354968,23947.843302083267,23921.61957531416,23946.498287454295,1624
2026-05-04 10:25:00,23946.498287454295,23988.625245872932,23941.677685572533,23976.0860987184,2890
2026-05-04 10:30:00,23976.0860987184,23990.380310484077,23973.66967792337,23982.68562443226,2276
2026-05-04 10:35:00,23982.68562443226,24001.63631188145,23979.128445680486,24000.45645954516,2715
2026-05-04 10:40:00,24000.45645954516,24025.53155327016,24000.444680361295,24012.127181482556,3766
2026-05-04 10:45:00,24012.127181482556,24042.61903362937,24009.058198673447,24031.961444280867,1302
2026-05-04 10:50:00,24031.961444280867,24038.302045449356,24002.8865146885,24012.074470241718,1638
2026-05-04 10:55:00,24012.074470241718,24021.702859802535,24011.414862921538,24015.998676014784,1055
2026-05-04 11:00:00,24015.998676014784,24033.691324520747,24009.24725629262,24025.24421547783,1725
2026-05-04 11:05:00,24025.24421547783,24045.659970821158,24021.140755680422,24034.221145587748,1525
2026-05-04 11:10:00,24034.221145587748,24059.12978680582,24031.238166110303,24056.083008056405,1473
2026-05-04 11:15:00,24056.083008056405,24075.106345022145,24046.397390317285,24064.68334919094,1027
2026-05-04 11:20:00,24064.68334919094,24078.507841038747,24023.824444182348,24042.64109032162,3125
2026-05-04 11:25:00,24042.64109032162,24060.162336638587,24037.91609621286,24054.014531257802,4287
2026-05-04 11:30:00,24054.014531257802,24059.559025777442,24032.73972375974,24037.02126175115,4457
2026-05-04 11:35:00,24037.02126175115,24041.021210497696,24014.831644483926,24023.572489735703,1364
2026-05-04 11:40:00,24023.572489735703,24028.856522778347,24014.065863175285,24015.529226979415,3713
2026-05-04 11:45:00,24015.529226979415,24023.484768170194,24013.031479507255,24013.388602271076,1525
2026-05-04 11:50:00,24013.388602271076,24018.874978443164,23972.144234950116,23983.732539879045,3746
2026-05-04 11:55:00,23983.732539879045,24009.117868262747,23974.56600485781,24005.16235871532,2335
2026-05-04 12:00:00,24005.16235871532,24022.872359493773,23976.722328291824,23982.9716810915,1882
2026-05-04 12:05:00,23982.9716810915,24013.510014754134,23982.134116719622,24013.09641595913,2030
2026-05-04 12:10:00,24013.09641595913,24019.17730806827,23988.893259500255,23991.485556324027,2026
2026-05-04 12:15:00,23991.485556324027,24025.879734398823,23979.116030706402,24016.08969575496,2646
2026-05-04 12:20:00,24016.08969575496,24018.15277283985,24009.303891653508,24015.543637934974,1918
2026-05-04 12:25:00,24015.543637934974,24015.872227055963,23981.821738763807,23982.566944988746,3797
2026-05-04 12:30:00,23982.566944988746,23985.367002560295,23960.9745687641,23962.55663183425,3410
2026-05-04 12:35:00,23962.55663183425,23989.90947457184,23949.013832394685,23987.98515381234,2774
2026-05-04 12:40:00,23987.98515381234,23997.342445966846,23981.0145200997,23996.594895998292,2531
2026-05-04 12:45:00,23996.594895998292,24002.667767225128,23990.43513849563,23995.083462143528,4345
2026-05-04 12:50:00,23995.083462143528,24002.759404003882,23943.820104795555,23952.53036892917,4577
2026-05-04 12:55:00,23952.53036892917,23984.205941343793,23951.495265371705,23979.15727286942,3853
2026-05-04 13:00:00,23979.15727286942,24022.005786602444,23978.236177793315,24015.03822391954,3786
2026-05-04 13:05:00,24015.03822391954,24057.833552564844,24011.570416262563,24047.46845876351,2906
2026-05-04 13:10:00,24047.46845876351,24052.530691182896,24027.354119121734,24035.63238682701,4086
2026-05-04 13:15:00,24035.63238682701,24044.02653616125,24031.28970421846,24042.993048643253,2215
2026-05-04 13:20:00,24042.993048643253,24056.792889265893,24029.87062022482,24052.459083409572,2654
2026-05-04 13:25:00,24052.459083409572,24054.68281469304,24016.47640086369,24023.067889981787,1484
2026-05-04 13:30:00,24023.067889981787,24031.852039789275,24007.393684977596,24026.536676952386,3075
2026-05-04 13:35:00,24026.536676952386,24050.461568324503,24011.88907287256,24047.123411721783,1713
2026-05-04 13:40:00,24047.123411721783,24069.34364159799,24034.39675854336,24061.83021369815,2062
2026-05-04 13:45:00,24061.83021369815,24071.592944385553,24029.62351017486,24040.44090569667,2976
2026-05-04 13:50:00,24040.44090569667,24044.468307264233,24017.306300958287,24023.850787413183,2296
2026-05-04 13:55:00,24023.850787413183,24044.80192080586,24019.807335003265,24039.045277041467,2254
2026-05-04 14:00:00,24039.045277041467,24060.868850132225,24033.61884695215,24051.215811758208,3133
2026-05-04 14:05:00,24051.215811758208,24053.549064451152,23995.78868104411,24007.843606258186,4545
2026-05-04 14:10:00,24007.843606258186,24019.80035807841,23960.3474595675,23960.661603019835,1125
2026-05-04 14:15:00,23960.661603019835,23973.08099589075,23951.47722908216,23959.194595960776,3859
2026-05-04 14:20:00,23959.194595960776,23969.92305392405,23947.346152845323,23947.892509930833,1536
2026-05-04 14:25:00,23947.892509930833,23952.535763212374,23939.64237230658,23942.177561428507,3192
2026-05-04 14:30:00,23942.177561428507,23945.076156758296,23929.87598313655,23934.29980754777,4596
2026-05-04 14:35:00,23934.29980754777,23965.24738829513,23930.503416032454,23953.141339174377,4283
2026-05-04 14:40:00,23953.141339174377,23967.56094031185,23943.941240869404,23955.125963946284,3072
2026-05-04 14:45:00,23955.125963946284,23961.276034417842,23945.771942459312,23960.254967491695,2603
2026-05-04 14:50:00,23960.254967491695,23967.710141870226,23934.160173609944,23934.525241436244,4465
2026-05-04 14:55:00,23934.525241436244,23936.74930767484,23866.61165010556,23870.110818002056,1066
2026-05-04 15:00:00,23870.110818002056,23899.950699746856,23854.744266404905,23891.566071472163,1232
2026-05-04 15:05:00,23891.566071472163,23933.305000167173,23887.889580536943,23932.5296941574,3156
2026-05-04 15:10:00,23932.5296941574,23943.49391303191,23917.22441539183,23925.97047954795,2169
2026-05-04 15:15:00,23925.97047954795,23935.16341719408,23917.641908857568,23930.742553438322,3158
2026-05-04 15:20:00,23930.742553438322,23947.268682718855,23930.44371086531,23936.95532486475,3275
2026-05-04 15:25:00,23936.95532486475,23970.896459596974,23930.49151637639,23969.036460603435,1110
2026-05-05 09:15:00,23969.036460603435,23983.072547164968,23964.87797235214,23976.736476522277,1804
2026-05-05 09:20:00,23976.736476522277,24014.678977583317,23970.18681487529,24008.32724645213,1074
2026-05-05 09:25:00,24008.32724645213,24040.43863963178,24002.05484541771,24036.742233555182,3885
2026-05-05 09:30:00,24036.742233555182,24075.026477001127,24025.11834494546,24074.934432624905,4217
2026-05-05 09:35:00,24074.934432624905,24082.5497813312,24035.86372685344,24045.600064155355,3175
2026-05-05 09:40:00,24045.600064155355,24049.059607487547,24021.374416786,24023.75001017157,4924
2026-05-05 09:45:00,24023.75001017157,24039.50461534049,24020.52102257027,24028.093451784218,3089
2026-05-05 09:50:00,24028.093451784218,24051.232909271752,24012.78204367499,24044.235475715177,2379
2026-05-05 09:55:00,24044.235475715177,24049.4346067906,24033.677876414236,24044.019511481252,1040
2026-05-05 10:00:00,24044.019511481252,24046.559459574888,24001.956036160213,24012.512343037743,3981
2026-05-05 10:05:00,24012.512343037743,24025.116740966798,24010.328844473195,24022.051614374883,3081
2026-05-05 10:10:00,24022.051614374883,24022.424621475515,24009.913344315024,24018.318560875425,4088
2026-05-05 10:15:00,24018.318560875425,24031.58346800728,24006.863325934373,24014.35575046273,2700
2026-05-05 10:20:00,24014.35575046273,24017.28267822793,23963.39730266029,23970.592941090556,4224
2026-05-05 10:25:00,23970.592941090556,23987.76058205,23953.119473846837,23985.885876484557,4045
2026-05-05 10:30:00,23985.885876484557,24004.827107201207,23971.85605742623,23988.672154899603,2401
2026-05-05 10:35:00,23988.672154899603,24027.993556993493,23984.614952393993,24023.12304611025,1587
2026-05-05 10:40:00,24023.12304611025,24039.3905317241,23995.97682335457,24021.691121021853,2622
2026-05-05 10:45:00,24021.691121021853,24039.30599744492,24019.12176990004,24032.574679169666,4700
2026-05-05 10:50:00,24032.574679169666,24071.469500698237,24030.856617355108,24048.56726511906,4945
2026-05-05 10:55:00,24048.56726511906,24049.882052750916,24010.882990952035,24014.973118159676,1341
2026-05-05 11:00:00,24014.973118159676,24083.8205675462,24013.377164000587,24065.245101260418,3074
2026-05-05 11:05:00,24065.245101260418,24068.02852293264,24050.970905905277,24056.951401737926,4896
2026-05-05 11:10:00,24056.951401737926,24076.07530128472,24050.29988524905,24066.469613508056,4358
2026-05-05 11:15:00,24066.469613508056,24093.24520088625,24066.010185274336,24078.802851432218,1645
2026-05-05 11:20:00,24078.802851432218,24083.99013744359,24056.238714732226,24063.107630324736,1730
2026-05-05 11:25:00,24063.107630324736,24109.99597838369,24054.28462712495,24098.662899530103,1167
2026-05-05 11:30:00,24098.662899530103,24112.30696132547,24082.943412348475,24103.79023263612,1609
2026-05-05 11:35:00,24103.79023263612,24108.709297416433,24094.103032719155,24099.67383290779,3315
2026-05-05 11:40:00,24099.67383290779,24114.487902001907,24095.16216217611,24102.344230281244,2772
2026-05-05 11:45:00,24102.344230281244,24121.45815240051,24083.751399754008,24117.080445936943,3040
2026-05-05 11:50:00,24117.080445936943,24122.801408171777,24116.00237361082,24117.28878210445,3868
2026-05-05 11:55:00,24117.28878210445,24135.844278454453,24111.409754537817,24134.30458877188,1454
2026-05-05 12:00:00,24134.30458877188,24140.58806866825,24088.175612451498,24101.774014855895,3953
2026-05-05 12:05:00,24101.774014855895,24108.545509619333,24086.317187615346,24087.352091924142,2708
2026-05-05 12:10:00,24087.352091924142,24093.678815799973,24039.08041261764,24046.137662934438,4472
2026-05-05 12:15:00,24046.137662934438,24086.032313064938,24039.91958360564,24084.553929377194,3969
2026-05-05 12:20:00,24084.553929377194,24127.14204396173,24080.049640155357,24122.78078169294,4028
2026-05-05 12:25:00,24122.78078169294,24144.299348759996,24122.68669918247,24134.87335931805,4547
2026-05-05 12:30:00,24134.87335931805,24139.41616191336,24114.876408065433,24115.321832195776,1701
2026-05-05 12:35:00,24115.321832195776,24165.01877258965,24103.071734570567,24161.42797913523,3681
2026-05-05 12:40:00,24161.42797913523,24164.463906635134,24143.22087372173,24149.74516562889,4629
2026-05-05 12:45:00,24149.74516562889,24152.56552881675,24143.95316148043,24145.626047403086,2599
2026-05-05 12:50:00,24145.626047403086,24157.65436791473,24140.43974217518,24148.707674568563,1129
2026-05-05 12:55:00,24148.707674568563,24165.39777934249,24143.717308529765,24157.430495763943,4067
2026-05-05 13:00:00,24157.430495763943,24173.771909456103,24154.047615659543,24169.872589046878,2845
2026-05-05 13:05:00,24169.872589046878,24192.95495750443,24159.957839595274,24183.097601553724,2386
2026-05-05 13:10:00,24183.097601553724,24193.23393066877,24173.350309555266,24180.301569504216,4776
2026-05-05 13:15:00,24180.301569504216,24198.236371164065,24178.652994681823,24193.225475498097,3866
2026-05-05 13:20:00,24193.225475498097,24197.69794995854,24184.135444595166,24189.563440643797,1692
2026-05-05 13:25:00,24189.563440643797,24205.35086045072,24182.269545888015,24200.77391843388,4363
2026-05-05 13:30:00,24200.77391843388,24217.049303608077,24197.089805923668,24210.401795143298,2394
2026-05-05 13:35:00,24210.401795143298,24226.965438247447,24208.00982440542,24225.176866678143,1793
2026-05-05 13:40:00,24225.176866678143,24245.188544966295,24224.473178313794,24237.540751573208,1028
2026-05-05 13:45:00,24237.540751573208,24239.339427355837,24225.505489958305,24228.96197339983,1148
2026-05-05 13:50:00,24228.96197339983,24238.329339589727,24221.579261289182,24237.85323044264,4850
2026-05-05 13:55:00,24237.85323044264,24256.396923947283,24233.291832190916,24250.52283600135,2319
2026-05-05 14:00:00,24250.52283600135,24256.6378035843,24216.377927584163,24225.474482818696,3058
2026-05-05 14:05:00,24225.474482818696,24225.754226873036,24217.496953900085,24220.163399152083,4583
2026-05-05 14:10:00,24220.163399152083,24235.170207681636,24216.73094198845,24231.946293400564,3723
2026-05-05 14:15:00,24231.946293400564,24265.68357663332,24230.736524516396,24265.081880546168,2136
2026-05-05 14:20:00,24265.081880546168,24282.48555900572,24257.97721155758,24281.094896993924,1186
2026-05-05 14:25:00,24281.094896993924,24317.80615853733,24280.95001367115,24315.52311947004,3854
2026-05-05 14:30:00,24315.52311947004,24324.2349125225,24305.340754119763,24307.77379356682,3791
2026-05-05 14:35:00,24307.77379356682,24314.660757386806,24307.30494993836,24312.639052679508,2250
2026-05-05 14:40:00,24312.639052679508,24333.553226491338,24302.84563070632,24328.31069388701,2333
2026-05-05 14:45:00,24328.31069388701,24334.922308466834,24270.63896895965,24283.033728071594,1097
2026-05-05 14:50:00,24283.033728071594,24317.288025293587,24282.394845221515,24312.383236473157,1054
2026-05-05 14:55:00,24312.383236473157,24317.161420389726,24270.403921356658,24276.188713119656,3670
2026-05-05 15:00:00,24276.188713119656,24298.796600160455,24264.384892000293,24295.55023730621,3711
2026-05-05 15:05:00,24295.55023730621,24309.003444937945,24291.050289764793,24308.899802323576,1757
2026-05-05 15:10:00,24308.899802323576,24325.502671204857,24254.66539489076,24263.401456822496,1405
2026-05-05 15:15:00,24263.401456822496,24275.261183822855,24211.380151228597,24218.96912703352,3116
2026-05-05 15:20:00,24218.96912703352,24247.522787516802,24217.353275777026,24246.723715300566,4383
2026-05-05 15:25:00,24246.723715300566,24278.51121430951,24244.561099248123,24270.286139438245,2312
2026-05-06 09:15:00,24270.286139438245,24293.970833832773,24269.161886800084,24282.378563532024,1241
2026-05-06 09:20:00,24282.378563532024,24292.801607985126,24280.767204328164,24288.1628252392,3043
2026-05-06 09:25:00,24288.1628252392,24289.948512477156,24253.370741824394,24254.75123167464,4936
2026-05-06 09:30:00,24254.75123167464,24266.681021595043,24246.118572210336,24260.25333604456,1001
2026-05-06 09:35:00,24260.25333604456,24264.97354574343,24253.087275813567,24254.80708353071,3272
2026-05-06 09:40:00,24254.80708353071,24267.911892116677,24246.181443472768,24262.075475183592,3848
2026-05-06 09:45:00,24262.075475183592,24264.06985989511,24238.81712162035,24241.71807342199,2768
2026-05-06 09:50:00,24241.71807342199,24242.08392838456,24195.023152786285,24200.616582371735,2949
2026-05-06 09:55:00,24200.616582371735,24202.38440647603,24188.911558783035,24193.823656958833,3636
2026-05-06 10:00:00,24193.823656958833,24200.559927141996,24169.818742525185,24173.579955622106,3163
2026-05-06 10:05:00,24173.579955622106,24174.284128868992,24134.622046102868,24139.14601214442,4737
2026-05-06 10:10:00,24139.14601214442,24154.370385506703,24133.700926019337,24153.97678037006,1917
2026-05-06 10:15:00,24153.97678037006,24193.17576687345,24146.89798107576,24184.917797136644,4174
2026-05-06 10:20:00,24184.917797136644,24187.323615711775,24164.456035568423,24169.498433166627,3241
2026-05-06 10:25:00,24169.498433166627,24173.980477611363,24167.731958603545,24168.033358854784,4237
2026-05-06 10:30:00,24168.033358854784,24171.685422862356,24147.4373647346,24162.082500413744,3918
2026-05-06 10:35:00,24162.082500413744,24165.09696671747,24143.98596997166,24149.346213988803,1089
2026-05-06 10:40:00,24149.346213988803,24162.923490158315,24136.99319549868,24162.169269807433,2709
2026-05-06 10:45:00,24162.169269807433,24185.43308826762,24152.14507849858,24181.69503697009,3169
2026-05-06 10:50:00,24181.69503697009,24190.358240181205,24156.65174234053,24164.891521643898,1142
2026-05-06 10:55:00,24164.891521643898,24166.456877645618,24161.578751902944,24165.75695083359,4041
2026-05-06 11:00:00,24165.75695083359,24201.474903389462,24164.93779125217,24190.590321308282,1105
2026-05-06 11:05:00,24190.590321308282,24208.509918910542,24181.700750717482,24203.924875315097,1886
2026-05-06 11:10:00,24203.924875315097,24237.975052229875,24203.27897707798,24220.14532800893,1427
2026-05-06 11:15:00,24220.14532800893,24247.44202695624,24211.673748121066,24246.651570371203,2328
2026-05-06 11:20:00,24246.651570371203,24285.37497761308,24242.70466520965,24272.93193743227,2895
2026-05-06 11:25:00,24272.93193743227,24294.142884008063,24266.544986442288,24292.906475474898,2994
2026-05-06 11:30:00,24292.906475474898,24295.74519433651,24289.526915385486,24295.723236324557,1316
2026-05-06 11:35:00,24295.723236324557,24296.358148029485,24284.07881999329,24288.28907509675,2986
2026-05-06 11:40:00,24288.28907509675,24297.189000344904,24284.760162682807,24290.299713398166,1634
2026-05-06 11:45:00,24290.299713398166,24300.34332569242,24277.33192103529,24279.914994540282,2925
2026-05-06 11:50:00,24279.914994540282,24284.89421567577,24228.559190617583,24241.990022296555,3056
2026-05-06 11:55:00,24241.990022296555,24242.95770012485,24232.44929465977,24236.569531445064,3821
2026-05-06 12:00:00,24236.569531445064,24251.688817836002,24228.109862584344,24243.501699179524,4144
2026-05-06 12:05:00,24243.501699179524,24254.36639761304,24225.355821010256,24232.111725477527,4430
2026-05-06 12:10:00,24232.111725477527,24237.317191053327,24222.70292418232,24228.374556403305,3270
2026-05-06 12:15:00,24228.374556403305,24232.769300889457,24220.736254766933,24225.3889090034,2439
2026-05-06 12:20:00,24225.3889090034,24251.910397054075,24222.461743449276,24251.685215442816,1552
2026-05-06 12:25:00,24251.685215442816,24255.371966299528,24239.693987073028,24244.711647743334,4441
2026-05-06 12:30:00,24244.711647743334,24272.48604854527,24236.251063770163,24271.02459587353,1715
2026-05-06 12:35:00,24271.02459587353,24277.621720989457,24199.727476146854,24218.356657118555,2287
2026-05-06 12:40:00,24218.356657118555,24251.561357565304,24209.523592471753,24244.47093874622,4911
2026-05-06 12:45:00,24244.47093874622,24271.349213227542,24243.34904539166,24269.634878624252,2713
2026-05-06 12:50:00,24269.634878624252,24287.896918028502,24268.479725337387,24287.152791816803,2883
2026-05-06 12:55:00,24287.152791816803,24291.167951776704,24239.429656809556,24248.061783858066,4389
2026-05-06 13:00:00,24248.061783858066,24268.109654221247,24245.368725570865,24267.826611706805,2107
2026-05-06 13:05:00,24267.826611706805,24268.14164470238,24266.683904293204,24266.85358493464,2341
2026-05-06 13:10:00,24266.85358493464,24274.355489219706,24213.028069186435,24217.75033587741,1110
2026-05-06 13:15:00,24217.75033587741,24244.002381351573,24210.941101574845,24242.901490773358,1250
2026-05-06 13:20:00,24242.901490773358,24277.192507777603,24241.72600766567,24270.910247316468,3430
2026-05-06 13:25:00,24270.910247316468,24274.876119713175,24224.179546777403,24233.930854067534,3054
2026-05-06 13:30:00,24233.930854067534,24251.996959598935,24223.562665803154,24237.331767834872,1458
2026-05-06 13:35:00,24237.331767834872,24267.236596433984,24232.9242205127,24264.25636279512,2107
2026-05-06 13:40:00,24264.25636279512,24292.784076750497,24253.433746567873,24288.135522376975,1207
2026-05-06 13:45:00,24288.135522376975,24312.413138894182,24285.829902573467,24304.38061366941,1899
2026-05-06 13:50:00,24304.38061366941,24304.844470744898,24249.6734859188,24252.90874041048,4461
2026-05-06 13:55:00,24252.90874041048,24271.707214217193,24245.66666156882,24267.063567723635,4385
2026-05-06 14:00:00,24267.063567723635,24270.51540401088,24256.345826947392,24262.82937479067,1021
2026-05-06 14:05:00,24262.82937479067,24285.543001170194,24250.325814712338,24282.159231831392,1409
2026-05-06 14:10:00,24282.159231831392,24294.05959954644,24279.999632919076,24287.13535448959,1894
2026-05-06 14:15:00,24287.13535448959,24289.45092763782,24286.451368687354,24286.74906060147,1514
2026-05-06 14:20:00,24286.74906060147,24303.79046219429,24285.88203840888,24299.201437371532,4198
2026-05-06 14:25:00,24299.201437371532,24300.62186775744,24287.274147843644,24295.859551264773,1808
2026-05-06 14:30:00,24295.859551264773,24297.016090864407,24288.55808749988,24295.387681358738,4771
2026-05-06 14:35:00,24295.387681358738,24295.691044453364,24272.802589471954,24284.596175511673,1873
2026-05-06 14:40:00,24284.596175511673,24288.647258854646,24244.56531364413,24253.40680827371,1013
2026-05-06 14:45:00,24253.40680827371,24268.36937447099,24248.007384450226,24264.424713319204,1970
2026-05-06 14:50:00,24264.424713319204,24269.075410424444,24241.941373188234,24248.778423712567,4025
2026-05-06 14:55:00,24248.778423712567,24260.18001406653,24238.729807849937,24244.88325773744,4061
2026-05-06 15:00:00,24244.88325773744,24252.94554266818,24242.531337652177,24250.449377834022,4083
2026-05-06 15:05:00,24250.449377834022,24256.139229381315,24209.649661377163,24209.995405908383,3134
2026-05-06 15:10:00,24209.995405908383,24214.46228087711,24163.265906305274,24173.944807182936,4595
2026-05-06 15:15:00,24173.944807182936,24175.745255281312,24167.49778297869,24168.14811613691,3956
2026-05-06 15:20:00,24168.14811613691,24181.251669740857,24159.567836877224,24176.936882191632,2560
2026-05-06 15:25:00,24176.936882191632,24198.521125551917,24172.14471896002,24191.32773523757,2324
2026-05-07 09:15:00,24191.32773523757,24192.617780561108,24160.096573218725,24161.183738719534,2125
2026-05-07 09:20:00,24161.183738719534,24184.956483681926,24149.33778575329,24181.563475855528,3601
2026-05-07 09:25:00,24181.563475855528,24226.910626663255,24174.146209618342,24213.899453994436,3335
2026-05-07 09:30:00,24213.899453994436,24215.162751544907,24194.07237263382,24209.947153215704,2190
2026-05-07 09:35:00,24209.947153215704,24217.85971476382,24200.135414985434,24206.343618690087,3668
2026-05-07 09:40:00,24206.343618690087,24230.290375212626,24199.231231647245,24226.536844418162,2005
2026-05-07 09:45:00,24226.536844418162,24236.665267008473,24216.952114552554,24236.343574232866,1035
2026-05-07 09:50:00,24236.343574232866,24245.340165404195,24196.985080776663,24197.615616169544,1743
2026-05-07 09:55:00,24197.615616169544,24202.18351359417,24174.639943141006,24181.28952063791,2764
2026-05-07 10:00:00,24181.28952063791,24182.67465694747,24179.868552836026,24181.027404202545,1352
2026-05-07 10:05:00,24181.027404202545,24187.51684161388,24145.93160319083,24154.530836827784,4747
2026-05-07 10:10:00,24154.530836827784,24160.915655771918,24134.2800411987,24145.368070309192,2922
2026-05-07 10:15:00,24145.368070309192,24157.07344416403,24118.692682442732,24119.393730684154,1072
2026-05-07 10:20:00,24119.393730684154,24133.660367153814,24102.05515049187,24112.251097735472,3695
2026-05-07 10:25:00,24112.251097735472,24113.792849562127,24102.38183396046,24105.757712354374,2376
2026-05-07 10:30:00,24105.757712354374,24113.03127600454,24102.667416775625,24112.5411627609,2914
2026-05-07 10:35:00,24112.5411627609,24115.43549578283,24107.43156176306,24110.771122379298,2093
2026-05-07 10:40:00,24110.771122379298,24121.540419329456,24093.79438497381,24120.469240688657,3472
2026-05-07 10:45:00,24120.469240688657,24139.98942128467,24116.688946060924,24127.87024983644,4046
2026-05-07 10:50:00,24127.87024983644,24150.877117659387,24126.373039349557,24147.7774798885,1707
2026-05-07 10:55:00,24147.7774798885,24179.793351611817,24129.987018726268,24164.657414639547,2804
2026-05-07 11:00:00,24164.657414639547,24184.821356767763,24157.56102652833,24179.50657410199,3608
2026-05-07 11:05:00,24179.50657410199,24243.24130440974,24177.662288011135,24239.565904020652,3875
2026-05-07 11:10:00,24239.565904020652,24250.66690764538,24236.079683416556,24246.30261530555,4713
2026-05-07 11:15:00,24246.30261530555,24302.514839930835,24244.002610485157,24296.610230935148,1955
2026-05-07 11:20:00,24296.610230935148,24307.9652798651,24296.12631240375,24304.622638814617,3564
2026-05-07 11:25:00,24304.622638814617,24308.952530492723,24302.345073237066,24303.01171063891,3475
2026-05-07 11:30:00,24303.01171063891,24303.761537509232,24286.176160035415,24295.75648040425,4610
2026-05-07 11:35:00,24295.75648040425,24325.295957237096,24291.818219549506,24325.10042468528,1159
2026-05-07 11:40:00,24325.10042468528,24361.909320941664,24321.352845895806,24357.024752508503,3196
2026-05-07 11:45:00,24357.024752508503,24372.490745911316,24350.090746062167,24368.711912689214,3823
2026-05-07 11:50:00,24368.711912689214,24393.54260323238,24363.871463936328,24390.810372519147,4301
2026-05-07 11:55:00,24390.810372519147,24394.520330129395,24359.87524828235,24365.888418768558,2735
2026-05-07 12:00:00,24365.888418768558,24367.337867821658,24334.60089898607,24335.6985016961,2585
2026-05-07 12:05:00,24335.6985016961,24361.859886402646,24332.32827813772,24359.962689957956,1066
2026-05-07 12:10:00,24359.962689957956,24361.282844988913,24349.07101179271,24357.4913912719,4061
2026-05-07 12:15:00,24357.4913912719,24377.588738013925,24350.171222605542,24372.09229301687,4883
2026-05-07 12:20:00,24372.09229301687,24378.22810033094,24357.60649665011,24358.106846523275,3428
2026-05-07 12:25:00,24358.106846523275,24403.679025727266,24339.50177132083,24390.395728274096,1057
2026-05-07 12:30:00,24390.395728274096,24397.639867779562,24357.319932372284,24360.33859147842,4330
2026-05-07 12:35:00,24360.33859147842,24363.554210186638,24329.107115489816,24333.335933995204,1341
2026-05-07 12:40:00,24333.335933995204,24373.24380089593,24324.86295087105,24361.451869163066,4909
2026-05-07 12:45:00,24361.451869163066,24368.256091839554,24307.211871750525,24310.588240982357,2153
2026-05-07 12:50:00,24310.588240982357,24320.39118760805,24302.701256789314,24317.95082648085,3774
2026-05-07 12:55:00,24317.95082648085,24319.455069129403,24314.575260658454,24315.862867854194,2195
2026-05-07 13:00:00,24315.862867854194,24320.27137198832,24299.611706045944,24301.54662309851,3817
2026-05-07 13:05:00,24301.54662309851,24303.928446808284,24285.86392456802,24297.659545056642,3661
2026-05-07 13:10:00,24297.659545056642,24306.575742078803,24278.45311802783,24281.185275223415,2232
2026-05-07 13:15:00,24281.185275223415,24316.206799540683,24273.39210377069,24311.14351711767,4874
2026-05-07 13:20:00,24311.14351711767,24347.05357007255,24304.48507362958,24346.239027270774,3401
2026-05-07 13:25:00,24346.239027270774,24351.847041634384,24329.703423473038,24332.882922312427,2494
2026-05-07 13:30:00,24332.882922312427,24344.013808808566,24326.36951815734,24338.24637398093,2821
2026-05-07 13:35:00,24338.24637398093,24341.10435717958,24308.167269149923,24312.446343889726,1115
2026-05-07 13:40:00,24312.446343889726,24344.041435987387,24307.479265597947,24333.31716232169,4335
2026-05-07 13:45:00,24333.31716232169,24360.268300841777,24331.53012174411,24353.69892737646,1661
2026-05-07 13:50:00,24353.69892737646,24363.492976379555,24339.710620824633,24347.946345360473,4883
2026-05-07 13:55:00,24347.946345360473,24356.78083113501,24344.680215938082,24348.275238557628,2465
2026-05-07 14:00:00,24348.275238557628,24358.04947783492,24342.168294208997,24346.44881697935,4619
2026-05-07 14:05:00,24346.44881697935,24358.035588122715,24314.340408503893,24314.925856331243,3500
2026-05-07 14:10:00,24314.925856331243,24359.74846043557,24306.9510160291,24344.998637309225,2868
2026-05-07 14:15:00,24344.998637309225,24352.823613420143,24320.486311582903,24330.06145686485,4548
2026-05-07 14:20:00,24330.06145686485,24346.20828201835,24314.213630759365,24315.265874056506,3334
2026-05-07 14:25:00,24315.265874056506,24323.3773571295,24304.58374038447,24312.339875053327,4374
2026-05-07 14:30:00,24312.339875053327,24347.406091661043,24306.942193396448,24331.70316750889,2016
2026-05-07 14:35:00,24331.70316750889,24344.61088037435,24316.116631137887,24320.193236059604,1310
2026-05-07 14:40:00,24320.193236059604,24320.497401691267,24273.54286946861,24282.211218605917,1207
2026-05-07 14:45:00,24282.211218605917,24283.904167863235,24259.635672163597,24264.98059919701,3665
2026-05-07 14:50:00,24264.98059919701,24276.49886623062,24255.137525977727,24273.214006429243,3493
2026-05-07 14:55:00,24273.214006429243,24323.388040877937,24268.357079008016,24315.735828314548,3717
2026-05-07 15:00:00,24315.735828314548,24315.75612493344,24279.93511865956,24291.22712346083,1632
2026-05-07 15:05:00,24291.22712346083,24303.035790824873,24261.534669625176,24266.03222834095,3102
2026-05-07 15:10:00,24266.03222834095,24270.563159096633,24222.879063714703,24236.668475403516,3959
2026-05-07 15:15:00,24236.668475403516,24237.093112538863,24192.526891242447,24204.933466603892,4083
2026-05-07 15:20:00,24204.933466603892,24228.931727349685,24201.93792707364,24228.28041186191,1656
2026-05-07 15:25:00,24228.28041186191,24265.848610264027,24225.44598953354,24257.25139900778,2423
2026-05-08 09:15:00,24257.25139900778,24287.53403168774,24253.55578912486,24280.617303516257,1335
2026-05-08 09:20:00,24280.617303516257,24312.641165151843,24276.69625518884,24301.815450234335,3745
2026-05-08 09:25:00,24301.815450234335,24332.28652948729,24293.996287620237,24313.657979992728,2078
2026-05-08 09:30:00,24313.657979992728,24320.473000422462,24289.751810255217,24292.411484818786,3547
2026-05-08 09:35:00,24292.411484818786,24302.372918756308,24280.148045549697,24286.262425412977,3947
2026-05-08 09:40:00,24286.262425412977,24311.470915412916,24278.65007233183,24309.831712684463,4959
2026-05-08 09:45:00,24309.831712684463,24321.12234684766,24295.491173352006,24312.587804141607,3813
2026-05-08 09:50:00,24312.587804141607,24370.866555702705,24297.590289224554,24357.69892661164,3583
2026-05-08 09:55:00,24357.69892661164,24369.321061429633,24349.637441443967,24365.36318062319,1161
2026-05-08 10:00:00,24365.36318062319,24374.656637722,24363.745903155082,24369.10665780063,4741
2026-05-08 10:05:00,24369.10665780063,24373.32137083402,24361.057136732306,24363.080344131962,1593
2026-05-08 10:10:00,24363.080344131962,24384.622872996926,24360.833531908847,24365.683118365916,2938
2026-05-08 10:15:00,24365.683118365916,24369.676004105302,24356.74902198016,24362.71109299123,3206
2026-05-08 10:20:00,24362.71109299123,24379.377495222583,24356.422052891205,24376.512250681313,4259
2026-05-08 10:25:00,24376.512250681313,24405.992592620503,24372.248232384,24395.16910327779,1059
2026-05-08 10:30:00,24395.16910327779,24396.511032152725,24378.607306963095,24379.8296266358,3962
2026-05-08 10:35:00,24379.8296266358,24379.941602090134,24351.800866327798,24353.865440554917,4888
2026-05-08 10:40:00,24353.865440554917,24358.097836724563,24316.27617370013,24318.09048169269,4390
2026-05-08 10:45:00,24318.09048169269,24328.84592933298,24306.36420914679,24327.973184934115,2901
2026-05-08 10:50:00,24327.973184934115,24335.07502346437,24302.918881709462,24306.499046367597,3258
2026-05-08 10:55:00,24306.499046367597,24315.224385586836,24259.286197332065,24264.63565985197,1405
2026-05-08 11:00:00,24264.63565985197,24273.3329918979,24259.810288110984,24272.178634463296,1663
2026-05-08 11:05:00,24272.178634463296,24320.786276890572,24263.63380433577,24320.5870581615,2132
2026-05-08 11:10:00,24320.5870581615,24327.396345555673,24319.148180896642,24320.4689396554,2099
2026-05-08 11:15:00,24320.4689396554,24340.01934990168,24311.007071322332,24336.782930724392,1541
2026-05-08 11:20:00,24336.782930724392,24344.83649976231,24333.86479504784,24338.376101393456,2337
2026-05-08 11:25:00,24338.376101393456,24339.638869268958,24331.69513606544,24336.450650535935,1997
2026-05-08 11:30:00,24336.450650535935,24366.850559412793,24332.591254399398,24354.344298113774,2140
2026-05-08 11:35:00,24354.344298113774,24364.36782394715,24344.405582667147,24348.68874116165,3974
2026-05-08 11:40:00,24348.68874116165,24365.686215496746,24339.643570437715,24353.897262943345,1867
2026-05-08 11:45:00,24353.897262943345,24370.916324750215,24353.74184920501,24360.164939200793,4775
2026-05-08 11:50:00,24360.164939200793,24361.694686991123,24344.88934363353,24347.14510428475,3066
2026-05-08 11:55:00,24347.14510428475,24371.358705319206,24334.711882008036,24366.46782351176,1431
2026-05-08 12:00:00,24366.46782351176,24374.069464743246,24361.29765743393,24363.05730248622,4756
2026-05-08 12:05:00,24363.05730248622,24367.483696315587,24329.32350263614,24348.327492384782,1739
2026-05-08 12:10:00,24348.327492384782,24372.121795848016,24344.1967281692,24358.77798628409,2373
2026-05-08 12:15:00,24358.77798628409,24363.732020021427,24328.411760342366,24341.269520607104,1182
2026-05-08 12:20:00,24341.269520607104,24345.38128797665,24335.768333174987,24341.81829272464,3160
2026-05-08 12:25:00,24341.81829272464,24357.572134083257,24338.85730821916,24341.640714357185,2206
2026-05-08 12:30:00,24341.640714357185,24367.213769171314,24332.222304912117,24362.786698130614,3528
2026-05-08 12:35:00,24362.786698130614,24377.46458869779,24357.86652602957,24372.03867556552,2169
2026-05-08 12:40:00,24372.03867556552,24374.22698666901,24370.538393049952,24371.550709160347,1830
2026-05-08 12:45:00,24371.550709160347,24397.018758138824,24362.599295195687,24387.494895423708,2651
2026-05-08 12:50:00,24387.494895423708,24426.054948763736,24385.965629337683,24414.617839027902,2136
2026-05-08 12:55:00,24414.617839027902,24425.74733471889,24408.388299471764,24425.512819392905,3810
2026-05-08 13:00:00,24425.512819392905,24431.235944910688,24421.258944503355,24425.715113831862,1475
2026-05-08 13:05:00,24425.715113831862,24429.08565838898,24395.772675124426,24400.081083361958,3810
2026-05-08 13:10:00,24400.081083361958,24405.041976353976,24367.076669715378,24379.289995568324,2326
2026-05-08 13:15:00,24379.289995568324,24394.015481042574,24370.451227635247,24373.337066303302,1970
2026-05-08 13:20:00,24373.337066303302,24374.33541279708,24352.712354740244,24361.452389223898,4896
2026-05-08 13:25:00,24361.452389223898,24364.122318297614,24354.55961123521,24357.808475227233,2019
2026-05-08 13:30:00,24357.808475227233,24360.261953059948,24349.064279057093,24358.91236964386,2141
2026-05-08 13:35:00,24358.91236964386,24379.083092112738,24354.45627514461,24369.234561152825,2836
2026-05-08 13:40:00,24369.234561152825,24376.337808275035,24366.880446672825,24367.86016014579,1160
2026-05-08 13:45:00,24367.86016014579,24386.123034257078,24367.75278418324,24377.344163365342,3448
2026-05-08 13:50:00,24377.344163365342,24383.405784528357,24371.604042471965,24378.601535364985,1197
2026-05-08 13:55:00,24378.601535364985,24386.258203071928,24335.340487383415,24340.074245550924,2283
2026-05-08 14:00:00,24340.074245550924,24343.992895903102,24320.900948565533,24321.783450969306,1659
2026-05-08 14:05:00,24321.783450969306,24330.434982875297,24315.919097588263,24318.979877906713,2775
2026-05-08 14:10:00,24318.979877906713,24324.225141235278,24288.97643898917,24295.44504421906,2070
2026-05-08 14:15:00,24295.44504421906,24314.368783457503,24292.256570990667,24307.105472611114,3010
2026-05-08 14:20:00,24307.105472611114,24342.397377711815,24301.837772654264,24336.87197015837,1398
2026-05-08 14:25:00,24336.87197015837,24370.991499632048,24334.14989235176,24360.600651075867,2733
2026-05-08 14:30:00,24360.600651075867,24371.57266793766,24343.82216591147,24356.44097384343,2582
2026-05-08 14:35:00,24356.44097384343,24387.848611973128,24353.520859293647,24385.48800037171,3125
2026-05-08 14:40:00,24385.48800037171,24390.223487064988,24383.844286366606,24388.388263166627,3171
2026-05-08 14:45:00,24388.388263166627,24398.10601749271,24374.990000179092,24381.811476333278,1074
2026-05-08 14:50:00,24381.811476333278,24385.880044901285,24359.477175174383,24369.846781852044,4942
2026-05-08 14:55:00,24369.846781852044,24373.17975639865,24351.079792631663,24363.949869919346,3184
2026-05-08 15:00:00,24363.949869919346,24379.774272499177,24345.236012233414,24356.38385348126,1601
2026-05-08 15:05:00,24356.38385348126,24364.40720598946,24347.158258560146,24359.704431822895,4471
2026-05-08 15:10:00,24359.704431822895,24369.615104008088,24355.671501426223,24362.833659597145,1836
2026-05-08 15:15:00,24362.833659597145,24363.30972874191,24344.136164497693,24362.893027343,2528
2026-05-08 15:20:00,24362.893027343,24373.372881346226,24358.769016176895,24371.409089654277,1499
2026-05-08 15:25:00,24371.409089654277,24405.809195042853,24370.059757061805,24394.623271609387,2596
2026-05-11 09:15:00,24394.623271609387,24416.44021784492,24391.481261048553,24408.635354107842,4655
2026-05-11 09:20:00,24408.635354107842,24447.186090669456,24405.834892174284,24441.353614385887,2110
2026-05-11 09:25:00,24441.353614385887,24480.138262646768,24437.76737280181,24474.198720444798,4333
2026-05-11 09:30:00,24474.198720444798,24495.74329553164,24472.01579583983,24488.587464158714,3261
2026-05-11 09:35:00,24488.587464158714,24491.96319614949,24470.37920975222,24477.157908555233,4736
2026-05-11 09:40:00,24477.157908555233,24488.779129274702,24447.988243751774,24451.684006381063,4793
2026-05-11 09:45:00,24451.684006381063,24454.47052897598,24417.935144675826,24424.29410936938,2936
2026-05-11 09:50:00,24424.29410936938,24437.692741832983,24366.69808527046,24369.462211755672,3620
2026-05-11 09:55:00,24369.462211755672,24397.757853933905,24365.11151855023,24382.989325193295,1779
2026-05-11 10:00:00,24382.989325193295,24384.9531428839,24372.114960625535,24380.98337527979,1261
2026-05-11 10:05:00,24380.98337527979,24403.818773445288,24370.319460586346,24398.71744267085,1729
2026-05-11 10:10:00,24398.71744267085,24432.171129534563,24394.94298035373,24426.591152036835,1282
2026-05-11 10:15:00,24426.591152036835,24439.654530456377,24425.134796883216,24428.54343353662,4719
2026-05-11 10:20:00,24428.54343353662,24435.19552910181,24426.343724413153,24431.39593715463,2490
2026-05-11 10:25:00,24431.39593715463,24440.247422983415,24420.253092141018,24422.320741812153,4451
2026-05-11 10:30:00,24422.320741812153,24438.469055589092,24410.09068948259,24415.55899410021,1361
2026-05-11 10:35:00,24415.55899410021,24437.391224126684,24412.7805284894,24429.78779419894,4520
2026-05-11 10:40:00,24429.78779419894,24430.719532441395,24418.03577753579,24426.379838208195,1440
2026-05-11 10:45:00,24426.379838208195,24432.807775877845,24410.522106634548,24420.14607625667,3140
2026-05-11 10:50:00,24420.14607625667,24424.00899619136,24415.544648913892,24419.78823595007,2644
2026-05-11 10:55:00,24419.78823595007,24440.85938847965,24412.815039842917,24437.10343250603,3800
2026-05-11 11:00:00,24437.10343250603,24438.99149360473,24421.337498361383,24423.5621188001,1866
2026-05-11 11:05:00,24423.5621188001,24428.906883425083,24412.682018315132,24422.262228095216,2447
2026-05-11 11:10:00,24422.262228095216,24432.99908462987,24419.498031912106,24427.054419833592,1141
2026-05-11 11:15:00,24427.054419833592,24456.5801481799,24424.28695039114,24449.72706269596,2314
2026-05-11 11:20:00,24449.72706269596,24457.426190143633,24444.926209337893,24445.04646999218,2455
2026-05-11 11:25:00,24445.04646999218,24455.170703860706,24428.035740863295,24431.00868916875,3796
2026-05-11 11:30:00,24431.00868916875,24451.234613580822,24421.048208651177,24421.54194801818,2875
2026-05-11 11:35:00,24421.54194801818,24449.91311639371,24417.579289896614,24442.115777037427,2847
2026-05-11 11:40:00,24442.115777037427,24490.89940510657,24435.628220723112,24481.874403852253,2712
2026-05-11 11:45:00,24481.874403852253,24483.436921576827,24448.783382936148,24456.14380081886,3700
2026-05-11 11:50:00,24456.14380081886,24467.63088976036,24419.636738853897,24434.714317776128,1700
2026-05-11 11:55:00,24434.714317776128,24444.227399471914,24427.241639741762,24431.414716767467,1997
2026-05-11 12:00:00,24431.414716767467,24452.2286447605,24415.03727255305,24433.583368286178,3096
2026-05-11 12:05:00,24433.583368286178,24450.306989457764,24427.891698388823,24448.96615747681,2325
2026-05-11 12:10:00,24448.96615747681,24449.656371217065,24416.20834193874,24431.536332861528,1880
2026-05-11 12:15:00,24431.536332861528,24433.897442282178,24407.9720429182,24410.75762321777,2213
2026-05-11 12:20:00,24410.75762321777,24419.180199359773,24408.69233448857,24413.454272838593,2159
2026-05-11 12:25:00,24413.454272838593,24417.612031199165,24407.529740109105,24408.407509505112,1554
2026-05-11 12:30:00,24408.407509505112,24433.85692401126,24406.80665448272,24426.50333651409,1403
2026-05-11 12:35:00,24426.50333651409,24440.630068718467,24425.874302292978,24436.02693320106,1891
2026-05-11 12:40:00,24436.02693320106,24449.378390387417,24431.774859233814,24446.883944958587,3912
2026-05-11 12:45:00,24446.883944958587,24450.862441119774,24438.754062384105,24444.840550279154,1601
2026-05-11 12:50:00,24444.840550279154,24498.67730168471,24440.78636099758,24490.905977338418,2830
2026-05-11 12:55:00,24490.905977338418,24491.20732878424,24469.678492222705,24474.49221169849,1340
2026-05-11 13:00:00,24474.49221169849,24493.228339116133,24463.27513375019,24486.451620113738,4828
2026-05-11 13:05:00,24486.451620113738,24495.073742917368,24458.9588717628,24461.579458160926,2968
2026-05-11 13:10:00,24461.579458160926,24467.90463830496,24434.7479305924,24440.572486245095,1703
2026-05-11 13:15:00,24440.572486245095,24443.238067519727,24424.59952702252,24428.697386940436,1317
2026-05-11 13:20:00,24428.697386940436,24464.96719476406,24412.186859372607,24460.53918432901,3665
2026-05-11 13:25:00,24460.53918432901,24467.73674487902,24456.834655985156,24465.703184374324,2386
2026-05-11 13:30:00,24465.703184374324,24469.54916776506,24448.313176221778,24454.14601544481,4893
2026-05-11 13:35:00,24454.14601544481,24470.69720314522,24442.2172016465,24461.47123191551,3429
2026-05-11 13:40:00,24461.47123191551,24465.709284747307,24457.83240404071,24462.159047027773,3280
2026-05-11 13:45:00,24462.159047027773,24463.886679343395,24449.938857562778,24452.53126238555,2800
2026-05-11 13:50:00,24452.53126238555,24454.629179096624,24415.001906180256,24425.21037377906,2367
2026-05-11 13:55:00,24425.21037377906,24456.465726058177,24416.22726967587,24453.319736031724,2572
2026-05-11 14:00:00,24453.319736031724,24467.167707904435,24447.55297829786,24457.42433586194,1816
2026-05-11 14:05:00,24457.42433586194,24507.91691754843,24456.960450990984,24499.955569297985,1552
2026-05-11 14:10:00,24499.955569297985,24523.805072912743,24488.772361326315,24518.385839637267,4600
2026-05-11 14:15:00,24518.385839637267,24533.371945140494,24517.050174731554,24529.199815423424,1855
2026-05-11 14:20:00,24529.199815423424,24529.713303904686,24508.086716012363,24520.659644273677,2812
2026-05-11 14:25:00,24520.659644273677,24528.324945800483,24490.937939166928,24499.17276766232,3866
2026-05-11 14:30:00,24499.17276766232,24502.53188600784,24494.09751027678,24494.905384457634,4642
2026-05-11 14:35:00,24494.905384457634,24497.12377417514,24465.630064465407,24472.873831882018,1182
2026-05-11 14:40:00,24472.873831882018,24487.393100240555,24469.433560590296,24485.603453605476,4112
2026-05-11 14:45:00,24485.603453605476,24520.961380116692,24475.083188541746,24517.58463891439,2574
2026-05-11 14:50:00,24517.58463891439,24523.88878658823,24510.470367629383,24512.467088060108,1396
2026-05-11 14:55:00,24512.467088060108,24532.231522092072,24502.160337856327,24530.98853116068,2727
2026-05-11 15:00:00,24530.98853116068,24536.758483677928,24509.305197499783,24517.462554827216,3826
2026-05-11 15:05:00,24517.462554827216,24521.93923874347,24508.86260095105,24511.529979323353,2517
2026-05-11 15:10:00,24511.529979323353,24519.928590219504,24491.85573307183,24495.54916801156,4730
2026-05-11 15:15:00,24495.54916801156,24510.355835070037,24447.174197361666,24453.747355897576,1906
2026-05-11 15:20:00,24453.747355897576,24465.356745777557,24446.203793578803,24453.0326540504,2356
2026-05-11 15:25:00,24453.0326540504,24459.312825274697,24450.441556464935,24455.545481677556,3174
2026-05-12 09:15:00,24455.545481677556,24459.669919400254,24445.90024608277,24455.15839313667,4081
2026-05-12 09:20:00,24455.15839313667,24456.693359355188,24434.657851180546,24441.299033383417,4555
2026-05-12 09:25:00,24441.299033383417,24453.642658261502,24406.91345190967,24411.70131648663,2479
2026-05-12 09:30:00,24411.70131648663,24417.603114295587,24372.131111755567,24376.487150719695,2589
2026-05-12 09:35:00,24376.487150719695,24383.543058750663,24335.55616135997,24345.59461515196,2587
2026-05-12 09:40:00,24345.59461515196,24362.599519834803,24329.996337558892,24350.797300877104,1659
2026-05-12 09:45:00,24350.797300877104,24369.728472394287,24327.87529731982,24360.707588815152,1159
2026-05-12 09:50:00,24360.707588815152,24365.037443387366,24322.184324772174,24329.892449347666,4953
2026-05-12 09:55:00,24329.892449347666,24347.50627085533,24328.263035716285,24347.313398083275,4085
2026-05-12 10:00:00,24347.313398083275,24349.359749544,24337.503605548827,24337.90440703068,4249
2026-05-12 10:05:00,24337.90440703068,24346.674424568126,24335.819470697603,24340.76251446534,3459
2026-05-12 10:10:00,24340.76251446534,24375.25724267444,24336.9571592843,24372.15665801197,4949
2026-05-12 10:15:00,24372.15665801197,24393.110016406787,24367.43906941028,24389.64298465464,2011
2026-05-12 10:20:00,24389.64298465464,24389.748730372754,24380.339066304165,24384.403491348352,1052
2026-05-12 10:25:00,24384.403491348352,24388.39973600564,24366.363694461794,24367.01853869805,3455
2026-05-12 10:30:00,24367.01853869805,24367.06548616831,24323.631796699727,24325.07187807721,3894
2026-05-12 10:35:00,24325.07187807721,24328.256413523304,24309.973828192447,24311.077113131665,2045
2026-05-12 10:40:00,24311.077113131665,24311.876532850343,24305.54958135015,24306.970870318026,2053
2026-05-12 10:45:00,24306.970870318026,24307.61522108065,24279.513569343217,24287.774595109833,3750
2026-05-12 10:50:00,24287.774595109833,24290.47061845728,24280.899845974684,24285.224243405213,3307
2026-05-12 10:55:00,24285.224243405213,24288.602927620628,24263.80184419854,24286.71733557416,2228
2026-05-12 11:00:00,24286.71733557416,24298.365103158972,24277.570481261067,24282.34852463705,4130
2026-05-12 11:05:00,24282.34852463705,24286.434657095797,24268.303795296983,24269.721653269477,2494
2026-05-12 11:10:00,24269.721653269477,24275.147872617123,24269.58543637605,24272.9962148248,3823
2026-05-12 11:15:00,24272.9962148248,24286.65493961552,24270.167062742436,24281.577993796145,2489
2026-05-12 11:20:00,24281.577993796145,24284.009692989053,24252.21527944291,24260.396705601514,2035
2026-05-12 11:25:00,24260.396705601514,24296.32830712671,24253.50049524347,24287.78052900745,4702
2026-05-12 11:30:00,24287.78052900745,24290.47386553896,24280.233938675054,24285.864939471703,2950
2026-05-12 11:35:00,24285.864939471703,24287.01295239137,24282.89925441118,24286.2311629893,4361
2026-05-12 11:40:00,24286.2311629893,24303.25490553332,24279.15179896946,24299.991050346234,1849
2026-05-12 11:45:00,24299.991050346234,24315.978589772927,24289.933637629056,24304.524770268235,4831
2026-05-12 11:50:00,24304.524770268235,24331.27912548902,24299.955150975537,24323.05719661095,1353
2026-05-12 11:55:00,24323.05719661095,24337.35815960499,24316.764382884525,24328.64418660514,4710
2026-05-12 12:00:00,24328.64418660514,24329.68747011257,24309.771306120256,24316.724369825773,2098
2026-05-12 12:05:00,24316.724369825773,24336.399217158887,24312.98140280417,24323.756835090702,3920
2026-05-12 12:10:00,24323.756835090702,24340.03891574533,24296.21478575854,24301.50106056847,2739
2026-05-12 12:15:00,24301.50106056847,24308.263675456026,24297.73788841094,24303.61159161252,4632
2026-05-12 12:20:00,24303.61159161252,24307.263290488576,24298.288533059706,24302.965504583866,4662
2026-05-12 12:25:00,24302.965504583866,24316.09681777933,24295.77064383471,24298.919219141295,2464
2026-05-12 12:30:00,24298.919219141295,24302.875135187922,24290.586435121826,24296.42056105563,1990
2026-05-12 12:35:00,24296.42056105563,24302.16265865989,24254.35310765517,24259.842804382166,2264
2026-05-12 12:40:00,24259.842804382166,24264.36130392388,24240.544163358296,24249.19322037845,4065
2026-05-12 12:45:00,24249.19322037845,24252.217647974714,24244.040481323595,24250.99435153629,2884
2026-05-12 12:50:00,24250.99435153629,24257.53073171793,24248.437460987505,24254.0956927038,4225
2026-05-12 12:55:00,24254.0956927038,24268.49753080542,24226.37517157466,24234.155427736576,2809
2026-05-12 13:00:00,24234.155427736576,24264.137114008725,24233.96261164094,24258.694116169874,4167
2026-05-12 13:05:00,24258.694116169874,24266.501119647877,24235.47080863616,24241.884299614707,4797
2026-05-12 13:10:00,24241.884299614707,24262.426762921914,24240.698384472802,24260.685475045586,3341
2026-05-12 13:15:00,24260.685475045586,24284.077456679897,24255.263920413032,24268.976697485654,3256
2026-05-12 13:20:00,24268.976697485654,24275.670454454426,24251.51685268161,24256.43007706655,4414
2026-05-12 13:25:00,24256.43007706655,24309.319114048718,24255.378424957238,24290.880240691855,2111
2026-05-12 13:30:00,24290.880240691855,24292.964428982465,24261.915590201217,24267.684649226994,1817
2026-05-12 13:35:00,24267.684649226994,24293.550460354058,24265.442595241384,24285.529244130346,2799
2026-05-12 13:40:00,24285.529244130346,24319.24825328582,24271.73301381892,24304.968981047135,2960
2026-05-12 13:45:00,24304.968981047135,24313.934230473285,24290.375063635376,24291.9294583434,3437
2026-05-12 13:50:00,24291.9294583434,24322.61376044917,24291.92067334666,24318.989993417283,3372
2026-05-12 13:55:00,24318.989993417283,24322.38475751996,24308.165251863382,24314.125290468142,3987
2026-05-12 14:00:00,24314.125290468142,24320.513747879522,24309.316595934302,24319.740756926436,1888
2026-05-12 14:05:00,24319.740756926436,24344.102465929227,24312.900318119882,24324.805524632262,2855
2026-05-12 14:10:00,24324.805524632262,24335.773362916516,24310.462083566705,24322.191897419038,2180
2026-05-12 14:15:00,24322.191897419038,24339.821057307847,24316.626555890278,24337.968404948486,1667
2026-05-12 14:20:00,24337.968404948486,24356.834905859047,24332.352596286077,24353.41792767687,4722
2026-05-12 14:25:00,24353.41792767687,24361.35071012229,24312.49439351726,24319.351743753534,1632
2026-05-12 14:30:00,24319.351743753534,24345.443923056697,24313.300056620476,24344.728311081602,3624
2026-05-12 14:35:00,24344.728311081602,24346.978133088698,24310.936267790894,24312.34997846714,2642
2026-05-12 14:40:00,24312.34997846714,24335.291806961843,24310.42068524821,24332.432878218253,4730
2026-05-12 14:45:00,24332.432878218253,24356.331584659085,24317.805224274518,24354.365259910577,1136
2026-05-12 14:50:00,24354.365259910577,24356.87272892013,24328.470915030655,24333.10942396837,2946
2026-05-12 14:55:00,24333.10942396837,24337.64685701159,24316.068782859187,24325.112312750985,2697
2026-05-12 15:00:00,24325.112312750985,24327.80955663185,24303.158227038875,24303.595200554464,1427
2026-05-12 15:05:00,24303.595200554464,24306.344669151476,24297.39448825394,24299.416517578284,2475
2026-05-12 15:10:00,24299.416517578284,24299.629838367746,24283.511956196766,24293.428474879787,3659
2026-05-12 15:15:00,24293.428474879787,24316.79278189153,24283.88975445405,24308.580976780086,4921
2026-05-12 15:20:00,24308.580976780086,24334.437559210422,24286.560960055045,24334.062373787794,3958
2026-05-12 15:25:00,24334.062373787794,24374.190476168522,24332.720231900967,24361.232499312475,1818
2026-05-13 09:15:00,24361.232499312475,24382.01058526488,24352.094057254624,24377.815637784126,4453
2026-05-13 09:20:00,24377.815637784126,24378.56054798036,24370.716035385874,24375.13657847898,1495
2026-05-13 09:25:00,24375.13657847898,24394.08149736419,24368.68448180843,24382.750685715873,4450
2026-05-13 09:30:00,24382.750685715873,24391.814537385446,24377.430532820646,24380.7372215022,4118
2026-05-13 09:35:00,24380.7372215022,24396.64908830865,24377.299229275934,24385.913005269547,2909
2026-05-13 09:40:00,24385.913005269547,24387.118358331867,24372.599925535425,24374.544123727483,4811
2026-05-13 09:45:00,24374.544123727483,24374.916233087755,24323.80085583649,24326.98807858019,4622
2026-05-13 09:50:00,24326.98807858019,24328.25314276099,24323.892202166775,24324.374792518025,4599
2026-05-13 09:55:00,24324.374792518025,24353.8429885657,24309.052466590114,24352.060759636304,3551
2026-05-13 10:00:00,24352.060759636304,24371.736801349824,24350.256084174176,24370.104962637823,2045
2026-05-13 10:05:00,24370.104962637823,24399.827284001756,24367.485126502695,24388.926433061944,1212
2026-05-13 10:10:00,24388.926433061944,24424.769636192614,24384.188578223955,24413.044754050567,1309
2026-05-13 10:15:00,24413.044754050567,24420.844546290773,24407.594356478814,24414.77627543931,3708
2026-05-13 10:20:00,24414.77627543931,24419.386612462524,24413.448911145864,24418.63021052086,2991
2026-05-13 10:25:00,24418.63021052086,24430.667536504552,24401.8097504625,24406.564439934104,3800
2026-05-13 10:30:00,24406.564439934104,24407.852040490252,24390.72093659842,24400.39303791143,1271
2026-05-13 10:35:00,24400.39303791143,24424.58123317602,24390.00137653105,24412.41308437209,4642
2026-05-13 10:40:00,24412.41308437209,24436.077977918492,24408.015747938367,24435.92486372089,2822
2026-05-13 10:45:00,24435.92486372089,24437.616080720334,24419.517202202656,24433.198864748836,3985
2026-05-13 10:50:00,24433.198864748836,24442.43582164178,24417.016838708776,24424.399213680925,4273
2026-05-13 10:55:00,24424.399213680925,24428.925808777713,24419.38271202754,24424.409529743225,3079
2026-05-13 11:00:00,24424.409529743225,24438.907332898543,24418.61636071763,24436.156825621543,1442
2026-05-13 11:05:00,24436.156825621543,24438.4859464006,24393.505168022373,24407.931015445167,3209
2026-05-13 11:10:00,24407.931015445167,24417.315697445614,24356.57106427922,24363.09499440264,3814
2026-05-13 11:15:00,24363.09499440264,24367.171118489634,24343.516298966977,24352.364769152977,1253
2026-05-13 11:20:00,24352.364769152977,24360.48475803085,24323.249445080462,24328.582981733696,1520
2026-05-13 11:25:00,24328.582981733696,24330.382115320936,24318.58898625488,24318.693116961844,1976
2026-05-13 11:30:00,24318.693116961844,24322.327947503607,24308.859312376204,24315.818057584205,4722
2026-05-13 11:35:00,24315.818057584205,24324.135154557967,24304.033023264532,24307.00117290525,4551
2026-05-13 11:40:00,24307.00117290525,24346.784130539796,24301.99646984378,24335.24527695644,1009
2026-05-13 11:45:00,24335.24527695644,24349.019115133495,24334.472186709434,24341.60640814809,3773
2026-05-13 11:50:00,24341.60640814809,24353.380326695693,24337.338742922948,24347.457631025998,3552
2026-05-13 11:55:00,24347.457631025998,24368.767180079343,24333.02124000848,24359.576960687857,3832
2026-05-13 12:00:00,24359.576960687857,24361.28714811833,24325.962901783256,24337.383766305487,4907
2026-05-13 12:05:00,24337.383766305487,24361.02298952841,24325.576149384873,24357.615176182724,2583
2026-05-13 12:10:00,24357.615176182724,24364.829910444296,24355.3763140038,24356.138826314298,3483
2026-05-13 12:15:00,24356.138826314298,24369.758341285215,24349.571553597547,24369.2030815094,2134
2026-05-13 12:20:00,24369.2030815094,24371.541410284197,24338.589570935954,24348.30683624033,1152
2026-05-13 12:25:00,24348.30683624033,24349.415351288368,24316.66200882685,24318.041720092762,2658
2026-05-13 12:30:00,24318.041720092762,24340.049998463906,24311.31790233083,24333.953299953788,3964
2026-05-13 12:35:00,24333.953299953788,24356.539540126352,24333.022167652172,24341.28092541756,3916
2026-05-13 12:40:00,24341.28092541756,24353.020684025738,24312.688182514463,24323.715253182498,4173
2026-05-13 12:45:00,24323.715253182498,24325.063326353524,24296.21047554315,24306.792503458393,3800
2026-05-13 12:50:00,24306.792503458393,24343.446569951273,24306.704350394328,24328.67707128315,2856
2026-05-13 12:55:00,24328.67707128315,24328.72670064988,24296.395591970937,24305.527617006097,2214
2026-05-13 13:00:00,24305.527617006097,24338.855963976155,24302.876137576426,24337.46844327095,2752
2026-05-13 13:05:00,24337.46844327095,24340.0782382803,24313.46266763097,24319.93338030387,3610
2026-05-13 13:10:00,24319.93338030387,24333.670705857287,24316.86351066648,24332.35389958493,4875
2026-05-13 13:15:00,24332.35389958493,24342.375290065833,24306.95205241686,24325.957050745037,2104
2026-05-13 13:20:00,24325.957050745037,24353.84502651101,24324.50516952275,24337.695539978686,3536
2026-05-13 13:25:00,24337.695539978686,24348.891612744555,24323.914180310356,24327.10155524069,1894
2026-05-13 13:30:00,24327.10155524069,24337.49378031808,24320.983119994096,24323.933331593897,2111
2026-05-13 13:35:00,24323.933331593897,24326.675457569803,24314.91560650002,24324.729583829347,4265
2026-05-13 13:40:00,24324.729583829347,24327.861960164086,24297.417571827293,24305.227232745994,1103
2026-05-13 13:45:00,24305.227232745994,24323.925975662176,24300.26739064289,24319.631955989982,4854
2026-05-13 13:50:00,24319.631955989982,24331.2916948073,24300.950192938333,24309.647023948855,4167
2026-05-13 13:55:00,24309.647023948855,24313.017600261825,24292.232598581955,24305.201277347558,4494
2026-05-13 14:00:00,24305.201277347558,24319.961653200055,24283.538081477644,24285.866987995665,2914
2026-05-13 14:05:00,24285.866987995665,24295.79874676278,24232.41838901284,24236.08419246257,4269
2026-05-13 14:10:00,24236.08419246257,24237.463512857583,24231.78773398532,24232.38038051259,4072
2026-05-13 14:15:00,24232.38038051259,24283.972821797808,24229.852871873052,24279.151112199317,2006
2026-05-13 14:20:00,24279.151112199317,24297.494734113287,24275.602263419027,24294.390733054646,1406
2026-05-13 14:25:00,24294.390733054646,24294.530288130507,24289.091698755332,24294.016397701896,2401
2026-05-13 14:30:00,24294.016397701896,24298.69168574807,24288.658200941165,24288.907058409422,1166
2026-05-13 14:35:00,24288.907058409422,24292.898625262882,24280.98465374182,24289.343595995422,1508
2026-05-13 14:40:00,24289.343595995422,24313.128611484968,24281.431402103226,24299.974927336563,2661
2026-05-13 14:45:00,24299.974927336563,24301.366614542316,24272.07200226873,24277.01994989186,3360
2026-05-13 14:50:00,24277.01994989186,24303.908624362575,24268.6531611789,24298.661877901515,4664
2026-05-13 14:55:00,24298.661877901515,24322.00096092734,24293.804727252133,24312.568124859656,4489
2026-05-13 15:00:00,24312.568124859656,24333.516911802883,24309.19409016321,24326.536876365717,1762
2026-05-13 15:05:00,24326.536876365717,24338.51896532329,24313.942006056895,24335.070153349356,1680
2026-05-13 15:10:00,24335.070153349356,24346.28704187769,24330.123578344952,24335.45205154228,3524
2026-05-13 15:15:00,24335.45205154228,24351.14915840568,24326.734293905636,24348.551557418454,3120
2026-05-13 15:20:00,24348.551557418454,24362.367246521837,24341.38456956206,24360.0794109767,2164
2026-05-13 15:25:00,24360.0794109767,24360.084589402748,24349.78692695413,24353.179843110105,1581
2026-05-14 09:15:00,24353.179843110105,24362.79178403641,24351.650605982544,24362.18196473557,2736
2026-05-14 09:20:00,24362.18196473557,24381.34641328385,24354.33993880242,24370.747731898842,2257
2026-05-14 09:25:00,24370.747731898842,24392.678467783007,24353.46492982782,24385.934343919853,4611
2026-05-14 09:30:00,24385.934343919853,24402.212340509544,24380.18424278373,24394.864919166583,4082
2026-05-14 09:35:00,24394.864919166583,24429.06304209316,24384.7578002042,24427.544132542323,3253
2026-05-14 09:40:00,24427.544132542323,24428.05230609831,24425.20832226653,24427.4347749448,4750
2026-05-14 09:45:00,24427.4347749448,24445.795178197364,24422.146998635795,24440.50328948342,3294
2026-05-14 09:50:00,24440.50328948342,24441.799766815566,24417.466645667875,24419.157914399886,4630
2026-05-14 09:55:00,24419.157914399886,24423.16275459414,24400.952871819714,24411.595795389214,3805
2026-05-14 10:00:00,24411.595795389214,24427.169712088296,24401.79254427555,24425.179144667716,4198
2026-05-14 10:05:00,24425.179144667716,24454.04136129273,24420.10174621765,24441.770721601333,1146
2026-05-14 10:10:00,24441.770721601333,24451.59969410806,24431.58121478962,24436.022663413703,3165
2026-05-14 10:15:00,24436.022663413703,24445.549642381255,24422.019277389965,24434.622982660832,4982
2026-05-14 10:20:00,24434.622982660832,24440.70524230304,24390.363871979913,24404.952044472495,4453
2026-05-14 10:25:00,24404.952044472495,24410.89267267292,24392.36995809788,24397.98142005317,1411
2026-05-14 10:30:00,24397.98142005317,24423.770840118403,24393.958994615823,24415.3602615574,2687
2026-05-14 10:35:00,24415.3602615574,24432.59531676259,24409.064117176273,24426.595331711393,4655
2026-05-14 10:40:00,24426.595331711393,24447.65342505012,24423.758446594522,24436.378978889505,3410
2026-05-14 10:45:00,24436.378978889505,24445.581616609117,24436.046073170117,24437.352009836013,2532
2026-05-14 10:50:00,24437.352009836013,24444.216533580824,24437.16588210508,24437.49009375097,1136
2026-05-14 10:55:00,24437.49009375097,24444.950821355407,24410.514657061438,24424.580820707306,4246
2026-05-14 11:00:00,24424.580820707306,24440.22615360925,24424.47942636295,24438.23569369054,4360
2026-05-14 11:05:00,24438.23569369054,24450.510456316602,24433.178974718423,24446.465962519065,4005
2026-05-14 11:10:00,24446.465962519065,24458.58730413682,24442.849429431124,24456.088460135365,4552
2026-05-14 11:15:00,24456.088460135365,24458.954928336334,24435.209436098,24445.79665641905,1018
2026-05-14 11:20:00,24445.79665641905,24455.524656794783,24394.485490548726,24403.684509898478,3242
2026-05-14 11:25:00,24403.684509898478,24432.7784180313,24397.730949052715,24425.104164807934,3377
2026-05-14 11:30:00,24425.104164807934,24433.674372026482,24413.704314462662,24415.747641015118,2959
2026-05-14 11:35:00,24415.747641015118,24417.42786497062,24396.847637029066,24398.89538875459,3222
2026-05-14 11:40:00,24398.89538875459,24412.749897713013,24393.110128391596,24412.43148429547,2001
2026-05-14 11:45:00,24412.43148429547,24423.644901395837,24402.285836274445,24404.775498925064,1448
2026-05-14 11:50:00,24404.775498925064,24429.237780680214,24400.597794296893,24425.469506521702,2948
2026-05-14 11:55:00,24425.469506521702,24441.719935114626,24418.374997050945,24437.526034527084,1945
2026-05-14 12:00:00,24437.526034527084,24451.34601674428,24435.097127355235,24450.889829032778,2377
2026-05-14 12:05:00,24450.889829032778,24459.13726107211,24419.684750582765,24424.170762948055,2522
2026-05-14 12:10:00,24424.170762948055,24450.30158557558,24416.21959241881,24447.851344431416,1140
2026-05-14 12:15:00,24447.851344431416,24457.102841750806,24441.797490250898,24452.960955752424,3805
2026-05-14 12:20:00,24452.960955752424,24460.441099431027,24424.10918414752,24445.737020178152,2920
2026-05-14 12:25:00,24445.737020178152,24448.713954309016,24436.60888726663,24448.54120958965,3977
2026-05-14 12:30:00,24448.54120958965,24449.820021767475,24403.904663500387,24413.800121358097,1092
2026-05-14 12:35:00,24413.800121358097,24423.432262060025,24404.114254090648,24421.781535804916,1238
2026-05-14 12:40:00,24421.781535804916,24424.488887583186,24398.14276590605,24401.670266931316,1204
2026-05-14 12:45:00,24401.670266931316,24402.632712209932,24371.262418266007,24375.26433549529,3607
2026-05-14 12:50:00,24375.26433549529,24381.30487094253,24341.569141163935,24345.578009433186,2456
2026-05-14 12:55:00,24345.578009433186,24370.442065648716,24343.715895584908,24367.24924273999,1244
2026-05-14 13:00:00,24367.24924273999,24378.993602132403,24354.06587748484,24354.982508377234,1831
2026-05-14 13:05:00,24354.982508377234,24397.664648143073,24352.586858354505,24384.865637615338,4388
2026-05-14 13:10:00,24384.865637615338,24394.97160924336,24373.78520277738,24374.413280267363,3972
2026-05-14 13:15:00,24374.413280267363,24383.862723766517,24324.914524079595,24341.120601486786,1294
2026-05-14 13:20:00,24341.120601486786,24346.157079746965,24317.70206138099,24319.378636648948,3687
2026-05-14 13:25:00,24319.378636648948,24347.095211341788,24313.16693401441,24343.421973217362,1855
2026-05-14 13:30:00,24343.421973217362,24345.34622735757,24339.106483048126,24340.38589711307,4353
2026-05-14 13:35:00,24340.38589711307,24342.5343557652,24307.92033233519,24329.709477609817,3064
2026-05-14 13:40:00,24329.709477609817,24334.535176293983,24327.027260962015,24332.824035166712,1070
2026-05-14 13:45:00,24332.824035166712,24348.3155343004,24330.535316361682,24342.59186798515,2292
2026-05-14 13:50:00,24342.59186798515,24369.399550265483,24335.86015666137,24364.352174648575,2348
2026-05-14 13:55:00,24364.352174648575,24399.29005784736,24360.824061346255,24392.58557093803,4865
2026-05-14 14:00:00,24392.58557093803,24398.67265925625,24382.49174850195,24385.56502095551,1304
2026-05-14 14:05:00,24385.56502095551,24386.056475123507,24355.261074530437,24359.695883299635,4522
2026-05-14 14:10:00,24359.695883299635,24364.92659199769,24336.614313275146,24351.638374832994,2030
2026-05-14 14:15:00,24351.638374832994,24361.692743353033,24343.376678967194,24356.708980250853,2337
2026-05-14 14:20:00,24356.708980250853,24367.57630678711,24334.471616427967,24337.92978369659,1816
2026-05-14 14:25:00,24337.92978369659,24342.16497221437,24312.53504584854,24319.293726289296,2126
2026-05-14 14:30:00,24319.293726289296,24327.729393956604,24315.240823724776,24325.982269066055,1820
2026-05-14 14:35:00,24325.982269066055,24329.62886840606,24318.33133148326,24325.035456072732,1192
2026-05-14 14:40:00,24325.035456072732,24329.118218500233,24321.989717310993,24325.673686533726,2776
2026-05-14 14:45:00,24325.673686533726,24326.227985452355,24308.760786963994,24310.91295852999,4645
2026-05-14 14:50:00,24310.91295852999,24316.329544818564,24299.316370355653,24306.431957163077,1528
2026-05-14 14:55:00,24306.431957163077,24309.948482569504,24281.76775589898,24288.460109136107,3218
2026-05-14 15:00:00,24288.460109136107,24314.78204476912,24279.383142094583,24305.757348014366,4608
2026-05-14 15:05:00,24305.757348014366,24332.230261071,24305.35678346274,24325.88736331396,1250
2026-05-14 15:10:00,24325.88736331396,24332.362604403716,24284.78853719914,24289.9592369233,2788
2026-05-14 15:15:00,24289.9592369233,24295.521293430284,24262.73312172544,24271.897012199817,4458
2026-05-14 15:20:00,24271.897012199817,24272.173259170275,24241.259796268183,24242.838129035586,4278
2026-05-14 15:25:00,24242.838129035586,24247.807879284068,24227.98900621498,24230.231389018125,3588
2026-05-15 09:15:00,24230.231389018125,24269.66998799577,24222.878994001312,24258.61327164973,3285
2026-05-15 09:20:00,24258.61327164973,24281.679497672907,24248.850568015303,24277.959200827292,2943
2026-05-15 09:25:00,24277.959200827292,24290.917627385345,24272.551400255845,24283.409824170078,4426
2026-05-15 09:30:00,24283.409824170078,24322.37314787028,24279.874360022986,24317.57406572439,2963
2026-05-15 09:35:00,24317.57406572439,24331.04887754943,24308.594501082614,24324.81302763669,4183
2026-05-15 09:40:00,24324.81302763669,24340.356814522464,24312.516730453146,24332.38600737478,2851
2026-05-15 09:45:00,24332.38600737478,24338.884561124512,24327.243269890347,24331.351965587426,2469
2026-05-15 09:50:00,24331.351965587426,24356.424386533123,24324.929843777598,24355.16883369324,2366
2026-05-15 09:55:00,24355.16883369324,24380.57849225962,24340.650271035745,24376.53258834157,4216
2026-05-15 10:00:00,24376.53258834157,24385.129664405977,24360.450088880953,24364.331114110824,4136
2026-05-15 10:05:00,24364.331114110824,24370.873447513066,24336.170016699525,24338.617053734375,4318
2026-05-15 10:10:00,24338.617053734375,24342.9777664037,24332.16563639282,24334.664839332057,3782
2026-05-15 10:15:00,24334.664839332057,24341.58815858221,24307.751172974986,24319.089903073535,1990
2026-05-15 10:20:00,24319.089903073535,24322.469329711905,24311.623956261552,24317.854015200635,4561
2026-05-15 10:25:00,24317.854015200635,24351.911117935244,24314.82742359851,24341.92748713031,1824
2026-05-15 10:30:00,24341.92748713031,24348.121345684664,24329.640241120927,24333.022204148016,2462
2026-05-15 10:35:00,24333.022204148016,24342.019509303635,24331.87094418025,24332.188586317363,3153
2026-05-15 10:40:00,24332.188586317363,24337.349829429393,24328.11435953994,24333.318042417886,3228
2026-05-15 10:45:00,24333.318042417886,24354.404356055475,24314.852265454505,24349.834153212854,3231
2026-05-15 10:50:00,24349.834153212854,24354.924036679276,24303.902239040257,24306.06504709834,1225
2026-05-15 10:55:00,24306.06504709834,24310.30907977795,24292.50902771795,24294.26784963541,1776
2026-05-15 11:00:00,24294.26784963541,24300.27273279979,24285.878936301564,24298.374235725405,3837
2026-05-15 11:05:00,24298.374235725405,24325.633875151292,24295.558127159755,24321.702209801944,4980
2026-05-15 11:10:00,24321.702209801944,24329.06113980847,24310.639746587956,24312.131085926332,2112
2026-05-15 11:15:00,24312.131085926332,24326.445769852897,24262.84810464882,24275.63268962318,1687
2026-05-15 11:20:00,24275.63268962318,24290.21545483032,24264.176874904326,24287.667799571842,1529
2026-05-15 11:25:00,24287.667799571842,24299.069422536646,24271.93034892514,24275.32262306613,4442
2026-05-15 11:30:00,24275.32262306613,24276.016976426636,24251.121544731635,24252.21898949547,1971
2026-05-15 11:35:00,24252.21898949547,24254.13575064412,24239.567831563014,24240.105580602347,1935
2026-05-15 11:40:00,24240.105580602347,24245.04432837662,24233.243252120443,24236.527249280844,4984
2026-05-15 11:45:00,24236.527249280844,24238.723409474514,24223.384388377486,24224.801720848092,2422
2026-05-15 11:50:00,24224.801720848092,24227.19596303858,24176.557154179052,24182.058200515727,3153
2026-05-15 11:55:00,24182.058200515727,24204.725778428652,24173.85601876617,24199.412526101998,2294
2026-05-15 12:00:00,24199.412526101998,24226.528450844617,24194.89175236446,24224.093507736503,2998
2026-05-15 12:05:00,24224.093507736503,24239.01830642768,24219.518572682282,24236.719531448947,3878
2026-05-15 12:10:00,24236.719531448947,24240.131583536764,24208.81764672121,24214.660516641718,2526
2026-05-15 12:15:00,24214.660516641718,24225.8155239404,24204.254107465156,24210.757277368506,1678
2026-05-15 12:20:00,24210.757277368506,24216.254005480932,24206.043699985745,24210.630968584384,4596
2026-05-15 12:25:00,24210.630968584384,24226.679328341623,24208.79218153872,24222.228720577776,3896
2026-05-15 12:30:00,24222.228720577776,24242.571527011383,24216.26755248686,24235.179677522538,4103
2026-05-15 12:35:00,24235.179677522538,24236.954277763118,24220.70117195176,24220.945410380198,3440
2026-05-15 12:40:00,24220.945410380198,24222.819854932706,24217.641133937548,24222.534218296827,1039
2026-05-15 12:45:00,24222.534218296827,24232.37312392463,24218.781447880705,24231.39541049535,3707
2026-05-15 12:50:00,24231.39541049535,24262.04649000932,24229.96721265495,24259.616695563636,4289
2026-05-15 12:55:00,24259.616695563636,24283.712736557227,24258.11847429774,24273.289542456172,4802
2026-05-15 13:00:00,24273.289542456172,24296.49432728522,24267.85296874466,24288.611943606636,4028
2026-05-15 13:05:00,24288.611943606636,24299.803005600952,24287.323863891765,24290.240769555687,2105
2026-05-15 13:10:00,24290.240769555687,24322.18726726064,24278.955876153825,24317.64908334178,1844
2026-05-15 13:15:00,24317.64908334178,24335.31879598852,24314.06597200109,24325.620657645424,2743
2026-05-15 13:20:00,24325.620657645424,24328.443464847853,24306.785959519442,24308.863459360815,3248
2026-05-15 13:25:00,24308.863459360815,24344.120003143646,24306.995227773474,24336.154922550206,1446
2026-05-15 13:30:00,24336.154922550206,24364.441828345738,24334.391786773373,24349.74234827938,4915
2026-05-15 13:35:00,24349.74234827938,24357.220467385534,24340.660919277798,24341.11194206864,4499
2026-05-15 13:40:00,24341.11194206864,24342.93247659903,24328.275129554273,24331.77482847272,4109
2026-05-15 13:45:00,24331.77482847272,24345.178263186637,24325.39126271329,24337.547795979917,2234
2026-05-15 13:50:00,24337.547795979917,24347.624278012747,24332.80368830054,24346.56602165448,3491
2026-05-15 13:55:00,24346.56602165448,24350.583347653264,24337.777878935565,24350.40873299108,2350
2026-05-15 14:00:00,24350.40873299108,24359.04089116011,24342.796470784266,24356.47312774345,3808
2026-05-15 14:05:00,24356.47312774345,24401.036407210293,24352.9131642861,24389.597100633193,1226
2026-05-15 14:10:00,24389.597100633193,24416.49818228062,24387.022134887393,24410.504705240353,1047
2026-05-15 14:15:00,24410.504705240353,24425.450986318043,24404.865907461273,24414.227514038408,4089
2026-05-15 14:20:00,24414.227514038408,24436.27650653057,24404.734407900687,24432.612610582586,3959
2026-05-15 14:25:00,24432.612610582586,24442.86922229035,24409.090299903866,24412.430805345743,2462
2026-05-15 14:30:00,24412.430805345743,24422.895719636603,24411.10208590281,24420.202298603665,2830
2026-05-15 14:35:00,24420.202298603665,24470.956390742092,24415.843076624864,24455.54920026817,4779
2026-05-15 14:40:00,24455.54920026817,24460.138342892402,24447.19434188077,24451.283254570026,1186
2026-05-15 14:45:00,24451.283254570026,24457.776768290954,24431.675221046564,24434.70266474214,3392
2026-05-15 14:50:00,24434.70266474214,24439.044877236556,24415.166250721377,24421.95578625914,3271
2026-05-15 14:55:00,24421.95578625914,24422.860969169575,24400.436869351943,24400.66701037016,3877
2026-05-15 15:00:00,24400.66701037016,24414.971833818196,24379.1412709087,24385.348039168042,3535
2026-05-15 15:05:00,24385.348039168042,24389.04788198897,24373.928530426718,24378.120064019684,2932
2026-05-15 15:10:00,24378.120064019684,24385.86431690787,24337.661864737463,24350.70799877843,3924
2026-05-15 15:15:00,24350.70799877843,24361.83625387033,24348.080827635957,24351.012252769975,1848
2026-05-15 15:20:00,24351.012252769975,24382.936987170026,24348.812572218158,24368.58934278139,3032
2026-05-15 15:25:00,24368.58934278139,24368.61636027427,24349.549792342128,24350.892752719494,2252
2026-05-18 09:15:00,24350.892752719494,24404.080677879014,24349.948053030414,24403.354971864337,3091
2026-05-18 09:20:00,24403.354971864337,24441.829742549817,24400.31627760989,24437.11193304217,2895
2026-05-18 09:25:00,24437.11193304217,24447.043292832874,24432.39034566937,24438.564069203734,2943
2026-05-18 09:30:00,24438.564069203734,24464.46956406133,24430.117871229548,24460.02357162591,2340
2026-05-18 09:35:00,24460.02357162591,24469.048450490278,24446.652482989797,24460.77303824479,3428
2026-05-18 09:40:00,24460.77303824479,24469.791825889937,24449.012229014836,24468.48087429219,1144
2026-05-18 09:45:00,24468.48087429219,24479.010630626755,24457.96415814702,24466.886727689045,4398
2026-05-18 09:50:00,24466.886727689045,24476.51359401348,24466.570495565877,24468.75210963323,3410
2026-05-18 09:55:00,24468.75210963323,24475.26276221499,24466.86886492924,24472.09027108813,2073
2026-05-18 10:00:00,24472.09027108813,24483.577125751814,24445.06318773142,24458.978480798472,2088
2026-05-18 10:05:00,24458.978480798472,24460.789061538795,24449.518504318443,24451.130696883596,3402
2026-05-18 10:10:00,24451.130696883596,24454.567808875145,24436.67775217959,24446.89077269375,1799
2026-05-18 10:15:00,24446.89077269375,24463.65905431297,24431.862360344196,24451.383348803392,4235
2026-05-18 10:20:00,24451.383348803392,24456.200404266085,24444.813064397345,24450.785189340746,4212
2026-05-18 10:25:00,24450.785189340746,24482.782808138607,24445.536704926635,24473.730442544493,3873
2026-05-18 10:30:00,24473.730442544493,24497.68661622486,24468.359369847658,24490.31615885781,2151
2026-05-18 10:35:00,24490.31615885781,24491.19744788198,24484.645236340057,24486.469659723603,3445
2026-05-18 10:40:00,24486.469659723603,24516.48785346811,24476.004752501998,24513.537667308603,2956
2026-05-18 10:45:00,24513.537667308603,24562.7860704677,24510.28139541255,24550.26915659473,3927
2026-05-18 10:50:00,24550.26915659473,24558.208738480236,24508.725633603102,24510.127968075,1462
2026-05-18 10:55:00,24510.127968075,24532.88889367549,24508.170646254846,24528.408407505674,2774
2026-05-18 11:00:00,24528.408407505674,24535.154832242926,24508.286548839787,24514.810167975997,3045
2026-05-18 11:05:00,24514.810167975997,24540.689391903346,24503.669789683503,24530.5143165641,4907
2026-05-18 11:10:00,24530.5143165641,24567.042617760457,24527.837710835076,24554.81400738837,1807
2026-05-18 11:15:00,24554.81400738837,24570.97781464026,24534.072585569775,24537.586495353116,1186
2026-05-18 11:20:00,24537.586495353116,24538.2700459471,24499.07161520449,24501.22518622529,2743
2026-05-18 11:25:00,24501.22518622529,24519.453148723474,24498.44958080934,24517.600513204186,1731
2026-05-18 11:30:00,24517.600513204186,24525.031286046175,24514.71284739425,24520.256308383414,2935
2026-05-18 11:35:00,24520.256308383414,24534.54672448138,24475.843623184977,24487.527871678987,2213
2026-05-18 11:40:00,24487.527871678987,24540.6453007904,24484.150966640256,24537.082096743576,2411
2026-05-18 11:45:00,24537.082096743576,24564.51587712165,24525.85096460912,24549.339241048645,1428
2026-05-18 11:50:00,24549.339241048645,24566.766214546988,24544.19953908069,24562.49965161703,3905
2026-05-18 11:55:00,24562.49965161703,24599.591458948966,24556.919540979685,24589.337970074215,2307
2026-05-18 12:00:00,24589.337970074215,24591.578745653067,24577.740291706767,24577.91230889209,4935
2026-05-18 12:05:00,24577.91230889209,24585.67638801536,24574.464524216175,24580.47734067389,3284
2026-05-18 12:10:00,24580.47734067389,24583.701754145655,24546.60382421497,24554.533690748518,2217
2026-05-18 12:15:00,24554.533690748518,24560.7966096479,24540.96209778464,24542.591378243633,2310
2026-05-18 12:20:00,24542.591378243633,24553.510582003324,24537.846021997204,24550.1634548856,1770
2026-05-18 12:25:00,24550.1634548856,24552.584790618865,24515.20728477224,24517.457046263982,1757
2026-05-18 12:30:00,24517.457046263982,24517.661543301707,24503.1145288071,24504.976884979864,1135
2026-05-18 12:35:00,24504.976884979864,24505.531037677873,24485.708452678275,24486.785684788618,1791
2026-05-18 12:40:00,24486.785684788618,24494.721494769066,24485.751047327427,24489.569190681395,4854
2026-05-18 12:45:00,24489.569190681395,24504.346220951356,24488.1755118447,24500.828539730614,1170
2026-05-18 12:50:00,24500.828539730614,24518.542023945978,24492.12360396751,24515.375226618857,3206
2026-05-18 12:55:00,24515.375226618857,24540.83506572184,24513.923967760627,24534.964318482318,3248
2026-05-18 13:00:00,24534.964318482318,24569.168415986966,24531.721312892518,24561.896188779472,4558
2026-05-18 13:05:00,24561.896188779472,24580.3173825574,24554.228318927595,24573.828268615052,2580
2026-05-18 13:10:00,24573.828268615052,24620.23677584335,24572.84837265223,24610.93152322675,1961
2026-05-18 13:15:00,24610.93152322675,24619.553462035445,24604.762946651543,24613.284377920914,4847
2026-05-18 13:20:00,24613.284377920914,24614.06144614765,24607.64353528053,24609.871575634294,3630
2026-05-18 13:25:00,24609.871575634294,24631.531262536333,24607.90982060845,24621.82818060967,4575
2026-05-18 13:30:00,24621.82818060967,24628.13487892576,24606.529981249154,24617.565429596045,1875
2026-05-18 13:35:00,24617.565429596045,24658.15884559256,24614.34297658103,24654.04993633459,3418
2026-05-18 13:40:00,24654.04993633459,24682.809546486427,24648.76523324594,24676.356594753666,1102
2026-05-18 13:45:00,24676.356594753666,24692.617359224354,24669.716376422533,24691.16789957888,2001
2026-05-18 13:50:00,24691.16789957888,24704.718392719016,24687.21752456447,24693.76381725006,2148
2026-05-18 13:55:00,24693.76381725006,24696.689748209166,24684.042645313624,24685.714101224585,4384
2026-05-18 14:00:00,24685.714101224585,24703.827453843467,24672.112213774275,24699.564268068425,4023
2026-05-18 14:05:00,24699.564268068425,24704.951835976368,24666.697162763718,24677.29321530981,3845
2026-05-18 14:10:00,24677.29321530981,24710.87003008305,24675.991868702196,24707.584366360697,2481
2026-05-18 14:15:00,24707.584366360697,24717.0058993667,24701.047395503665,24704.0731872528,4301
2026-05-18 14:20:00,24704.0731872528,24715.34496331855,24698.405838165083,24710.103090507124,1657
2026-05-18 14:25:00,24710.103090507124,24717.83736396603,24682.927411686647,24692.122021415948,3929
2026-05-18 14:30:00,24692.122021415948,24714.28229842749,24680.74544520266,24706.403673438945,2220
2026-05-18 14:35:00,24706.403673438945,24707.474461934882,24689.35380117645,24697.435414678766,4956
2026-05-18 14:40:00,24697.435414678766,24717.283375125204,24692.09769485946,24710.262843573095,3780
2026-05-18 14:45:00,24710.262843573095,24726.329552050993,24704.611983232993,24725.235156928647,1422
2026-05-18 14:50:00,24725.235156928647,24725.806223963264,24700.93174331441,24712.424871885723,3619
2026-05-18 14:55:00,24712.424871885723,24719.97629675517,24689.696479197795,24690.212768692156,4681
2026-05-18 15:00:00,24690.212768692156,24722.630283934774,24689.648067273385,24720.471116596018,1170
2026-05-18 15:05:00,24720.471116596018,24723.5573575759,24715.334925457657,24716.668138422843,4453
2026-05-18 15:10:00,24716.668138422843,24724.16114430113,24707.59231085752,24721.114149276855,3220
2026-05-18 15:15:00,24721.114149276855,24738.358358870162,24716.102954851965,24730.71512842023,3710
2026-05-18 15:20:00,24730.71512842023,24730.998102367328,24702.876453333443,24705.91120780505,1452
2026-05-18 15:25:00,24705.91120780505,24717.42388438279,24704.66090593344,24715.05567860115,3397
2026-05-19 09:15:00,24715.05567860115,24750.899382270814,24711.957081293483,24738.79264402764,4144
2026-05-19 09:20:00,24738.79264402764,24750.75527452674,24723.757831754778,24741.57051100021,2702
2026-05-19 09:25:00,24741.57051100021,24742.382592226313,24694.69993279612,24702.635795983126,2795
2026-05-19 09:30:00,24702.635795983126,24712.48207512829,24666.405368960768,24680.557835759326,1242
2026-05-19 09:35:00,24680.557835759326,24682.87670601547,24667.409116517378,24676.888414290905,4858
2026-05-19 09:40:00,24676.888414290905,24687.49936098658,24675.485682569397,24683.008262543804,4173
2026-05-19 09:45:00,24683.008262543804,24686.384188648703,24674.431156579416,24681.890843232537,4034
2026-05-19 09:50:00,24681.890843232537,24709.362726470947,24672.59868394004,24705.96004641236,3732
2026-05-19 09:55:00,24705.96004641236,24711.10827710299,24666.03007267101,24667.396970652826,1170
2026-05-19 10:00:00,24667.396970652826,24678.774041096593,24660.45619018621,24670.230523156803,1652
2026-05-19 10:05:00,24670.230523156803,24683.195929306705,24634.258176092266,24634.350549895516,2932
2026-05-19 10:10:00,24634.350549895516,24652.20597166436,24613.152175978008,24649.322565098733,3235
2026-05-19 10:15:00,24649.322565098733,24650.49133853541,24635.12187044971,24647.459890441638,4512
2026-05-19 10:20:00,24647.459890441638,24656.448444650163,24639.631399749083,24655.733746405716,2109
2026-05-19 10:25:00,24655.733746405716,24658.810537352554,24637.4167290545,24638.69401179423,2499
2026-05-19 10:30:00,24638.69401179423,24670.9112274609,24632.98828044526,24663.91348775418,3099
2026-05-19 10:35:00,24663.91348775418,24688.972163425075,24660.64817933087,24684.4678933481,3158
2026-05-19 10:40:00,24684.4678933481,24705.749841438792,24679.03862216559,24695.991477837735,2972
2026-05-19 10:45:00,24695.991477837735,24701.740911461788,24691.736220280844,24693.432632377917,3924
2026-05-19 10:50:00,24693.432632377917,24712.315463457326,24679.669243079607,24704.887565826582,4925
2026-05-19 10:55:00,24704.887565826582,24710.464214208394,24686.448184577406,24690.916604695984,2066
2026-05-19 11:00:00,24690.916604695984,24718.688485092083,24688.708062950358,24707.816167438028,3258
2026-05-19 11:05:00,24707.816167438028,24744.141693949503,24703.08219802594,24740.420224004953,3035
2026-05-19 11:10:00,24740.420224004953,24768.855200174195,24732.56673640214,24761.610108125067,4271
2026-05-19 11:15:00,24761.610108125067,24765.44044263112,24744.42793881909,24747.15720261203,4881
2026-05-19 11:20:00,24747.15720261203,24761.57849354392,24746.057764966492,24754.312443545074,1857
2026-05-19 11:25:00,24754.312443545074,24758.19002746171,24722.16747632664,24728.703779698728,4823
2026-05-19 11:30:00,24728.703779698728,24748.218802584848,24723.42009081172,24740.027356059876,3674
2026-05-19 11:35:00,24740.027356059876,24751.40171403481,24731.219401969603,24748.94570866864,2049
2026-05-19 11:40:00,24748.94570866864,24754.738440435183,24701.276538398157,24711.924922210834,4990
2026-05-19 11:45:00,24711.924922210834,24721.789242350435,24687.19338061325,24688.956990109553,1298
2026-05-19 11:50:00,24688.956990109553,24697.821229134915,24683.024016098563,24683.364666874404,4148
2026-05-19 11:55:00,24683.364666874404,24689.982506665143,24670.726616532378,24677.423682192595,1923
2026-05-19 12:00:00,24677.423682192595,24684.03442248699,24644.872477835463,24653.54626237726,1136
2026-05-19 12:05:00,24653.54626237726,24674.754225266624,24648.624797043263,24661.218026456587,2043
2026-05-19 12:10:00,24661.218026456587,24669.210963745416,24646.85619052537,24666.179342854968,3487
2026-05-19 12:15:00,24666.179342854968,24671.450422696398,24655.84738880796,24662.345841054837,1210
2026-05-19 12:20:00,24662.345841054837,24679.22710705932,24644.639090524524,24647.43416796633,3799
2026-05-19 12:25:00,24647.43416796633,24672.68333616926,24645.722803524663,24668.112519854192,2574
2026-05-19 12:30:00,24668.112519854192,24712.156142955973,24663.328216856335,24700.78113499966,3482
2026-05-19 12:35:00,24700.78113499966,24714.712449913408,24689.628128405675,24691.225657897412,1779
2026-05-19 12:40:00,24691.225657897412,24696.504977957527,24672.6703597069,24679.133536703997,2230
2026-05-19 12:45:00,24679.133536703997,24702.779433868647,24672.60782447203,24688.831600359164,3486
2026-05-19 12:50:00,24688.831600359164,24691.58923707904,24676.420471693753,24681.76013870752,2802
2026-05-19 12:55:00,24681.76013870752,24684.998236463918,24672.223863420335,24679.0076840909,3713
2026-05-19 13:00:00,24679.0076840909,24694.982604534216,24668.972389099752,24693.61080874288,2065
2026-05-19 13:05:00,24693.61080874288,24696.762539711905,24647.236004057144,24655.89169184671,1410
2026-05-19 13:10:00,24655.89169184671,24683.54078777027,24654.898331879493,24681.894827317654,4594
2026-05-19 13:15:00,24681.894827317654,24692.799941810023,24681.30543949736,24683.329941763644,3853
2026-05-19 13:20:00,24683.329941763644,24690.38184359406,24671.102878305814,24675.204324918843,3657
2026-05-19 13:25:00,24675.204324918843,24680.215822929375,24667.064473696664,24673.4428281283,1426
2026-05-19 13:30:00,24673.4428281283,24679.162078722853,24672.47894308569,24672.70123039957,4346
2026-05-19 13:35:00,24672.70123039957,24678.846152760972,24622.621030092203,24638.53050037591,2471
2026-05-19 13:40:00,24638.53050037591,24674.660274160353,24632.052126629726,24667.996965266535,3949
2026-05-19 13:45:00,24667.996965266535,24672.15185956318,24656.441292244792,24668.81250172369,1941
2026-05-19 13:50:00,24668.81250172369,24686.316889996517,24657.68622716602,24677.555170918786,2907
2026-05-19 13:55:00,24677.555170918786,24705.06869807653,24675.11120386922,24696.340708487758,1741
2026-05-19 14:00:00,24696.340708487758,24708.693008896636,24674.598588866393,24676.16552771126,2392
2026-05-19 14:05:00,24676.16552771126,24696.792882195583,24671.51850797909,24685.512304473905,2243
2026-05-19 14:10:00,24685.512304473905,24690.960066233238,24678.09415909757,24680.226818519855,2600
2026-05-19 14:15:00,24680.226818519855,24710.147111580056,24669.723915915627,24696.945614356366,4938
2026-05-19 14:20:00,24696.945614356366,24709.219674335414,24636.51578379735,24654.916798428534,2255
2026-05-19 14:25:00,24654.916798428534,24658.795865977925,24643.517975201783,24652.962269046417,1327
2026-05-19 14:30:00,24652.962269046417,24658.400491588163,24638.574438736698,24641.07321714078,2466
2026-05-19 14:35:00,24641.07321714078,24654.92960735325,24632.15052450092,24649.594355553287,3099
2026-05-19 14:40:00,24649.594355553287,24666.63205752956,24641.64255126504,24658.863474391535,4957
2026-05-19 14:45:00,24658.863474391535,24664.46716523254,24632.509710522623,24644.904074126447,2966
2026-05-19 14:50:00,24644.904074126447,24655.03709366612,24623.876313771292,24630.862908873074,1375
2026-05-19 14:55:00,24630.862908873074,24635.999943070823,24620.16063107012,24628.682282055717,1262
2026-05-19 15:00:00,24628.682282055717,24630.778806198407,24602.61864897824,24611.015788825942,1266
2026-05-19 15:05:00,24611.015788825942,24634.892130949465,24608.516149770854,24627.593448044106,3406
2026-05-19 15:10:00,24627.593448044106,24633.850218435553,24613.391692027304,24620.31930017954,4388
2026-05-19 15:15:00,24620.31930017954,24629.549105115126,24561.466225806165,24563.06251765029,4395
2026-05-19 15:20:00,24563.06251765029,24568.80547714209,24548.140673904123,24555.697095562453,2944
2026-05-19 15:25:00,24555.697095562453,24555.98454101205,24527.19266812917,24535.295361574365,4979
2026-05-20 09:15:00,24535.295361574365,24570.79965312627,24530.401106278063,24556.128201663454,2264
2026-05-20 09:20:00,24556.128201663454,24572.13747947979,24549.317087186457,24566.005352739165,2907
2026-05-20 09:25:00,24566.005352739165,24605.36894721095,24554.231363813622,24601.308880412344,3940
2026-05-20 09:30:00,24601.308880412344,24616.29097106705,24598.895364200413,24615.205252774515,3391
2026-05-20 09:35:00,24615.205252774515,24621.413708326727,24608.85035451967,24610.426333222727,2772
2026-05-20 09:40:00,24610.426333222727,24611.960565712452,24586.558332222372,24590.218826201966,2058
2026-05-20 09:45:00,24590.218826201966,24623.96077805151,24586.26975967096,24614.415612793582,3749
2026-05-20 09:50:00,24614.415612793582,24618.34531825024,24591.64492063363,24595.419084558907,3048
2026-05-20 09:55:00,24595.419084558907,24631.948657169403,24581.14030717637,24627.46137781543,3019
2026-05-20 10:00:00,24627.46137781543,24628.031905308068,24615.83469501598,24621.858440235726,1152
2026-05-20 10:05:00,24621.858440235726,24656.33843078803,24621.503231709696,24653.18890953939,3476
2026-05-20 10:10:00,24653.18890953939,24669.67387823539,24651.834336590866,24666.57916661973,1507
2026-05-20 10:15:00,24666.57916661973,24679.72160697935,24661.23671598646,24663.875798551086,4197
2026-05-20 10:20:00,24663.875798551086,24671.748071063343,24644.895412074162,24653.627536467135,1490
2026-05-20 10:25:00,24653.627536467135,24655.49555794409,24642.26544354658,24646.903843801265,4553
2026-05-20 10:30:00,24646.903843801265,24665.590024395246,24646.56946387318,24655.349188066597,1344
2026-05-20 10:35:00,24655.349188066597,24660.156806613933,24654.970497422026,24656.871044351697,2935
2026-05-20 10:40:00,24656.871044351697,24665.01759779582,24641.447854114045,24645.157819300966,2761
2026-05-20 10:45:00,24645.157819300966,24648.607244150127,24631.74616507561,24641.892209503276,1220
2026-05-20 10:50:00,24641.892209503276,24653.393929455626,24639.504598631906,24643.44123886046,2938
2026-05-20 10:55:00,24643.44123886046,24647.30225471866,24601.023535721288,24601.473772005364,2942
2026-05-20 11:00:00,24601.473772005364,24611.213983381862,24597.781776168802,24610.491060692675,1722
2026-05-20 11:05:00,24610.491060692675,24627.268781004746,24587.265362473623,24591.201924338384,4096
2026-05-20 11:10:00,24591.201924338384,24597.760671756045,24559.514331340368,24568.512460327885,1527
2026-05-20 11:15:00,24568.512460327885,24572.74127441483,24528.89444287529,24535.348027834403,4253
2026-05-20 11:20:00,24535.348027834403,24544.74239974917,24487.553439970947,24500.137006426634,2522
2026-05-20 11:25:00,24500.137006426634,24509.606120366916,24460.738815418757,24473.570086801617,3888
2026-05-20 11:30:00,24473.570086801617,24475.719224661927,24456.49796544782,24459.688267521953,2664
2026-05-20 11:35:00,24459.688267521953,24498.97864473455,24456.19960163573,24497.909155209625,4113
2026-05-20 11:40:00,24497.909155209625,24502.422570851944,24481.75840754459,24487.602793188304,4986
2026-05-20 11:45:00,24487.602793188304,24492.120778168355,24484.485076134853,24491.084932387294,1480
2026-05-20 11:50:00,24491.084932387294,24510.60741000005,24481.683892263194,24498.931511307906,3977
2026-05-20 11:55:00,24498.931511307906,24506.611798101232,24482.638603432413,24501.500276924402,2871
2026-05-20 12:00:00,24501.500276924402,24509.88720301971,24496.287120480563,24499.98229214486,4819
2026-05-20 12:05:00,24499.98229214486,24500.801881431988,24458.24654753769,24476.554551311187,3919
2026-05-20 12:10:00,24476.554551311187,24510.883219896274,24469.46370713867,24504.96551713955,2462
2026-05-20 12:15:00,24504.96551713955,24543.248042869265,24492.988717461478,24540.393750287578,2425
2026-05-20 12:20:00,24540.393750287578,24543.438837676327,24503.08188237485,24507.359264766685,4617
2026-05-20 12:25:00,24507.359264766685,24510.871014334916,24478.658736493475,24487.28227550729,1344
2026-05-20 12:30:00,24487.28227550729,24496.502731751538,24480.347078019477,24481.800839637373,4964
2026-05-20 12:35:00,24481.800839637373,24482.738404584125,24447.733839923916,24462.909941879538,1044
2026-05-20 12:40:00,24462.909941879538,24476.92774725994,24449.467458522875,24472.811853693845,4717
2026-05-20 12:45:00,24472.811853693845,24494.31940768149,24450.839502889405,24458.55355882363,3068
2026-05-20 12:50:00,24458.55355882363,24516.0067797305,24447.56605491651,24500.91687065747,2657
2026-05-20 12:55:00,24500.91687065747,24532.262874942986,24487.26224745064,24524.252496369867,4141
2026-05-20 13:00:00,24524.252496369867,24531.192090745924,24523.491524331715,24528.42307173098,2887
2026-05-20 13:05:00,24528.42307173098,24548.71394883363,24519.305469062256,24548.57535457543,3920
2026-05-20 13:10:00,24548.57535457543,24578.930346023455,24533.140362934762,24570.293978497022,3095
2026-05-20 13:15:00,24570.293978497022,24582.793301381185,24547.46142091046,24559.208894041003,2514
2026-05-20 13:20:00,24559.208894041003,24573.18766685717,24538.17332030563,24543.172374191705,3598
2026-05-20 13:25:00,24543.172374191705,24545.86047760254,24537.190694925554,24544.70667712315,3334
2026-05-20 13:30:00,24544.70667712315,24569.167434803796,24544.345653886317,24561.62556187372,2001
2026-05-20 13:35:00,24561.62556187372,24565.649743584683,24560.44395059401,24564.35800142749,2033
2026-05-20 13:40:00,24564.35800142749,24574.208742096536,24530.932607492345,24533.36767650306,3589
2026-05-20 13:45:00,24533.36767650306,24536.39870074163,24506.93836009572,24517.610886692557,3040
2026-05-20 13:50:00,24517.610886692557,24518.581254258872,24509.691997723985,24516.15997638393,3803
2026-05-20 13:55:00,24516.15997638393,24519.503105760818,24506.75249471381,24514.675952335638,1273
2026-05-20 14:00:00,24514.675952335638,24554.971540001046,24504.552643009105,24553.360938148693,1955
2026-05-20 14:05:00,24553.360938148693,24554.034188046226,24523.832431910232,24526.136408384176,3647
2026-05-20 14:10:00,24526.136408384176,24536.651860772366,24521.081087554943,24536.056528953683,2779
2026-05-20 14:15:00,24536.056528953683,24565.671223107904,24525.2615901261,24565.286099676843,1380
2026-05-20 14:20:00,24565.286099676843,24617.75557335203,24557.09421362123,24609.925149962724,2352
2026-05-20 14:25:00,24609.925149962724,24615.21886409113,24601.698983837592,24601.963397710406,1478
2026-05-20 14:30:00,24601.963397710406,24621.12021715253,24598.04095008438,24611.635501237117,3062
2026-05-20 14:35:00,24611.635501237117,24630.07667138897,24600.059225828834,24622.85368862466,1515
2026-05-20 14:40:00,24622.85368862466,24642.260886490814,24620.292591909372,24626.704343084526,1190
2026-05-20 14:45:00,24626.704343084526,24635.227081579895,24606.20301694661,24624.756957847203,2191
2026-05-20 14:50:00,24624.756957847203,24643.590715394686,24611.163517674606,24633.345588252036,4592
2026-05-20 14:55:00,24633.345588252036,24635.578703900796,24583.20536333394,24583.44343390666,3668
2026-05-20 15:00:00,24583.44343390666,24616.066224910202,24578.71940860324,24596.857527288215,2160
2026-05-20 15:05:00,24596.857527288215,24602.00679167402,24595.94932619096,24599.340391223788,3201
2026-05-20 15:10:00,24599.340391223788,24599.814057633168,24594.1274885996,24594.962202652303,2411
2026-05-20 15:15:00,24594.962202652303,24642.705099078285,24585.375949446698,24635.23620132251,4280
2026-05-20 15:20:00,24635.23620132251,24639.04395937053,24620.214976164603,24621.934474143938,1271
2026-05-20 15:25:00,24621.934474143938,24633.23738391966,24608.406770277812,24613.99486567125,1142
2026-05-21 09:15:00,24613.99486567125,24663.72409599158,24611.6195274815,24659.356267604584,3668
2026-05-21 09:20:00,24659.356267604584,24660.40784023357,24628.92875135816,24630.170553863423,1566
2026-05-21 09:25:00,24630.170553863423,24657.487756418748,24622.817350813082,24654.982657433855,1703
2026-05-21 09:30:00,24654.982657433855,24685.21640170878,24653.64017023944,24677.59504125586,2242
2026-05-21 09:35:00,24677.59504125586,24684.05303496484,24642.273654031804,24658.378522226612,1184
2026-05-21 09:40:00,24658.378522226612,24686.70825576313,24657.05823868597,24678.2459422531,4140
2026-05-21 09:45:00,24678.2459422531,24690.95596920529,24667.667431674126,24684.882316708947,4900
2026-05-21 09:50:00,24684.882316708947,24685.361365889687,24669.47549010385,24680.39013694351,4201
2026-05-21 09:55:00,24680.39013694351,24680.92970529448,24659.78668002809,24664.1220975306,2590
2026-05-21 10:00:00,24664.1220975306,24664.66369938757,24647.499396854146,24649.933134880976,2913
2026-05-21 10:05:00,24649.933134880976,24691.46818559445,24640.668388730825,24690.355319761133,4680
2026-05-21 10:10:00,24690.355319761133,24699.19591627937,24687.03527224928,24690.368806995277,1847
2026-05-21 10:15:00,24690.368806995277,24706.438165745047,24685.241232214375,24705.81766954954,1598
2026-05-21 10:20:00,24705.81766954954,24714.115460305682,24675.60189334121,24690.185816814792,1805
2026-05-21 10:25:00,24690.185816814792,24693.100714395296,24674.01635150443,24674.782045493193,4702
2026-05-21 10:30:00,24674.782045493193,24697.4641579048,24659.665711129932,24696.140236969015,4791
2026-05-21 10:35:00,24696.140236969015,24705.247295177323,24667.424091823246,24669.476778264252,2357
2026-05-21 10:40:00,24669.476778264252,24673.94018736188,24661.11746468151,24661.282293139964,4996
2026-05-21 10:45:00,24661.282293139964,24668.246379291286,24658.899404303727,24661.953620812088,4225
2026-05-21 10:50:00,24661.953620812088,24682.53948334103,24661.871555666006,24664.150953565055,4618
2026-05-21 10:55:00,24664.150953565055,24666.110091036677,24654.602375646617,24660.617206511928,3126
2026-05-21 11:00:00,24660.617206511928,24677.86469925935,24654.526429255628,24668.42613459543,3626
2026-05-21 11:05:00,24668.42613459543,24683.222852644765,24666.755380158356,24682.099463422885,2878
2026-05-21 11:10:00,24682.099463422885,24700.557029833995,24681.969043812056,24696.605380996156,3460
2026-05-21 11:15:00,24696.605380996156,24702.82498771192,24669.90780502074,24677.128574879553,1545
2026-05-21 11:20:00,24677.128574879553,24686.14703913891,24661.871013208387,24671.51886937012,2632
2026-05-21 11:25:00,24671.51886937012,24702.933705825595,24666.599101472915,24695.100160963095,3216
2026-05-21 11:30:00,24695.100160963095,24719.241204922586,24691.003830325135,24712.77488248779,3728
2026-05-21 11:35:00,24712.77488248779,24715.11088272473,24678.21394498666,24685.63314923199,4734
2026-05-21 11:40:00,24685.63314923199,24696.809716831027,24681.94829387735,24692.57435233553,3630
2026-05-21 11:45:00,24692.57435233553,24695.038233039177,24647.71263701094,24653.49637309085,3562
2026-05-21 11:50:00,24653.49637309085,24661.323780640665,24647.87757167542,24654.422060641027,4385
2026-05-21 11:55:00,24654.422060641027,24693.50255586763,24641.322659159177,24691.852739843922,3079
2026-05-21 12:00:00,24691.852739843922,24699.743060639932,24669.638230201766,24673.128557933538,3334
2026-05-21 12:05:00,24673.128557933538,24683.880737845575,24643.11529497416,24656.660270125332,3641
2026-05-21 12:10:00,24656.660270125332,24678.51317530354,24647.5734734628,24671.731008333732,4114
2026-05-21 12:15:00,24671.731008333732,24677.925493077546,24625.936597470944,24641.280141147734,2926
2026-05-21 12:20:00,24641.280141147734,24642.317847493126,24628.17068784001,24628.806625986042,1616
2026-05-21 12:25:00,24628.806625986042,24642.832257107388,24627.695961921654,24640.558332739067,4072
2026-05-21 12:30:00,24640.558332739067,24644.436019969715,24625.641239102704,24628.055006795366,4644
2026-05-21 12:35:00,24628.055006795366,24638.04564338201,24615.704277232533,24623.40582133538,3317
2026-05-21 12:40:00,24623.40582133538,24641.199786848203,24614.746505106876,24638.065330736597,2203
2026-05-21 12:45:00,24638.065330736597,24646.665862707017,24634.63297822589,24646.374194693475,2759
2026-05-21 12:50:00,24646.374194693475,24662.254334800058,24642.303462016727,24651.63507952317,3565
2026-05-21 12:55:00,24651.63507952317,24661.3661829247,24642.608154348545,24644.947144582446,4174
2026-05-21 13:00:00,24644.947144582446,24654.321506401666,24638.40207245864,24652.243253883305,4081
2026-05-21 13:05:00,24652.243253883305,24668.015233724745,24648.464075097436,24649.80302338069,3630
2026-05-21 13:10:00,24649.80302338069,24666.32201425433,24640.16535930933,24658.830877866825,4161
2026-05-21 13:15:00,24658.830877866825,24660.000844537146,24644.693342509996,24649.02786765468,1225
2026-05-21 13:20:00,24649.02786765468,24673.00959435016,24642.37851497696,24645.42774946488,1669
2026-05-21 13:25:00,24645.42774946488,24662.49162442679,24624.009275301043,24625.909402863792,2763
2026-05-21 13:30:00,24625.909402863792,24627.24990736595,24623.441797636784,24625.219727477852,1916
2026-05-21 13:35:00,24625.219727477852,24626.005299093602,24609.184690291324,24609.242867905024,3173
2026-05-21 13:40:00,24609.242867905024,24616.593020086886,24584.90842619575,24587.310196178492,4003
2026-05-21 13:45:00,24587.310196178492,24604.963551297722,24586.098027973516,24592.398021680907,4280
2026-05-21 13:50:00,24592.398021680907,24608.670422195042,24590.83325643394,24596.583446675253,4168
2026-05-21 13:55:00,24596.583446675253,24625.178137590603,24589.253477631228,24611.988261995153,3121
2026-05-21 14:00:00,24611.988261995153,24616.58111599501,24596.001323742148,24603.49957602889,4698
2026-05-21 14:05:00,24603.49957602889,24615.833817726845,24593.250674188548,24611.531198464203,2214
2026-05-21 14:10:00,24611.531198464203,24626.04623827882,24599.715661799855,24622.375975771447,2705
2026-05-21 14:15:00,24622.375975771447,24639.041992315488,24613.38425813645,24631.137086107934,2842
2026-05-21 14:20:00,24631.137086107934,24640.002060392842,24613.69011032026,24614.867654870533,2983
2026-05-21 14:25:00,24614.867654870533,24634.914420853736,24608.274900909208,24617.808904749392,4787
2026-05-21 14:30:00,24617.808904749392,24631.318948543536,24614.015685930044,24624.98037372763,1055
2026-05-21 14:35:00,24624.98037372763,24631.2401196392,24624.72392611311,24625.121789413006,1719
2026-05-21 14:40:00,24625.121789413006,24640.033442260315,24569.49985336354,24584.01797625439,3600
2026-05-21 14:45:00,24584.01797625439,24588.244372379566,24579.187396793433,24587.174360095,3079
2026-05-21 14:50:00,24587.174360095,24636.555209612718,24581.19378579397,24630.694269249223,4598
2026-05-21 14:55:00,24630.694269249223,24631.59617482062,24616.258112481344,24623.599855526285,1573
2026-05-21 15:00:00,24623.599855526285,24626.982018163042,24606.155371658922,24609.257552229035,1666
2026-05-21 15:05:00,24609.257552229035,24617.784704190057,24602.934216513804,24616.607816919186,1283
2026-05-21 15:10:00,24616.607816919186,24625.497001515138,24615.886522911263,24622.759570437276,2744
2026-05-21 15:15:00,24622.759570437276,24656.221608989683,24613.41893836178,24646.25431540468,4903
2026-05-21 15:20:00,24646.25431540468,24651.538575920506,24608.208258799077,24621.452924632056,4565
2026-05-21 15:25:00,24621.452924632056,24639.7116936772,24618.62527000822,24635.859040199077,3234
2026-05-22 09:15:00,24635.859040199077,24637.8002930745,24630.755307746178,24633.420505095382,1025
2026-05-22 09:20:00,24633.420505095382,24635.906413419005,24616.70255941335,24623.08112133819,4004
2026-05-22 09:25:00,24623.08112133819,24639.90186436684,24622.850623526367,24632.805364025753,1420
2026-05-22 09:30:00,24632.805364025753,24661.767123690555,24632.67222219505,24658.34589933805,4734
2026-05-22 09:35:00,24658.34589933805,24667.07028686131,24633.012186718537,24636.50537473523,2244
2026-05-22 09:40:00,24636.50537473523,24637.77849857022,24619.202113511426,24629.3015435504,2876
2026-05-22 09:45:00,24629.3015435504,24634.26334666772,24621.942602787356,24626.320428255673,3543
2026-05-22 09:50:00,24626.320428255673,24637.609365219887,24578.86445210748,24598.821906540878,2260
2026-05-22 09:55:00,24598.821906540878,24617.01166631489,24594.173581163293,24610.459102286943,3284
2026-05-22 10:00:00,24610.459102286943,24616.076537927656,24592.60200968207,24596.204914727103,2008
2026-05-22 10:05:00,24596.204914727103,24596.64828095792,24587.687725400145,24592.360225834374,1218
2026-05-22 10:10:00,24592.360225834374,24595.225078449595,24583.301720971038,24583.468624428057,2510
2026-05-22 10:15:00,24583.468624428057,24592.68377378483,24557.585343026054,24567.94488171653,2959
2026-05-22 10:20:00,24567.94488171653,24577.767962208793,24560.546680933385,24567.80641706455,3508
2026-05-22 10:25:00,24567.80641706455,24570.38190438822,24562.104686530674,24563.56877355421,1662
2026-05-22 10:30:00,24563.56877355421,24569.26188723192,24555.678968726283,24556.261448221936,3682
2026-05-22 10:35:00,24556.261448221936,24559.054623155636,24537.686962368367,24541.950812992356,4215
2026-05-22 10:40:00,24541.950812992356,24557.28415093795,24538.410633228927,24548.224219995467,1989
2026-05-22 10:45:00,24548.224219995467,24585.101127540656,24543.097313568753,24580.69891398027,1188
2026-05-22 10:50:00,24580.69891398027,24601.07831292266,24576.88134040116,24583.449734742135,1254
2026-05-22 10:55:00,24583.449734742135,24606.082717457488,24582.80005874124,24603.040152395042,1067
2026-05-22 11:00:00,24603.040152395042,24609.782421667136,24559.678905376448,24575.67720371881,1615
2026-05-22 11:05:00,24575.67720371881,24582.743165035645,24565.18081424143,24578.77887908463,3383
2026-05-22 11:10:00,24578.77887908463,24581.93616761583,24543.558478055078,24557.20130047591,3718
2026-05-22 11:15:00,24557.20130047591,24559.26405603898,24522.419976364505,24528.185986275035,3868
2026-05-22 11:20:00,24528.185986275035,24537.59767740908,24508.686823588876,24513.677634758966,1873
2026-05-22 11:25:00,24513.677634758966,24540.84504465908,24511.337283109056,24537.051903604483,4480
2026-05-22 11:30:00,24537.051903604483,24561.846286008677,24531.30172122597,24555.70037376233,3347
2026-05-22 11:35:00,24555.70037376233,24576.56683004981,24553.786501438204,24560.474094677673,4979
2026-05-22 11:40:00,24560.474094677673,24564.677672931157,24518.595198625222,24530.359012760815,2625
2026-05-22 11:45:00,24530.359012760815,24534.632066157355,24520.605122072746,24526.50714488417,1356
2026-05-22 11:50:00,24526.50714488417,24536.926491983297,24520.162945546734,24532.426862823326,1255
2026-05-22 11:55:00,24532.426862823326,24536.55606673939,24522.00381682311,24535.871926594456,2007
2026-05-22 12:00:00,24535.871926594456,24537.634843139927,24491.219790334926,24499.680660015765,3400
2026-05-22 12:05:00,24499.680660015765,24507.889281271004,24461.378564066832,24482.230657645847,2755
2026-05-22 12:10:00,24482.230657645847,24483.599822745648,24475.03131471393,24480.975644364313,4592
2026-05-22 12:15:00,24480.975644364313,24496.85440708304,24473.949336142876,24491.47878411966,3571
2026-05-22 12:20:00,24491.47878411966,24505.3686904996,24444.658087510943,24448.44964976951,4908
2026-05-22 12:25:00,24448.44964976951,24448.811303447656,24443.654219853306,24445.27870588828,3997
2026-05-22 12:30:00,24445.27870588828,24453.71519482185,24445.115164893065,24448.07619952686,3803
2026-05-22 12:35:00,24448.07619952686,24469.157324923995,24443.023621655568,24464.69330243508,4765
2026-05-22 12:40:00,24464.69330243508,24480.92027201757,24463.19049345741,24478.253741075587,1283
2026-05-22 12:45:00,24478.253741075587,24491.94769748559,24472.629532217616,24489.66200392685,4383
2026-05-22 12:50:00,24489.66200392685,24503.54506566767,24462.125626801906,24473.989785820944,1098
2026-05-22 12:55:00,24473.989785820944,24488.786332561656,24434.43593182745,24436.63264596872,1196
2026-05-22 13:00:00,24436.63264596872,24446.094347339156,24422.11521620186,24428.948737300885,3529
2026-05-22 13:05:00,24428.948737300885,24451.43703905072,24425.906598196907,24448.523787310216,1877
2026-05-22 13:10:00,24448.523787310216,24483.87178511656,24443.38445863525,24475.778112240387,4297
2026-05-22 13:15:00,24475.778112240387,24492.24460894164,24455.110854946724,24489.69110597294,2868
2026-05-22 13:20:00,24489.69110597294,24498.73982401843,24488.92450914212,24498.10264527662,3662
2026-05-22 13:25:00,24498.10264527662,24508.15776435061,24495.212062331975,24505.543006136122,3665
2026-05-22 13:30:00,24505.543006136122,24506.951418572557,24489.21707973914,24494.64061264391,2388
2026-05-22 13:35:00,24494.64061264391,24498.36066997284,24490.76022248081,24492.091988525055,3415
2026-05-22 13:40:00,24492.091988525055,24535.443654771832,24488.710084031423,24524.795192014484,1569
2026-05-22 13:45:00,24524.795192014484,24528.974976440597,24504.86989878471,24506.30235837557,3637
2026-05-22 13:50:00,24506.30235837557,24545.68708565071,24498.80566983011,24537.960164205193,4146
2026-05-22 13:55:00,24537.960164205193,24547.990518105515,24530.119915263305,24531.63863298385,2065
2026-05-22 14:00:00,24531.63863298385,24569.737542000683,24520.877614270077,24557.650650210147,1421
2026-05-22 14:05:00,24557.650650210147,24580.872782644885,24526.71068075185,24530.012192983977,3883
2026-05-22 14:10:00,24530.012192983977,24549.78165475246,24522.93292574075,24541.50998274277,2204
2026-05-22 14:15:00,24541.50998274277,24543.298190147878,24525.30086046218,24527.044821425694,1544
2026-05-22 14:20:00,24527.044821425694,24542.36513989042,24493.76336029685,24499.274963945198,1070
2026-05-22 14:25:00,24499.274963945198,24507.624341168532,24497.222406078083,24503.55810442041,4639
2026-05-22 14:30:00,24503.55810442041,24527.37973670126,24496.567895525306,24523.346624921713,4176
2026-05-22 14:35:00,24523.346624921713,24537.497423303932,24504.428215199983,24506.7699915006,2223
2026-05-22 14:40:00,24506.7699915006,24512.464984771264,24470.098918847525,24477.381160015368,4172
2026-05-22 14:45:00,24477.381160015368,24489.785193136177,24470.935630526605,24475.582664572023,1767
2026-05-22 14:50:00,24475.582664572023,24479.043000964735,24472.48056112784,24473.870640078192,3354
2026-05-22 14:55:00,24473.870640078192,24499.116955050366,24471.68822470963,24484.606242985537,4657
2026-05-22 15:00:00,24484.606242985537,24508.72790585561,24475.8708763939,24503.206602321803,2706
2026-05-22 15:05:00,24503.206602321803,24518.386949281816,24494.294471290013,24502.04191235218,3424
2026-05-22 15:10:00,24502.04191235218,24538.62229950464,24497.837315810662,24538.41280834226,1654
2026-05-22 15:15:00,24538.41280834226,24558.113305267096,24533.22493316102,24542.81470012416,3725
2026-05-22 15:20:00,24542.81470012416,24545.17300302384,24524.69501478028,24536.012874888853,3446
2026-05-22 15:25:00,24536.012874888853,24548.109459165593,24503.31448586259,24504.379724911494,2796
2026-05-25 09:15:00,24504.379724911494,24504.908020943847,24474.71439171281,24476.302632985095,2139
2026-05-25 09:20:00,24476.302632985095,24478.879141557692,24461.101318033492,24465.32657428978,3209
2026-05-25 09:25:00,24465.32657428978,24474.69040516427,24438.461177045374,24445.63974553178,4650
2026-05-25 09:30:00,24445.63974553178,24446.163311499822,24410.048239530006,24412.211610312075,4783
2026-05-25 09:35:00,24412.211610312075,24430.24169788963,24408.277627562966,24424.932228130383,3590
2026-05-25 09:40:00,24424.932228130383,24428.706280433118,24387.658995329723,24399.157791793303,4658
2026-05-25 09:45:00,24399.157791793303,24431.140760982045,24394.408357751334,24418.363299600627,4308
2026-05-25 09:50:00,24418.363299600627,24427.907431862885,24415.602249760377,24426.06136854754,1838
2026-05-25 09:55:00,24426.06136854754,24438.35663872166,24417.96399408731,24431.813045277184,2089
2026-05-25 10:00:00,24431.813045277184,24474.579782062952,24415.792276157717,24464.36226069794,2093
2026-05-25 10:05:00,24464.36226069794,24466.756855347227,24424.83680251759,24439.19718754953,4880
2026-05-25 10:10:00,24439.19718754953,24462.856548048538,24438.143104331168,24456.28061643625,3494
2026-05-25 10:15:00,24456.28061643625,24456.435924660233,24446.905361607973,24450.45723220488,3463
2026-05-25 10:20:00,24450.45723220488,24501.233824000097,24443.686003746414,24500.748304929417,3579
2026-05-25 10:25:00,24500.748304929417,24511.743100878604,24489.290193277924,24493.28450611881,3488
2026-05-25 10:30:00,24493.28450611881,24500.432438135853,24477.060740717683,24482.658176225395,3785
2026-05-25 10:35:00,24482.658176225395,24491.858716379622,24480.416058901537,24490.992773759466,2969
2026-05-25 10:40:00,24490.992773759466,24492.459782459373,24483.735915709465,24486.899671877305,3511
2026-05-25 10:45:00,24486.899671877305,24499.440696745238,24469.012372557074,24472.041746707167,4992
2026-05-25 10:50:00,24472.041746707167,24474.424595786088,24448.62685716009,24453.0460235373,3443
2026-05-25 10:55:00,24453.0460235373,24482.49822373377,24452.421575461885,24481.572056710313,3758
2026-05-25 11:00:00,24481.572056710313,24485.640571175183,24447.08217365049,24458.78536088905,2574
2026-05-25 11:05:00,24458.78536088905,24469.446006926064,24457.889136836242,24463.150521493873,4728
2026-05-25 11:10:00,24463.150521493873,24492.87658043234,24452.019233024883,24483.820594762747,2580
2026-05-25 11:15:00,24483.820594762747,24507.931849743218,24474.991313313174,24505.45440041986,3442
2026-05-25 11:20:00,24505.45440041986,24513.146862019243,24489.30901844409,24493.659388014614,3373
2026-05-25 11:25:00,24493.659388014614,24509.452754224883,24487.017291702086,24489.619211792604,4964
2026-05-25 11:30:00,24489.619211792604,24495.678187455855,24474.136696807484,24481.778742631905,4990
2026-05-25 11:35:00,24481.778742631905,24491.57259375212,24449.88105623958,24451.714750861203,2114
2026-05-25 11:40:00,24451.714750861203,24475.61132818982,24451.700009007764,24462.229328239795,1749
2026-05-25 11:45:00,24462.229328239795,24464.72876484957,24459.8061095324,24462.98283624739,2093
2026-05-25 11:50:00,24462.98283624739,24501.909825639174,24462.943444931876,24491.17564272812,2189
2026-05-25 11:55:00,24491.17564272812,24495.939765954477,24469.758058426552,24475.04663422572,3689
2026-05-25 12:00:00,24475.04663422572,24504.724984917422,24463.833889077934,24496.363353459874,3261
2026-05-25 12:05:00,24496.363353459874,24523.428300182408,24489.314772830217,24519.080970225554,2875
2026-05-25 12:10:00,24519.080970225554,24524.337890343675,24514.885690789186,24520.004293825754,4672
2026-05-25 12:15:00,24520.004293825754,24521.244208907232,24464.785830075583,24477.42066579524,4406
2026-05-25 12:20:00,24477.42066579524,24482.634380328902,24461.902018694203,24467.383598458484,2787
2026-05-25 12:25:00,24467.383598458484,24515.703730669185,24466.06921969431,24502.34007354309,3416
2026-05-25 12:30:00,24502.34007354309,24512.49926091758,24499.086856048863,24508.16292277021,4932
2026-05-25 12:35:00,24508.16292277021,24522.838878758244,24496.99856987082,24521.7580851399,2607
2026-05-25 12:40:00,24521.7580851399,24535.944218163462,24519.352428196096,24520.008868064593,4748
2026-05-25 12:45:00,24520.008868064593,24522.580174254104,24511.65681932229,24515.625810359514,1048
2026-05-25 12:50:00,24515.625810359514,24521.457691599066,24476.421116310623,24479.00251379532,2075
2026-05-25 12:55:00,24479.00251379532,24499.617801613713,24477.12377741318,24494.566052429007,2312
2026-05-25 13:00:00,24494.566052429007,24519.014019349273,24490.98334089539,24515.723110496718,4861
2026-05-25 13:05:00,24515.723110496718,24517.987645067173,24490.392454130917,24497.074249291345,2649
2026-05-25 13:10:00,24497.074249291345,24500.878052478645,24487.69589957741,24493.569107538184,4310
2026-05-25 13:15:00,24493.569107538184,24495.76073934754,24479.03142727996,24487.42139261117,3180
2026-05-25 13:20:00,24487.42139261117,24499.560862226797,24487.20888931822,24495.652169218636,4046
2026-05-25 13:25:00,24495.652169218636,24497.60515724256,24474.45457808242,24484.98453646165,3833
2026-05-25 13:30:00,24484.98453646165,24509.42300204089,24469.52145199547,24503.227630943493,2189
2026-05-25 13:35:00,24503.227630943493,24507.4645445434,24495.26112713352,24504.625771706396,2397
2026-05-25 13:40:00,24504.625771706396,24506.913533227864,24447.426986507544,24454.647645377703,3420
2026-05-25 13:45:00,24454.647645377703,24465.84233335871,24444.863451517565,24463.308900045948,2828
2026-05-25 13:50:00,24463.308900045948,24483.26622660304,24457.351408332095,24482.808133631785,4549
2026-05-25 13:55:00,24482.808133631785,24484.113042254685,24453.957405033078,24460.24356996268,4826
2026-05-25 14:00:00,24460.24356996268,24478.826622150726,24459.200745676437,24468.241618269145,1478
2026-05-25 14:05:00,24468.241618269145,24504.557849965968,24460.214908987284,24504.06233455013,1831
2026-05-25 14:10:00,24504.06233455013,24515.550259073745,24500.400059264914,24506.259199704513,3697
2026-05-25 14:15:00,24506.259199704513,24535.973060925906,24501.50816536796,24528.640841991815,2614
2026-05-25 14:20:00,24528.640841991815,24532.97636143797,24510.585650100682,24519.964473622662,1681
2026-05-25 14:25:00,24519.964473622662,24525.368941329933,24515.06543982282,24519.61208665085,4706
2026-05-25 14:30:00,24519.61208665085,24523.70307551375,24511.751380611902,24515.59829896715,3735
2026-05-25 14:35:00,24515.59829896715,24518.62773439975,24506.79270745846,24508.005907874624,2323
2026-05-25 14:40:00,24508.005907874624,24511.495350172547,24497.150226194848,24505.10960967173,1081
2026-05-25 14:45:00,24505.10960967173,24508.56192374582,24464.769465552054,24473.141581047694,1086
2026-05-25 14:50:00,24473.141581047694,24482.078744733088,24448.321755752084,24466.6634399476,3272
2026-05-25 14:55:00,24466.6634399476,24493.182442880432,24450.006237504396,24492.848768181768,3063
2026-05-25 15:00:00,24492.848768181768,24494.502442465484,24467.179601705677,24473.96595632427,1821
2026-05-25 15:05:00,24473.96595632427,24477.322511539638,24439.78450882127,24453.091948811518,4429
2026-05-25 15:10:00,24453.091948811518,24460.576166731473,24439.882141678663,24454.289414208415,1162
2026-05-25 15:15:00,24454.289414208415,24459.069564404253,24441.148179919375,24456.464538020926,4681
2026-05-25 15:20:00,24456.464538020926,24466.11697521067,24455.38343066505,24463.849700033647,4739
2026-05-25 15:25:00,24463.849700033647,24475.47700494307,24460.272457363964,24461.623713346056,3561
2026-05-26 09:15:00,24461.623713346056,24465.256011145615,24428.19018155529,24436.578963933614,3857
2026-05-26 09:20:00,24436.578963933614,24440.22665482718,24380.05964733004,24390.214770935872,3763
2026-05-26 09:25:00,24390.214770935872,24438.485951780804,24384.62555552647,24430.059984865566,3032
2026-05-26 09:30:00,24430.059984865566,24438.00508137502,24429.670764160248,24435.830950194922,2507
2026-05-26 09:35:00,24435.830950194922,24445.123785604268,24416.614828440524,24420.651428810874,1449
2026-05-26 09:40:00,24420.651428810874,24425.836705393533,24419.420515591122,24423.721161722406,3570
2026-05-26 09:45:00,24423.721161722406,24435.64325372969,24416.795486834348,24427.16373059948,2894
2026-05-26 09:50:00,24427.16373059948,24436.9330939783,24410.46414174076,24414.132352365465,2377
2026-05-26 09:55:00,24414.132352365465,24429.36337019712,24407.698199669252,24417.997923334453,4033
2026-05-26 10:00:00,24417.997923334453,24422.84771743233,24400.695152765435,24406.131317688374,3705
2026-05-26 10:05:00,24406.131317688374,24414.83403273279,24393.569384740927,24398.23618817359,1596
2026-05-26 10:10:00,24398.23618817359,24411.77254047049,24383.25585279725,24384.840987817457,3147
2026-05-26 10:15:00,24384.840987817457,24391.008684656863,24354.676019041155,24356.892618546968,1615
2026-05-26 10:20:00,24356.892618546968,24368.232248783635,24355.293348009563,24359.73431714289,1947
2026-05-26 10:25:00,24359.73431714289,24375.38120602054,24354.13467455458,24371.1405081585,2581
2026-05-26 10:30:00,24371.1405081585,24389.637582890227,24363.535295968097,24381.17914853076,1555
2026-05-26 10:35:00,24381.17914853076,24403.39360354981,24366.95130365532,24397.17174410908,1277
2026-05-26 10:40:00,24397.17174410908,24406.55999309311,24383.842939231065,24403.50213115488,4764
2026-05-26 10:45:00,24403.50213115488,24404.28873686034,24388.728146291356,24393.101836890033,4770
2026-05-26 10:50:00,24393.101836890033,24412.324103600644,24390.39265199026,24409.487441813093,3013
2026-05-26 10:55:00,24409.487441813093,24411.854079405726,24378.70420003145,24382.97839594044,4697
2026-05-26 11:00:00,24382.97839594044,24392.36937956789,24364.6751156265,24365.409555251128,1490
2026-05-26 11:05:00,24365.409555251128,24374.875411493795,24346.19587073833,24346.615051544384,1254
2026-05-26 11:10:00,24346.615051544384,24371.630030414053,24343.61640007833,24367.651618829143,3428
2026-05-26 11:15:00,24367.651618829143,24392.21818486152,24365.96243267121,24386.030452479383,1891
2026-05-26 11:20:00,24386.030452479383,24399.299454396543,24375.838204304837,24395.537204759567,1541
2026-05-26 11:25:00,24395.537204759567,24419.835488027355,24389.394292996363,24416.4574486857,2287
2026-05-26 11:30:00,24416.4574486857,24421.999237443357,24392.893385857737,24399.282272172,2633
2026-05-26 11:35:00,24399.282272172,24416.2968989991,24392.210212988197,24406.08664875455,1824
2026-05-26 11:40:00,24406.08664875455,24413.80305931767,24403.061424376738,24403.64263439829,3926
2026-05-26 11:45:00,24403.64263439829,24428.92737918552,24401.442895307373,24420.17624097163,2352
2026-05-26 11:50:00,24420.17624097163,24422.27005096176,24410.55879436568,24417.925204118703,4186
2026-05-26 11:55:00,24417.925204118703,24424.11627596155,24407.768072649378,24410.40559879306,4347
2026-05-26 12:00:00,24410.40559879306,24425.022924356716,24406.468353488297,24420.968635856992,4559
2026-05-26 12:05:00,24420.968635856992,24438.33487593656,24416.166956945217,24438.08615565834,1280
2026-05-26 12:10:00,24438.08615565834,24449.777990709194,24417.17785869571,24425.01969369563,2298
2026-05-26 12:15:00,24425.01969369563,24428.10237272746,24411.2306093293,24423.826274115163,1772
2026-05-26 12:20:00,24423.826274115163,24428.060785111233,24396.5833371475,24403.14533798914,3890
2026-05-26 12:25:00,24403.14533798914,24409.59616343677,24352.774609598062,24354.376901130705,3766
2026-05-26 12:30:00,24354.376901130705,24358.292244114462,24348.591329101346,24358.28255666423,4967
2026-05-26 12:35:00,24358.28255666423,24373.039008027456,24354.11261041311,24370.14806763857,1327
2026-05-26 12:40:00,24370.14806763857,24382.259650104985,24363.915631519525,24375.25735319141,3258
2026-05-26 12:45:00,24375.25735319141,24379.56689063368,24328.26601726358,24337.240498314455,3774
2026-05-26 12:50:00,24337.240498314455,24340.58909795104,24319.810347254424,24330.409532747683,1922
2026-05-26 12:55:00,24330.409532747683,24336.66270940529,24287.12779121768,24287.230885157205,1551
2026-05-26 13:00:00,24287.230885157205,24326.078928187046,24282.88533068684,24313.843882793404,3073
2026-05-26 13:05:00,24313.843882793404,24319.71692887462,24290.538571933073,24292.718953547155,3074
2026-05-26 13:10:00,24292.718953547155,24324.972439789864,24286.823699006916,24317.11668719346,1701
2026-05-26 13:15:00,24317.11668719346,24351.357411920293,24312.853006934347,24335.517345190536,4154
2026-05-26 13:20:00,24335.517345190536,24344.235710255656,24312.517418921165,24317.98427947449,2919
2026-05-26 13:25:00,24317.98427947449,24324.978947302006,24294.331909758672,24295.946642164927,3729
2026-05-26 13:30:00,24295.946642164927,24312.617609916248,24287.368019557412,24302.756703030784,3460
2026-05-26 13:35:00,24302.756703030784,24314.30237203721,24273.07687656207,24286.341181707437,1166
2026-05-26 13:40:00,24286.341181707437,24291.341679748813,24282.214486021723,24288.33236329571,4771
2026-05-26 13:45:00,24288.33236329571,24289.89216751291,24272.893466809644,24278.950701695958,1168
2026-05-26 13:50:00,24278.950701695958,24281.714171179283,24242.831435707147,24244.35497582658,4872
2026-05-26 13:55:00,24244.35497582658,24249.376995297614,24193.94592877083,24201.093969092275,1228
2026-05-26 14:00:00,24201.093969092275,24207.41159079744,24201.05073594911,24205.48277453158,3002
2026-05-26 14:05:00,24205.48277453158,24210.259217100593,24188.91796134194,24194.60855344701,4680
2026-05-26 14:10:00,24194.60855344701,24195.113245381246,24182.537251988204,24183.903120154904,1366
2026-05-26 14:15:00,24183.903120154904,24205.98271715699,24175.246881786745,24197.366083090477,1527
2026-05-26 14:20:00,24197.366083090477,24227.76755665299,24189.95068851488,24220.081452966515,1790
2026-05-26 14:25:00,24220.081452966515,24224.361956118784,24208.125206691173,24214.800608685746,4718
2026-05-26 14:30:00,24214.800608685746,24221.597192033176,24204.864345586622,24208.20258486543,4609
2026-05-26 14:35:00,24208.20258486543,24219.18127454983,24200.36027144474,24217.888635959054,4935
2026-05-26 14:40:00,24217.888635959054,24224.520541915816,24187.14584476868,24191.598944348527,1523
2026-05-26 14:45:00,24191.598944348527,24198.947721060347,24190.174729708604,24195.91768771146,2095
2026-05-26 14:50:00,24195.91768771146,24209.0989104876,24191.955944592755,24206.600397749226,2668
2026-05-26 14:55:00,24206.600397749226,24222.304273797185,24190.83048938016,24219.77324641614,3153
2026-05-26 15:00:00,24219.77324641614,24226.296818602936,24182.188218751162,24182.24707738495,3779
2026-05-26 15:05:00,24182.24707738495,24185.785220933834,24166.371865124333,24167.518052386396,2908
2026-05-26 15:10:00,24167.518052386396,24175.307241072518,24148.52684506501,24150.53769797251,4012
2026-05-26 15:15:00,24150.53769797251,24156.064343220547,24141.182210714243,24152.467556898904,4760
2026-05-26 15:20:00,24152.467556898904,24176.797656046943,24149.411448031056,24161.756491191707,2305
2026-05-26 15:25:00,24161.756491191707,24199.251446499646,24152.259529839772,24190.68701311374,1132
2026-05-27 09:15:00,24190.68701311374,24206.277203806654,24189.951677313195,24202.300844881225,2109
2026-05-27 09:20:00,24202.300844881225,24206.41262124748,24179.460323207582,24194.648754983955,2172
2026-05-27 09:25:00,24194.648754983955,24198.67798954481,24172.16236190375,24183.083215405455,4771
2026-05-27 09:30:00,24183.083215405455,24224.1408623688,24180.045955427842,24220.7748591164,1371
2026-05-27 09:35:00,24220.7748591164,24226.364376750545,24192.252723885584,24192.738206397098,3027
2026-05-27 09:40:00,24192.738206397098,24193.655688143626,24181.03532889269,24191.592465906808,4551
2026-05-27 09:45:00,24191.592465906808,24200.138951582114,24157.93034059303,24163.245786023217,1817
2026-05-27 09:50:00,24163.245786023217,24202.254304474667,24161.00222312824,24188.661937564364,2174
2026-05-27 09:55:00,24188.661937564364,24195.75941248897,24182.105641879512,24188.52408904638,2164
2026-05-27 10:00:00,24188.52408904638,24192.24498005036,24184.746367604148,24191.971903559574,2092
2026-05-27 10:05:00,24191.971903559574,24247.549230855442,24178.241237752565,24245.559875526367,2283
2026-05-27 10:10:00,24245.559875526367,24247.004977746237,24231.244603421674,24234.04861369112,3011
2026-05-27 10:15:00,24234.04861369112,24271.716418016964,24233.67151592128,24267.948672655937,1845
2026-05-27 10:20:00,24267.948672655937,24282.74969990735,24259.37063230874,24260.362863021033,2991
2026-05-27 10:25:00,24260.362863021033,24275.73677415475,24240.18902538897,24255.830785457798,1520
2026-05-27 10:30:00,24255.830785457798,24312.783612528325,24242.48897796227,24307.023691543374,4704
2026-05-27 10:35:00,24307.023691543374,24307.037587623232,24298.416255739176,24303.89118945011,1370
2026-05-27 10:40:00,24303.89118945011,24304.145409727666,24262.282831950266,24277.169130999006,2442
2026-05-27 10:45:00,24277.169130999006,24297.191124263365,24276.446639875212,24282.64448307945,1100
2026-05-27 10:50:00,24282.64448307945,24283.286447049944,24276.546458024724,24279.288877547715,1660
2026-05-27 10:55:00,24279.288877547715,24297.992884523974,24273.021295130056,24286.41913833748,2681
2026-05-27 11:00:00,24286.41913833748,24289.382524477,24277.91537199906,24283.823448733707,4936
2026-05-27 11:05:00,24283.823448733707,24333.884857122062,24272.294303091894,24326.86496417587,4015
2026-05-27 11:10:00,24326.86496417587,24338.683415212385,24324.985337488102,24337.69987423353,1242
2026-05-27 11:15:00,24337.69987423353,24338.565143144006,24311.939005383098,24316.770141045527,3800
2026-05-27 11:20:00,24316.770141045527,24327.102117615803,24309.983532100836,24319.193001810818,1511
2026-05-27 11:25:00,24319.193001810818,24321.8028605324,24303.220762138288,24303.63592019168,3896
2026-05-27 11:30:00,24303.63592019168,24303.797073347232,24296.367855061064,24298.819642559214,3602
2026-05-27 11:35:00,24298.819642559214,24302.875759759056,24276.201888954336,24281.121534862166,4166
2026-05-27 11:40:00,24281.121534862166,24323.462916535893,24272.705937951738,24322.052095622425,3273
2026-05-27 11:45:00,24322.052095622425,24326.80294319666,24298.470885074432,24308.59938151964,2541
2026-05-27 11:50:00,24308.59938151964,24327.576581601676,24306.411193170727,24321.970362624954,3261
2026-05-27 11:55:00,24321.970362624954,24326.526341564993,24313.085730135605,24315.67623709551,3765
2026-05-27 12:00:00,24315.67623709551,24338.28741255761,24290.118940339322,24293.14215737306,3114
2026-05-27 12:05:00,24293.14215737306,24297.92113902447,24290.652766467825,24296.983375463176,1395
2026-05-27 12:10:00,24296.983375463176,24308.8118484465,24290.662322840548,24304.771857786658,1611
2026-05-27 12:15:00,24304.771857786658,24318.421213742524,24297.92008060725,24315.633690132505,4083
2026-05-27 12:20:00,24315.633690132505,24330.214840009907,24256.19867558083,24264.62495379885,2260
2026-05-27 12:25:00,24264.62495379885,24279.385656746304,24240.445040453385,24240.654499304463,2857
2026-05-27 12:30:00,24240.654499304463,24260.4256279733,24230.99336806227,24259.22390179085,1769
2026-05-27 12:35:00,24259.22390179085,24265.239086770096,24236.352319410307,24241.299111308308,2422
2026-05-27 12:40:00,24241.299111308308,24249.4875482879,24239.852998475064,24245.23481324945,1406
2026-05-27 12:45:00,24245.23481324945,24247.927675172057,24208.424352303617,24220.8339299401,3972
2026-05-27 12:50:00,24220.8339299401,24237.85833335054,24218.418133666983,24235.009920978777,2872
2026-05-27 12:55:00,24235.009920978777,24257.87375307989,24227.691463834926,24253.065383297224,2503
2026-05-27 13:00:00,24253.065383297224,24269.09131622495,24243.736666714856,24267.266230344485,3694
2026-05-27 13:05:00,24267.266230344485,24293.228296090154,24264.511760585345,24287.31209519516,3269
2026-05-27 13:10:00,24287.31209519516,24326.337935153322,24286.253279706332,24317.698439919077,2179
2026-05-27 13:15:00,24317.698439919077,24322.002509790076,24294.489483397418,24294.857815376214,1653
2026-05-27 13:20:00,24294.857815376214,24299.676233008333,24268.677765448723,24279.52927743197,3475
2026-05-27 13:25:00,24279.52927743197,24306.18182684517,24273.625793052543,24296.96282574634,2181
2026-05-27 13:30:00,24296.96282574634,24324.630746036077,24293.575881715286,24318.931551971345,1976
2026-05-27 13:35:00,24318.931551971345,24325.98198038138,24299.725545364738,24305.81211186697,2439
2026-05-27 13:40:00,24305.81211186697,24307.716546186457,24280.786962233353,24291.347507917817,4053
2026-05-27 13:45:00,24291.347507917817,24298.80398704203,24276.868209109078,24278.672992291213,4397
2026-05-27 13:50:00,24278.672992291213,24280.129588110645,24235.84908858023,24247.497331688337,3418
2026-05-27 13:55:00,24247.497331688337,24254.98374826499,24221.3921434337,24222.834500290544,2367
2026-05-27 14:00:00,24222.834500290544,24226.44476243195,24192.26191359681,24198.664129639346,4333
2026-05-27 14:05:00,24198.664129639346,24204.76931756335,24191.614490098225,24192.970697488417,4354
2026-05-27 14:10:00,24192.970697488417,24201.147175683403,24188.694941837493,24198.21256940152,3897
2026-05-27 14:15:00,24198.21256940152,24208.53176842129,24197.077456870207,24206.603983580037,3903
2026-05-27 14:20:00,24206.603983580037,24216.485187366838,24186.567231135057,24196.755531527204,1228
2026-05-27 14:25:00,24196.755531527204,24196.94828303033,24181.49212377383,24187.38679718076,4959
2026-05-27 14:30:00,24187.38679718076,24189.945511350725,24185.30448350155,24189.779635912873,3327
2026-05-27 14:35:00,24189.779635912873,24195.131718225486,24158.683631988428,24160.829025937222,2893
2026-05-27 14:40:00,24160.829025937222,24179.739117136724,24157.980726925107,24179.373728862196,2313
2026-05-27 14:45:00,24179.373728862196,24208.852334883057,24179.031145153942,24204.23757769969,4751
2026-05-27 14:50:00,24204.23757769969,24212.069102355017,24182.845907728315,24192.124215796797,2070
2026-05-27 14:55:00,24192.124215796797,24194.502813151623,24167.449972128656,24184.413002149573,1974
2026-05-27 15:00:00,24184.413002149573,24232.252920280625,24182.700963985106,24208.46802321859,2738
2026-05-27 15:05:00,24208.46802321859,24214.408251785702,24205.284167338716,24206.084910814043,4285
2026-05-27 15:10:00,24206.084910814043,24226.257574535997,24201.606099396733,24217.476206184525,1757
2026-05-27 15:15:00,24217.476206184525,24217.721515521556,24211.063858682686,24215.687883242066,4095
2026-05-27 15:20:00,24215.687883242066,24248.30427565269,24215.27432951003,24245.837526417927,1320
2026-05-27 15:25:00,24245.837526417927,24263.83367047017,24240.91181307494,24255.3434392512,3321
2026-05-28 09:15:00,24255.3434392512,24274.536007908635,24253.813009581067,24263.406900011916,2441
2026-05-28 09:20:00,24263.406900011916,24266.06644301846,24237.178307317554,24255.162733652196,4184
2026-05-28 09:25:00,24255.162733652196,24271.540548459365,24242.968752927707,24264.86415243793,2067
2026-05-28 09:30:00,24264.86415243793,24273.642858243074,24251.570506971973,24268.766233397528,1127
2026-05-28 09:35:00,24268.766233397528,24276.474823594737,24252.936424979238,24260.559226672918,3923
2026-05-28 09:40:00,24260.559226672918,24276.55034463176,24260.45746467059,24275.107444495916,1157
2026-05-28 09:45:00,24275.107444495916,24278.598994070046,24262.53975631194,24271.729390022476,4856
2026-05-28 09:50:00,24271.729390022476,24272.23730092996,24254.693386007297,24258.26710938237,1826
2026-05-28 09:55:00,24258.26710938237,24271.459399871823,24251.07219605056,24263.20301679802,4465
2026-05-28 10:00:00,24263.20301679802,24264.307480893538,24239.84129732957,24243.53954423601,2890
2026-05-28 10:05:00,24243.53954423601,24247.343643843495,24209.445475808294,24210.816123674776,3899
2026-05-28 10:10:00,24210.816123674776,24211.74601416267,24209.028654587226,24210.717254922456,1511
2026-05-28 10:15:00,24210.717254922456,24216.53338652275,24191.439767710104,24197.98408733924,4985
2026-05-28 10:20:00,24197.98408733924,24200.831088292398,24189.65832056953,24193.064068953932,3092
2026-05-28 10:25:00,24193.064068953932,24195.434438797787,24174.136879744852,24174.353483812945,4179
2026-05-28 10:30:00,24174.353483812945,24203.76697221129,24172.488241140778,24197.733606119436,3266
2026-05-28 10:35:00,24197.733606119436,24199.344104549873,24173.222201942244,24184.928305959475,1442
2026-05-28 10:40:00,24184.928305959475,24187.915543036153,24169.922164332453,24176.570006768052,4901
2026-05-28 10:45:00,24176.570006768052,24191.37917094396,24161.64867358796,24183.87874378654,3362
2026-05-28 10:50:00,24183.87874378654,24188.87563411337,24150.912703884693,24157.245245172464,3224
2026-05-28 10:55:00,24157.245245172464,24162.513570457573,24122.243601177222,24129.212215882304,3275
2026-05-28 11:00:00,24129.212215882304,24157.053842633282,24123.117221903405,24136.565889335656,2726
2026-05-28 11:05:00,24136.565889335656,24140.577158847667,24127.01311279951,24127.974283095693,3006
2026-05-28 11:10:00,24127.974283095693,24137.44728780756,24099.665570359877,24110.57328249131,2695
2026-05-28 11:15:00,24110.57328249131,24137.207905664338,24106.8088578024,24122.211420973737,4977
2026-05-28 11:20:00,24122.211420973737,24129.100146637287,24106.43693263447,24106.543144239124,1266
2026-05-28 11:25:00,24106.543144239124,24109.718471764878,24088.2235684175,24101.249110164965,3917
2026-05-28 11:30:00,24101.249110164965,24117.48033816598,24079.17181583863,24083.970819249913,1837
2026-05-28 11:35:00,24083.970819249913,24093.507987993886,24070.197637156933,24089.817197121207,4450
2026-05-28 11:40:00,24089.817197121207,24123.74251692222,24086.71555038537,24115.488774701356,1488
2026-05-28 11:45:00,24115.488774701356,24130.26934443863,24073.577218528062,24079.584864681292,1701
2026-05-28 11:50:00,24079.584864681292,24083.851958993688,24077.983801863244,24081.755064982834,1686
2026-05-28 11:55:00,24081.755064982834,24104.955459677585,24079.689667006307,24098.257587422035,4361
2026-05-28 12:00:00,24098.257587422035,24105.198816320342,24087.778017057255,24090.13208396448,1995
2026-05-28 12:05:00,24090.13208396448,24091.179339600843,24062.987407736,24068.334515813,1356
2026-05-28 12:10:00,24068.334515813,24078.469407570567,24067.399735864503,24076.440028604888,4728
2026-05-28 12:15:00,24076.440028604888,24109.163475624475,24062.09771719399,24095.73302900769,4815
2026-05-28 12:20:00,24095.73302900769,24119.921932609006,24088.938170954145,24112.899256726854,1871
2026-05-28 12:25:00,24112.899256726854,24120.56635820933,24110.081354878264,24119.957764728646,2973
2026-05-28 12:30:00,24119.957764728646,24124.272850334684,24110.765314971428,24121.84710490121,3251
2026-05-28 12:35:00,24121.84710490121,24143.663229376354,24101.324345201923,24104.498430176118,4284
2026-05-28 12:40:00,24104.498430176118,24125.717729052925,24090.743899718876,24121.183466613948,1551
2026-05-28 12:45:00,24121.183466613948,24141.655620678215,24112.13882379714,24136.813160129877,2810
2026-05-28 12:50:00,24136.813160129877,24138.439664591344,24113.80371732585,24114.837879327704,1322
2026-05-28 12:55:00,24114.837879327704,24128.219129551802,24113.19774465927,24121.86937496556,3641
2026-05-28 13:00:00,24121.86937496556,24151.87699729381,24119.651811706164,24134.46724076568,3228
2026-05-28 13:05:00,24134.46724076568,24153.764014517456,24134.444000231164,24151.498717513507,3546
2026-05-28 13:10:00,24151.498717513507,24164.41339973107,24145.03000998455,24150.049828161365,4391
2026-05-28 13:15:00,24150.049828161365,24161.863239465947,24133.087301852203,24133.48158844405,1082
2026-05-28 13:20:00,24133.48158844405,24133.8816920961,24120.62320933646,24123.78733917844,3350
2026-05-28 13:25:00,24123.78733917844,24128.90330534673,24092.591872256395,24104.348394072196,1261
2026-05-28 13:30:00,24104.348394072196,24108.119537641614,24097.778426971083,24103.363766823266,1783
2026-05-28 13:35:00,24103.363766823266,24104.609887759925,24092.172141670308,24098.603152005493,2223
2026-05-28 13:40:00,24098.603152005493,24149.80655545197,24087.120450867784,24139.957057166055,4311
2026-05-28 13:45:00,24139.957057166055,24164.345257307265,24135.240531686828,24157.23503140484,1913
2026-05-28 13:50:00,24157.23503140484,24181.994308627232,24146.04759051592,24175.97231182571,3739
2026-05-28 13:55:00,24175.97231182571,24194.84237214401,24175.3530060234,24185.088635639604,1943
2026-05-28 14:00:00,24185.088635639604,24194.47191271203,24165.34360661381,24177.981747765913,3730
2026-05-28 14:05:00,24177.981747765913,24180.24007682546,24157.756316936564,24172.65504904766,2318
2026-05-28 14:10:00,24172.65504904766,24181.558829707115,24156.530442759235,24169.099361720797,2535
2026-05-28 14:15:00,24169.099361720797,24173.99480297734,24167.493373596382,24172.73890465767,1688
2026-05-28 14:20:00,24172.73890465767,24182.63438242184,24172.112128339384,24180.264744827356,4952
2026-05-28 14:25:00,24180.264744827356,24180.692790258036,24177.18826206532,24180.278452671293,3443
2026-05-28 14:30:00,24180.278452671293,24182.34459903554,24171.089484161366,24174.657050991227,2772
2026-05-28 14:35:00,24174.657050991227,24178.68535720471,24162.86890412802,24163.167017698685,4209
2026-05-28 14:40:00,24163.167017698685,24163.32552137278,24130.921081172197,24136.24637407364,1838
2026-05-28 14:45:00,24136.24637407364,24166.73389477651,24136.053729862644,24161.02713864877,1877
2026-05-28 14:50:00,24161.02713864877,24204.59802636708,24152.29586595181,24203.657426451933,3870
2026-05-28 14:55:00,24203.657426451933,24227.191044591527,24202.331999582664,24226.880095719556,4200
2026-05-28 15:00:00,24226.880095719556,24230.471829158676,24197.925352699534,24202.477510157903,1048
2026-05-28 15:05:00,24202.477510157903,24222.559540172755,24200.465898729315,24217.715710819386,4747
2026-05-28 15:10:00,24217.715710819386,24238.00582577896,24214.431323515102,24237.550529558685,3836
2026-05-28 15:15:00,24237.550529558685,24240.99842575801,24220.938174575957,24229.727856273996,1292
2026-05-28 15:20:00,24229.727856273996,24240.580956744805,24226.09542876245,24239.205115440378,2651
2026-05-28 15:25:00,24239.205115440378,24250.796039578505,24229.610468095674,24230.356777200286,1535
2026-05-29 09:15:00,24230.356777200286,24235.80084910823,24202.96711344171,24209.320201321807,4668
2026-05-29 09:20:00,24209.320201321807,24216.428029891635,24201.57671354503,24204.067047245244,2051
2026-05-29 09:25:00,24204.067047245244,24222.00989956354,24189.983098240773,24214.70003052555,2731
2026-05-29 09:30:00,24214.70003052555,24220.627924643148,24205.34788248292,24215.258728969147,1445
2026-05-29 09:35:00,24215.258728969147,24228.302049543992,24207.487597509502,24218.958699383453,4279
2026-05-29 09:40:00,24218.958699383453,24223.774457187723,24218.478049629688,24219.783078985845,4541
2026-05-29 09:45:00,24219.783078985845,24226.385979770803,24192.48964399991,24195.04294304301,1715
2026-05-29 09:50:00,24195.04294304301,24215.949991418096,24191.24088054987,24213.402306991888,4023
2026-05-29 09:55:00,24213.402306991888,24230.698985558756,24180.216291610992,24180.312345775328,1818
2026-05-29 10:00:00,24180.312345775328,24194.95250972089,24177.58792971799,24189.24042460181,3151
2026-05-29 10:05:00,24189.24042460181,24202.684806798694,24171.782715422818,24201.15257901657,3789
2026-05-29 10:10:00,24201.15257901657,24202.032011093845,24191.685893670976,24196.896202201613,1425
2026-05-29 10:15:00,24196.896202201613,24210.32696212033,24189.336265139515,24203.737584700848,2124
2026-05-29 10:20:00,24203.737584700848,24208.55076728372,24189.942257761624,24198.371413362525,2564
2026-05-29 10:25:00,24198.371413362525,24205.995900130703,24193.978184636428,24205.446924301883,3686
2026-05-29 10:30:00,24205.446924301883,24225.42684320281,24201.151474016988,24224.674231443558,1849
2026-05-29 10:35:00,24224.674231443558,24235.42888564871,24206.66100072732,24209.323027740113,2545
2026-05-29 10:40:00,24209.323027740113,24234.656835427377,24199.80324023443,24222.376014123893,2129
2026-05-29 10:45:00,24222.376014123893,24256.45779111521,24215.17735851621,24255.171134747412,2702
2026-05-29 10:50:00,24255.171134747412,24264.913902808334,24247.9517204257,24260.304795322678,3001
2026-05-29 10:55:00,24260.304795322678,24264.570332124847,24237.409963236245,24250.540425860054,3816
2026-05-29 11:00:00,24250.540425860054,24295.8852333429,24249.48147727942,24294.448121425958,4878
2026-05-29 11:05:00,24294.448121425958,24301.804814639403,24285.362880252236,24296.172176723972,1276
2026-05-29 11:10:00,24296.172176723972,24301.86215874002,24284.51946872685,24300.672409049454,4136
2026-05-29 11:15:00,24300.672409049454,24308.62831640695,24289.601484877363,24305.57869944175,2806
2026-05-29 11:20:00,24305.57869944175,24329.3615431321,24298.92180601027,24314.287161326196,3947
2026-05-29 11:25:00,24314.287161326196,24317.104523177444,24304.184598543965,24307.695559137854,3235
2026-05-29 11:30:00,24307.695559137854,24322.772308738975,24297.462360125755,24311.39015113867,4388
2026-05-29 11:35:00,24311.39015113867,24343.197169693583,24308.69671792269,24329.90927952448,2939
2026-05-29 11:40:00,24329.90927952448,24334.530616872493,24319.47028570783,24322.64142914726,4209
2026-05-29 11:45:00,24322.64142914726,24329.753882641606,24307.917778635183,24314.46913882082,4414
2026-05-29 11:50:00,24314.46913882082,24330.10591970779,24302.81789306636,24308.787635649052,3152
2026-05-29 11:55:00,24308.787635649052,24311.309696610348,24282.43516590688,24287.439214605398,1545
2026-05-29 12:00:00,24287.439214605398,24292.545158146495,24265.688685707006,24274.171677066955,3427
2026-05-29 12:05:00,24274.171677066955,24279.510005197644,24239.046261051983,24260.120234436145,1109
2026-05-29 12:10:00,24260.120234436145,24261.61943502104,24259.491167089705,24260.110093246534,1544
2026-05-29 12:15:00,24260.110093246534,24280.50685293332,24256.97735350257,24276.338081775666,3401
2026-05-29 12:20:00,24276.338081775666,24307.554813720217,24273.948227934925,24304.57076568774,1742
2026-05-29 12:25:00,24304.57076568774,24317.41409951996,24297.19333060454,24305.68272152256,3364
2026-05-29 12:30:00,24305.68272152256,24316.04507000212,24299.772813004278,24314.558568682718,2289
2026-05-29 12:35:00,24314.558568682718,24328.871728694146,24296.866870926857,24319.292979041915,4765
2026-05-29 12:40:00,24319.292979041915,24319.85070647568,24272.489099992334,24278.564214813585,2875
2026-05-29 12:45:00,24278.564214813585,24284.06610342039,24246.08347846376,24256.268900241423,2088
2026-05-29 12:50:00,24256.268900241423,24281.542473978516,24253.600833310724,24271.041245321936,1332
2026-05-29 12:55:00,24271.041245321936,24292.43186262687,24270.78334202563,24287.71030853486,2536
2026-05-29 13:00:00,24287.71030853486,24316.298293675372,24285.202922533997,24303.94631305134,2156
2026-05-29 13:05:00,24303.94631305134,24310.40610517951,24299.882423517887,24300.489086711972,1591
2026-05-29 13:10:00,24300.489086711972,24304.231648062454,24253.341413940583,24261.708724280266,1782
2026-05-29 13:15:00,24261.708724280266,24271.72116062338,24233.468984611416,24241.74570538571,4824
2026-05-29 13:20:00,24241.74570538571,24245.78702264611,24222.768042374395,24224.766634539916,1539
2026-05-29 13:25:00,24224.766634539916,24238.900243522436,24215.68961297162,24236.952052216395,3782
2026-05-29 13:30:00,24236.952052216395,24249.518626482353,24222.872154482495,24230.022783313434,2558
2026-05-29 13:35:00,24230.022783313434,24262.920725889704,24221.862698450335,24262.789537573375,2519
2026-05-29 13:40:00,24262.789537573375,24297.374094484298,24261.460481082813,24291.276737660402,3668
2026-05-29 13:45:00,24291.276737660402,24328.214768421414,24285.971465630726,24323.80175536644,1618
2026-05-29 13:50:00,24323.80175536644,24325.008707095425,24301.129712425103,24305.96729107556,4728
2026-05-29 13:55:00,24305.96729107556,24322.365442055263,24298.85681474224,24315.512559672192,4440
2026-05-29 14:00:00,24315.512559672192,24317.55213236809,24303.421403673266,24306.2235652865,4937
2026-05-29 14:05:00,24306.2235652865,24322.535921954284,24302.198796302673,24312.59902585829,3956
2026-05-29 14:10:00,24312.59902585829,24323.444585123598,24294.431104563468,24296.929774740645,4981
2026-05-29 14:15:00,24296.929774740645,24334.69181331417,24285.414975646385,24320.763242864847,4722
2026-05-29 14:20:00,24320.763242864847,24325.381448141732,24302.37652868764,24305.452222128166,4867
2026-05-29 14:25:00,24305.452222128166,24324.10226412477,24267.238557058256,24267.589402064805,2833
2026-05-29 14:30:00,24267.589402064805,24310.247177880974,24260.200148001233,24307.073368281006,1991
2026-05-29 14:35:00,24307.073368281006,24327.875093764356,24298.235157678107,24315.678007685387,3146
2026-05-29 14:40:00,24315.678007685387,24323.947088626464,24292.512338670324,24294.880773963,3364
2026-05-29 14:45:00,24294.880773963,24298.65864743122,24286.44936755157,24291.72688804807,3170
2026-05-29 14:50:00,24291.72688804807,24300.947901119263,24280.096413177744,24280.516604049433,4391
2026-05-29 14:55:00,24280.516604049433,24284.114156519863,24268.73266735082,24280.628128285,3846
2026-05-29 15:00:00,24280.628128285,24299.565207075855,24269.26524810862,24296.221746641288,2616
2026-05-29 15:05:00,24296.221746641288,24310.294927370258,24280.010981106047,24308.773740273715,2518
2026-05-29 15:10:00,24308.773740273715,24314.88380984858,24296.830942986155,24313.70801335442,3504
2026-05-29 15:15:00,24313.70801335442,24318.63431496326,24296.180128554664,24313.810191484954,1521
2026-05-29 15:20:00,24313.810191484954,24339.689234976104,24310.62608163911,24334.79146833107,3567
2026-05-29 15:25:00,24334.79146833107,24341.28230754429,24290.72467846296,24297.3069689517,1916
2026-06-01 09:15:00,24297.3069689517,24303.399488821244,24271.46143507541,24277.8614926715,1742
2026-06-01 09:20:00,24277.8614926715,24280.92475704338,24239.80609324346,24253.037221194216,2776
2026-06-01 09:25:00,24253.037221194216,24267.618520008913,24250.183771209817,24258.05682639153,4653
2026-06-01 09:30:00,24258.05682639153,24283.154557115737,24254.07504486302,24278.462558172945,4175
2026-06-01 09:35:00,24278.462558172945,24294.455901600206,24273.6131169597,24289.521221482126,1203
2026-06-01 09:40:00,24289.521221482126,24298.628208927606,24268.42431558717,24276.304430188684,2076
2026-06-01 09:45:00,24276.304430188684,24282.768705827035,24264.53188792199,24276.562043399616,1973
2026-06-01 09:50:00,24276.562043399616,24295.405106599384,24266.030706553836,24290.746487682918,3987
2026-06-01 09:55:00,24290.746487682918,24297.659082737613,24283.465679123205,24291.901795116006,2398
2026-06-01 10:00:00,24291.901795116006,24318.031897655168,24280.364661323274,24316.276967395435,2865
2026-06-01 10:05:00,24316.276967395435,24325.495474761075,24307.81069274817,24323.97416925705,4125
2026-06-01 10:10:00,24323.97416925705,24343.003826856868,24315.616186796065,24338.625426426574,2299
2026-06-01 10:15:00,24338.625426426574,24364.617608532495,24332.771301409317,24354.6188365643,4406
2026-06-01 10:20:00,24354.6188365643,24359.338732360615,24322.52673915639,24333.835916037442,2054
2026-06-01 10:25:00,24333.835916037442,24337.47338311067,24328.067875554196,24334.80899762341,2158
2026-06-01 10:30:00,24334.80899762341,24349.524691435465,24326.61492223903,24328.33877151734,4129
2026-06-01 10:35:00,24328.33877151734,24349.940758619796,24325.839045897825,24348.654802706904,1104
2026-06-01 10:40:00,24348.654802706904,24359.11438395975,24342.30142518418,24357.678083944826,4337
2026-06-01 10:45:00,24357.678083944826,24372.396677190085,24345.994124199275,24354.010549094142,4593
2026-06-01 10:50:00,24354.010549094142,24358.668089017137,24325.882716726283,24329.035971012687,4567
2026-06-01 10:55:00,24329.035971012687,24339.794126782366,24292.31884133989,24297.954978809033,1252
2026-06-01 11:00:00,24297.954978809033,24309.787515296866,24292.651689890252,24303.987531614977,1294
2026-06-01 11:05:00,24303.987531614977,24309.01538900338,24288.814059386114,24290.042629242977,3715
2026-06-01 11:10:00,24290.042629242977,24306.07090629878,24284.75901199914,24302.986821488215,2181
2026-06-01 11:15:00,24302.986821488215,24304.172174395855,24260.529580616734,24271.04024852181,1548
2026-06-01 11:20:00,24271.04024852181,24317.72691642111,24266.612484400805,24301.970314638333,3678
2026-06-01 11:25:00,24301.970314638333,24319.381116216417,24296.28035891431,24314.876878963518,4138
2026-06-01 11:30:00,24314.876878963518,24317.349069521642,24309.68269754445,24316.80621756435,2777
2026-06-01 11:35:00,24316.80621756435,24363.887765566535,24301.36120035469,24349.54751197175,1298
2026-06-01 11:40:00,24349.54751197175,24376.507245845485,24346.51727378878,24368.02235001217,4534
2026-06-01 11:45:00,24368.02235001217,24373.862285230163,24354.05994148543,24358.762438384212,2748
2026-06-01 11:50:00,24358.762438384212,24367.999811161342,24357.552224801715,24360.2741687048,2843
2026-06-01 11:55:00,24360.2741687048,24367.231683210404,24302.984110281224,24321.99396031598,1100
2026-06-01 12:00:00,24321.99396031598,24359.855570502452,24320.31646065943,24342.700544560616,4127
2026-06-01 12:05:00,24342.700544560616,24347.442080839734,24333.17666828659,24336.937134102205,3379
2026-06-01 12:10:00,24336.937134102205,24339.536951439317,24293.779753227984,24298.441456695353,3883
2026-06-01 12:15:00,24298.441456695353,24301.748155976424,24270.97284519254,24275.46798846331,2774
2026-06-01 12:20:00,24275.46798846331,24297.914644439214,24274.321192072264,24292.38142650563,3440
2026-06-01 12:25:00,24292.38142650563,24326.072866513972,24284.40308552167,24323.743915386258,4814
2026-06-01 12:30:00,24323.743915386258,24325.607409743716,24319.891042658634,24324.141375459465,1873
2026-06-01 12:35:00,24324.141375459465,24324.65465217765,24298.603873049135,24305.031330914986,3428
2026-06-01 12:40:00,24305.031330914986,24311.581778605705,24264.67917995361,24277.406238338153,1091
2026-06-01 12:45:00,24277.406238338153,24307.071469041166,24275.59966501861,24304.880777342398,4862
2026-06-01 12:50:00,24304.880777342398,24319.63219069425,24297.626762639567,24313.620185957134,1446
2026-06-01 12:55:00,24313.620185957134,24325.67072214996,24306.516885130215,24307.198674481377,1108
2026-06-01 13:00:00,24307.198674481377,24312.220002009984,24280.304363209954,24296.148198317183,1316
2026-06-01 13:05:00,24296.148198317183,24310.432024272115,24283.431714079423,24309.2064962711,4239
2026-06-01 13:10:00,24309.2064962711,24338.86403858396,24302.195469257767,24321.736793328502,2835
2026-06-01 13:15:00,24321.736793328502,24334.43466938077,24287.414940770836,24304.291601234843,2943
2026-06-01 13:20:00,24304.291601234843,24309.47651461415,24267.556671800052,24282.079957925973,2458
2026-06-01 13:25:00,24282.079957925973,24288.91357276738,24253.99116022724,24260.8690230751,1441
2026-06-01 13:30:00,24260.8690230751,24262.378114217263,24237.32548050861,24251.781394898884,3265
2026-06-01 13:35:00,24251.781394898884,24252.780855715726,24233.948990803685,24238.39857407515,2245
2026-06-01 13:40:00,24238.39857407515,24275.282369491903,24228.270735384587,24269.77454148789,3720
2026-06-01 13:45:00,24269.77454148789,24276.91286707717,24255.591604588477,24259.9932277914,2551
2026-06-01 13:50:00,24259.9932277914,24262.90229117339,24235.439941721717,24235.739708139994,1277
2026-06-01 13:55:00,24235.739708139994,24241.827061121843,24206.752703794,24212.599473484017,4056
2026-06-01 14:00:00,24212.599473484017,24216.394109241697,24207.76735893756,24209.035928931604,1568
2026-06-01 14:05:00,24209.035928931604,24220.051788554352,24173.563022957613,24173.746434243472,4645
2026-06-01 14:10:00,24173.746434243472,24182.835817744774,24168.366162156373,24172.583759929585,2009
2026-06-01 14:15:00,24172.583759929585,24175.39453584576,24135.793274019867,24146.744051072623,3922
2026-06-01 14:20:00,24146.744051072623,24175.120763396862,24133.36767068455,24169.125385457126,3513
2026-06-01 14:25:00,24169.125385457126,24184.462766568988,24166.482594699275,24171.37915348437,1838
2026-06-01 14:30:00,24171.37915348437,24212.90877214977,24170.76539543078,24212.393606017267,3801
2026-06-01 14:35:00,24212.393606017267,24222.220133991686,24204.78798961944,24207.973380215644,4673
2026-06-01 14:40:00,24207.973380215644,24216.276816415284,24134.215722214904,24147.32284312252,2607
2026-06-01 14:45:00,24147.32284312252,24183.11893696902,24145.863861200687,24175.4821219604,3885
2026-06-01 14:50:00,24175.4821219604,24185.744658229636,24163.665352640037,24185.189509435888,1029
2026-06-01 14:55:00,24185.189509435888,24205.100719994374,24184.35768513913,24197.89946267021,3406
2026-06-01 15:00:00,24197.89946267021,24200.559934459074,24174.287476665475,24178.49112914417,2942
2026-06-01 15:05:00,24178.49112914417,24182.55479914783,24177.223546735117,24177.662328078477,4359
2026-06-01 15:10:00,24177.662328078477,24189.389775901924,24169.651931189343,24181.26887853962,3133
2026-06-01 15:15:00,24181.26887853962,24187.497325661705,24168.190209165477,24176.668235100264,2257
2026-06-01 15:20:00,24176.668235100264,24180.215344959714,24139.85377959756,24143.123343399908,3794
2026-06-01 15:25:00,24143.123343399908,24198.13657524081,24135.95050695239,24196.599242296717,3360
2026-06-02 09:15:00,24196.599242296717,24224.061155260442,24186.914396036424,24213.269867896932,3176
2026-06-02 09:20:00,24213.269867896932,24233.182349023995,24211.600436875455,24227.640690546257,3338
2026-06-02 09:25:00,24227.640690546257,24241.752664919193,24210.859359594266,24220.22941473449,2855
2026-06-02 09:30:00,24220.22941473449,24265.481403250404,24219.97130630765,24261.07060131635,1500
2026-06-02 09:35:00,24261.07060131635,24263.520754126654,24243.084881785275,24249.88639910235,3233
2026-06-02 09:40:00,24249.88639910235,24258.77207384315,24236.296600626552,24251.651686579997,1478
2026-06-02 09:45:00,24251.651686579997,24282.501024001973,24240.52388279703,24279.863531195995,2594
2026-06-02 09:50:00,24279.863531195995,24313.957673511442,24272.27473400446,24307.62917204295,3539
2026-06-02 09:55:00,24307.62917204295,24311.603444822635,24305.42634043653,24307.90764798299,1512
2026-06-02 10:00:00,24307.90764798299,24338.96138258208,24297.12956572482,24327.167615054608,4714
2026-06-02 10:05:00,24327.167615054608,24333.19609731582,24321.174822568813,24322.80872499877,4138
2026-06-02 10:10:00,24322.80872499877,24342.966436907678,24309.426512267433,24313.299890457416,4876
2026-06-02 10:15:00,24313.299890457416,24324.631923931556,24285.66516647226,24289.71036690654,3514
2026-06-02 10:20:00,24289.71036690654,24307.4662282047,24283.66422799838,24303.77666187253,3332
2026-06-02 10:25:00,24303.77666187253,24326.779505418555,24296.517261212834,24319.89922212605,1600
2026-06-02 10:30:00,24319.89922212605,24328.868656179682,24303.223349234566,24308.85041377626,2440
2026-06-02 10:35:00,24308.85041377626,24315.672919334047,24302.609660214963,24314.06417667392,2123
2026-06-02 10:40:00,24314.06417667392,24367.014523299742,24304.773250385104,24365.62921888744,1188
2026-06-02 10:45:00,24365.62921888744,24392.617220692995,24356.58861276269,24387.98092749266,1988
2026-06-02 10:50:00,24387.98092749266,24398.624736314785,24367.138818202246,24370.392628934213,3937
2026-06-02 10:55:00,24370.392628934213,24394.465797074223,24365.192195515177,24389.919401734347,2881
2026-06-02 11:00:00,24389.919401734347,24397.216372604184,24368.935937224014,24372.41989248699,1387
2026-06-02 11:05:00,24372.41989248699,24376.42736102174,24315.61859787416,24315.969111385435,3288
2026-06-02 11:10:00,24315.969111385435,24328.46977823658,24307.0744299416,24315.572038549315,2805
2026-06-02 11:15:00,24315.572038549315,24352.57009101626,24313.2577476275,24345.980148710514,3033
2026-06-02 11:20:00,24345.980148710514,24375.291121333845,24341.272292300662,24373.19794095344,2754
2026-06-02 11:25:00,24373.19794095344,24381.773197042905,24359.370083528658,24380.553482910705,3464
2026-06-02 11:30:00,24380.553482910705,24381.071423217873,24368.67535054415,24369.9873525643,4989
2026-06-02 11:35:00,24369.9873525643,24383.963462531043,24357.483150239743,24379.47117067999,3223
2026-06-02 11:40:00,24379.47117067999,24386.341160150783,24369.417752835325,24374.221584590083,1386
2026-06-02 11:45:00,24374.221584590083,24375.165312549783,24358.93032858011,24364.205618466684,2494
2026-06-02 11:50:00,24364.205618466684,24386.437360212643,24360.489391635976,24384.905490486075,1852
2026-06-02 11:55:00,24384.905490486075,24389.009148033954,24365.020264442875,24374.64362426779,4304
2026-06-02 12:00:00,24374.64362426779,24407.66833041101,24369.34011661228,24396.62441574327,3710
2026-06-02 12:05:00,24396.62441574327,24399.49075883825,24376.68365712471,24385.066544944624,1451
2026-06-02 12:10:00,24385.066544944624,24425.771032578043,24376.703819362545,24425.223715585093,3324
2026-06-02 12:15:00,24425.223715585093,24432.807743460926,24381.950668832516,24393.165424993527,4300
2026-06-02 12:20:00,24393.165424993527,24395.214760153533,24374.420323997223,24374.494518928062,4242
2026-06-02 12:25:00,24374.494518928062,24376.35982365036,24369.481908694775,24371.46491093971,2758
2026-06-02 12:30:00,24371.46491093971,24385.895173737776,24324.309394577376,24332.781665845065,1212
2026-06-02 12:35:00,24332.781665845065,24337.75018871217,24272.02076949732,24282.73427026301,4353
2026-06-02 12:40:00,24282.73427026301,24283.139211132442,24238.500047499674,24244.35963167349,1040
2026-06-02 12:45:00,24244.35963167349,24248.298601411072,24229.224278252466,24238.694418986037,2145
2026-06-02 12:50:00,24238.694418986037,24240.026672513934,24227.05986498291,24233.522657043584,4298
2026-06-02 12:55:00,24233.522657043584,24244.04464756387,24223.470791925134,24239.97845742218,3341
2026-06-02 13:00:00,24239.97845742218,24246.481853357625,24221.19686834186,24236.15820808271,1599
2026-06-02 13:05:00,24236.15820808271,24243.406404361787,24230.50260359227,24241.965510818558,4338
2026-06-02 13:10:00,24241.965510818558,24251.34268967235,24228.91217710488,24233.234206185585,3024
2026-06-02 13:15:00,24233.234206185585,24256.610365097098,24225.093467608476,24247.092044317647,3588
2026-06-02 13:20:00,24247.092044317647,24269.030713966924,24239.314518493167,24258.620275797493,3030
2026-06-02 13:25:00,24258.620275797493,24265.176865854206,24244.818312468688,24252.280186027867,2782
2026-06-02 13:30:00,24252.280186027867,24273.44463902205,24249.590068765316,24262.621580152696,2851
2026-06-02 13:35:00,24262.621580152696,24270.674068408287,24255.492646277733,24258.921123992925,3498
2026-06-02 13:40:00,24258.921123992925,24259.814544543377,24205.41728933826,24229.3771365477,4520
2026-06-02 13:45:00,24229.3771365477,24248.48027201283,24226.42742758081,24246.909448741942,2779
2026-06-02 13:50:00,24246.909448741942,24248.153105377347,24210.264494470146,24229.319459487117,4132
2026-06-02 13:55:00,24229.319459487117,24259.957998227423,24214.114182231544,24246.64485640685,4573
2026-06-02 14:00:00,24246.64485640685,24260.895148154028,24246.25284639502,24252.930106060838,4218
2026-06-02 14:05:00,24252.930106060838,24255.160650794518,24237.124157136746,24251.290175138445,4757
2026-06-02 14:10:00,24251.290175138445,24262.227428182166,24208.379109111054,24214.87456594652,3837
2026-06-02 14:15:00,24214.87456594652,24247.05130184194,24200.855774602598,24244.702362375534,3381
2026-06-02 14:20:00,24244.702362375534,24251.508672581913,24236.499412602872,24237.659492381787,2904
2026-06-02 14:25:00,24237.659492381787,24251.877190253654,24231.888955483908,24249.963761303174,3938
2026-06-02 14:30:00,24249.963761303174,24255.824787485482,24244.772094306398,24247.752666614,4213
2026-06-02 14:35:00,24247.752666614,24250.610319818443,24235.722328095348,24242.48730910864,3091
2026-06-02 14:40:00,24242.48730910864,24250.25902485973,24238.055335712736,24246.22662236899,1143
2026-06-02 14:45:00,24246.22662236899,24256.75557377811,24244.246146794016,24246.742044453953,4936
2026-06-02 14:50:00,24246.742044453953,24256.351225331568,24235.02568342168,24241.56308020506,1332
2026-06-02 14:55:00,24241.56308020506,24244.763594002103,24230.827157613603,24240.49035111558,1997
2026-06-02 15:00:00,24240.49035111558,24253.064315855023,24238.75138395765,24248.77215645931,4568
2026-06-02 15:05:00,24248.77215645931,24263.971182986905,24241.899752223013,24258.42935949317,2419
2026-06-02 15:10:00,24258.42935949317,24267.87323600834,24255.43423489426,24259.270781799227,1054
2026-06-02 15:15:00,24259.270781799227,24276.5963590205,24249.819146229853,24271.3215646587,2330
2026-06-02 15:20:00,24271.3215646587,24272.533968435055,24244.179759066443,24263.087376987103,3917
2026-06-02 15:25:00,24263.087376987103,24312.684524040964,24260.62661287855,24306.273467119892,2446
2026-06-03 09:15:00,24306.273467119892,24323.23342320886,24291.302211088187,24318.834407953203,3523
2026-06-03 09:20:00,24318.834407953203,24344.532358736775,24316.24614087744,24338.72620814383,4877
2026-06-03 09:25:00,24338.72620814383,24344.345485531063,24327.541746350988,24328.339768758506,2440
2026-06-03 09:30:00,24328.339768758506,24330.719404268882,24270.286292545123,24279.724990026305,3217
2026-06-03 09:35:00,24279.724990026305,24285.822792496845,24275.599196854204,24285.804561383906,2340
2026-06-03 09:40:00,24285.804561383906,24339.64350002396,24269.478331560702,24326.441053337225,3221
2026-06-03 09:45:00,24326.441053337225,24327.234248936456,24325.71119287319,24325.75232161677,3517
2026-06-03 09:50:00,24325.75232161677,24328.512880076512,24280.748945046333,24287.029314035954,3392
2026-06-03 09:55:00,24287.029314035954,24295.516169168615,24264.133293287192,24273.916678974987,3492
2026-06-03 10:00:00,24273.916678974987,24274.93628897147,24264.882865232838,24270.348738012708,2041
2026-06-03 10:05:00,24270.348738012708,24272.481750961593,24246.191629293986,24249.029885659405,2093
2026-06-03 10:10:00,24249.029885659405,24257.771090024748,24190.696157590668,24199.291168543405,2361
2026-06-03 10:15:00,24199.291168543405,24202.581039943903,24192.37395208344,24197.396833119805,3675
2026-06-03 10:20:00,24197.396833119805,24199.089534360992,24174.978394420024,24182.2032635214,1591
2026-06-03 10:25:00,24182.2032635214,24223.859967538538,24181.045359797045,24216.497335575343,1526
2026-06-03 10:30:00,24216.497335575343,24227.26318202407,24203.66706983057,24218.454677329377,4759
2026-06-03 10:35:00,24218.454677329377,24228.237904480113,24198.212530085064,24227.552657514945,3503
2026-06-03 10:40:00,24227.552657514945,24235.085232955757,24214.064595551252,24225.24452486508,2292
2026-06-03 10:45:00,24225.24452486508,24233.0981505502,24221.752320122298,24227.06109461669,2654
2026-06-03 10:50:00,24227.06109461669,24239.86844698167,24178.18977683585,24195.036809972094,1810
2026-06-03 10:55:00,24195.036809972094,24196.23801655957,24170.52661334346,24174.90332033744,1187
2026-06-03 11:00:00,24174.90332033744,24208.632003016348,24168.31847038408,24195.957044463437,4068
2026-06-03 11:05:00,24195.957044463437,24203.63142343106,24195.671967889037,24200.01155072107,2592
2026-06-03 11:10:00,24200.01155072107,24205.483674058843,24186.768473309152,24192.296453108433,3758
2026-06-03 11:15:00,24192.296453108433,24208.521345966044,24186.301934771604,24201.705732148843,1528
2026-06-03 11:20:00,24201.705732148843,24220.38411660343,24193.535733228688,24211.499909015292,1433
2026-06-03 11:25:00,24211.499909015292,24252.29501760611,24203.557091959057,24250.061945194804,3335
2026-06-03 11:30:00,24250.061945194804,24262.22580431439,24247.578909720876,24253.225440347127,2941
2026-06-03 11:35:00,24253.225440347127,24255.29845336827,24228.724035656225,24232.610051738386,4638
2026-06-03 11:40:00,24232.610051738386,24237.263946086125,24225.550909381567,24230.367149534504,3546
2026-06-03 11:45:00,24230.367149534504,24249.601267768212,24229.339987023355,24242.14438010458,4512
2026-06-03 11:50:00,24242.14438010458,24265.525008726672,24236.075877554726,24261.453907711308,2804
2026-06-03 11:55:00,24261.453907711308,24272.359690734593,24217.48159638687,24230.107490651215,1302
2026-06-03 12:00:00,24230.107490651215,24243.337878998424,24222.31466602881,24235.025363518725,1086
2026-06-03 12:05:00,24235.025363518725,24239.85615910696,24208.16748513792,24217.629366778358,3877
2026-06-03 12:10:00,24217.629366778358,24225.09167150712,24201.286049931656,24206.6513812281,1437
2026-06-03 12:15:00,24206.6513812281,24233.461938554796,24197.35361390852,24223.03133715489,3588
2026-06-03 12:20:00,24223.03133715489,24241.705083805937,24219.801680680368,24237.492458559664,2045
2026-06-03 12:25:00,24237.492458559664,24251.363176595154,24223.30637515727,24224.34308642844,1832
2026-06-03 12:30:00,24224.34308642844,24228.328469096657,24220.884230584783,24221.284191011535,1796
2026-06-03 12:35:00,24221.284191011535,24229.273487323015,24207.43631433894,24210.896519404138,1559
2026-06-03 12:40:00,24210.896519404138,24268.278930832363,24209.26040667183,24266.90509688789,4588
2026-06-03 12:45:00,24266.90509688789,24280.88333856739,24255.409212696897,24272.309009854347,1761
2026-06-03 12:50:00,24272.309009854347,24273.95658979555,24246.571280896802,24256.00808458118,2698
2026-06-03 12:55:00,24256.00808458118,24282.668983860498,24251.225684828885,24281.664482171505,4574
2026-06-03 13:00:00,24281.664482171505,24322.30202153986,24276.086410899217,24308.033619314734,4785
2026-06-03 13:05:00,24308.033619314734,24348.649739732395,24307.34508262765,24342.875212807652,3514
2026-06-03 13:10:00,24342.875212807652,24385.772897546038,24341.88548309151,24383.537428534437,2124
2026-06-03 13:15:00,24383.537428534437,24403.967068027156,24377.88790006154,24397.342702402515,4654
2026-06-03 13:20:00,24397.342702402515,24398.326264694442,24390.267582944503,24390.514340092122,3722
2026-06-03 13:25:00,24390.514340092122,24391.066149973216,24384.34491391873,24386.560798351486,1684
2026-06-03 13:30:00,24386.560798351486,24398.697552922626,24377.94827655254,24380.862628671228,2164
2026-06-03 13:35:00,24380.862628671228,24392.825676942568,24371.193136321745,24372.987505357003,1137
2026-06-03 13:40:00,24372.987505357003,24404.24881451471,24367.844953219224,24397.164276806183,1577
2026-06-03 13:45:00,24397.164276806183,24397.989247091653,24396.268973711547,24397.17834727414,1709
2026-06-03 13:50:00,24397.17834727414,24418.273423070736,24385.128324258832,24416.13830926323,4911
2026-06-03 13:55:00,24416.13830926323,24433.404713601594,24397.521346751117,24429.35264667926,1227
2026-06-03 14:00:00,24429.35264667926,24430.47889373156,24402.70982255533,24407.881103054355,3328
2026-06-03 14:05:00,24407.881103054355,24408.199841667232,24372.68384686769,24374.350987861602,3731
2026-06-03 14:10:00,24374.350987861602,24377.383418320478,24345.67408397712,24350.236702098664,1827
2026-06-03 14:15:00,24350.236702098664,24355.36966682291,24333.884002018087,24341.924381253437,1430
2026-06-03 14:20:00,24341.924381253437,24358.455542973014,24340.60914715253,24344.54022482063,2063
2026-06-03 14:25:00,24344.54022482063,24349.8264256314,24326.57580783404,24331.91416610319,4590
2026-06-03 14:30:00,24331.91416610319,24349.341342514294,24328.191551730095,24345.599702746138,2709
2026-06-03 14:35:00,24345.599702746138,24346.704246089816,24330.019396386997,24335.322252736267,2686
2026-06-03 14:40:00,24335.322252736267,24354.659410780256,24332.805171664782,24340.32476638702,2234
2026-06-03 14:45:00,24340.32476638702,24347.112542644212,24326.655452448922,24342.61434742213,1301
2026-06-03 14:50:00,24342.61434742213,24383.87731514068,24334.04638721258,24376.390856113958,2109
2026-06-03 14:55:00,24376.390856113958,24381.61590690999,24354.779434908312,24357.37257293866,2420
2026-06-03 15:00:00,24357.37257293866,24401.528104576963,24351.02373064722,24400.40560221902,4324
2026-06-03 15:05:00,24400.40560221902,24404.714485410284,24381.02044777626,24388.80370023785,1532
2026-06-03 15:10:00,24388.80370023785,24394.13274076612,24355.686010650967,24362.657792680922,1768
2026-06-03 15:15:00,24362.657792680922,24368.707342694895,24355.117921710375,24358.43009213543,4962
2026-06-03 15:20:00,24358.43009213543,24428.67089423826,24352.862663861266,24421.569854488116,2938
2026-06-03 15:25:00,24421.569854488116,24441.10440439336,24418.745721376785,24439.059708233006,2404
2026-06-04 09:15:00,24439.059708233006,24446.13189621543,24425.504884713566,24431.961630396403,2285
2026-06-04 09:20:00,24431.961630396403,24437.273884945233,24403.24845314916,24403.95382477301,1409
2026-06-04 09:25:00,24403.95382477301,24435.56470093533,24401.708428888334,24429.149408221238,3378
2026-06-04 09:30:00,24429.149408221238,24449.405306874498,24425.113345411668,24446.057439120752,3391
2026-06-04 09:35:00,24446.057439120752,24455.47726571149,24431.97574915445,24436.494292242096,4036
2026-06-04 09:40:00,24436.494292242096,24444.146669198984,24422.364756061794,24424.457120335657,1770
2026-06-04 09:45:00,24424.457120335657,24424.613524560948,24409.516417971194,24410.43958902385,2843
2026-06-04 09:50:00,24410.43958902385,24417.907547017217,24398.01465349932,24403.710381972855,1073
2026-06-04 09:55:00,24403.710381972855,24427.226811423763,24394.18127240531,24409.880970299364,2660
2026-06-04 10:00:00,24409.880970299364,24415.67822578148,24393.766997213468,24398.82789142572,4771
2026-06-04 10:05:00,24398.82789142572,24407.016866342896,24383.946345378823,24390.247696635393,1253
2026-06-04 10:10:00,24390.247696635393,24415.69654257533,24382.34667466708,24402.760459936253,4006
2026-06-04 10:15:00,24402.760459936253,24410.55161256907,24358.65668939902,24373.820462186908,4904
2026-06-04 10:20:00,24373.820462186908,24380.055983760616,24360.742229421983,24366.490070392912,1819
2026-06-04 10:25:00,24366.490070392912,24370.60135806359,24328.778926110692,24333.820630232556,4818
2026-06-04 10:30:00,24333.820630232556,24340.741980704097,24325.883616817064,24335.93110197708,1985
2026-06-04 10:35:00,24335.93110197708,24339.189673992325,24297.064653650734,24298.173312864004,4833
2026-06-04 10:40:00,24298.173312864004,24318.183068634953,24286.90576532896,24315.47380911347,1331
2026-06-04 10:45:00,24315.47380911347,24319.087427591025,24283.94239831495,24289.90098418078,2421
2026-06-04 10:50:00,24289.90098418078,24292.7655990021,24239.41731547614,24255.45637790933,4416
2026-06-04 10:55:00,24255.45637790933,24258.40017715592,24248.362315321814,24248.400692759595,4655
2026-06-04 11:00:00,24248.400692759595,24285.274183638176,24241.302852185006,24281.593984949104,3794
2026-06-04 11:05:00,24281.593984949104,24305.659597366714,24278.65874398943,24295.409094068415,1835
2026-06-04 11:10:00,24295.409094068415,24304.34121725122,24254.720298257995,24258.046367988976,2691
2026-06-04 11:15:00,24258.046367988976,24264.159832577196,24221.6138237839,24231.981091972546,1454
2026-06-04 11:20:00,24231.981091972546,24232.17922936295,24220.875787263918,24224.31214736097,2929
2026-06-04 11:25:00,24224.31214736097,24275.379835250576,24215.620635216543,24267.690199910387,2138
2026-06-04 11:30:00,24267.690199910387,24280.81953284866,24246.9563201236,24249.461201210524,1312
2026-06-04 11:35:00,24249.461201210524,24257.413494168068,24230.393199910653,24231.40242873056,2017
2026-06-04 11:40:00,24231.40242873056,24277.23363120356,24220.15356623467,24261.011833654527,1227
2026-06-04 11:45:00,24261.011833654527,24267.723870535166,24257.099185496394,24264.794750465197,3881
2026-06-04 11:50:00,24264.794750465197,24290.764756534365,24256.61965504908,24285.235414092906,1857
2026-06-04 11:55:00,24285.235414092906,24287.17847424479,24261.769935594046,24271.109187290785,2268
2026-06-04 12:00:00,24271.109187290785,24273.928878784103,24263.914868940148,24269.135735484728,3865
2026-06-04 12:05:00,24269.135735484728,24302.67771679211,24267.84137895189,24294.679134077825,4597
2026-06-04 12:10:00,24294.679134077825,24297.185381533312,24290.144504401116,24291.864043977188,2017
2026-06-04 12:15:00,24291.864043977188,24320.898342910743,24289.82407729979,24313.68888844796,3575
2026-06-04 12:20:00,24313.68888844796,24323.161947384724,24310.107265453742,24321.22160577551,1949
2026-06-04 12:25:00,24321.22160577551,24322.249792580777,24298.063078210525,24300.99356641228,1426
2026-06-04 12:30:00,24300.99356641228,24302.094641337655,24293.898351947555,24300.676346834487,3089
2026-06-04 12:35:00,24300.676346834487,24324.426701249293,24297.526659765204,24319.75498264908,1464
2026-06-04 12:40:00,24319.75498264908,24347.634240933923,24306.56693652566,24332.779012849947,2645
2026-06-04 12:45:00,24332.779012849947,24335.393861708817,24329.808973894887,24331.995440944425,1277
2026-06-04 12:50:00,24331.995440944425,24334.029904226463,24290.971977413217,24295.172092234003,3883
2026-06-04 12:55:00,24295.172092234003,24297.09824194944,24253.180719768865,24260.264954540376,1018
2026-06-04 13:00:00,24260.264954540376,24265.901547943995,24225.000811322712,24229.53582405369,1065
2026-06-04 13:05:00,24229.53582405369,24232.34381765915,24207.622533707152,24219.641601865722,1166
2026-06-04 13:10:00,24219.641601865722,24237.02103491461,24204.820584059653,24212.33467407171,2608
2026-06-04 13:15:00,24212.33467407171,24217.90869834412,24182.918761445802,24183.756150371526,4067
2026-06-04 13:20:00,24183.756150371526,24204.10342279067,24172.266873934383,24203.53871042223,1402
2026-06-04 13:25:00,24203.53871042223,24206.85051583831,24163.904443646916,24179.068563397,4983
2026-06-04 13:30:00,24179.068563397,24186.609777512316,24146.599787544154,24152.55749055834,4893
2026-06-04 13:35:00,24152.55749055834,24157.313685055262,24152.460883851974,24154.262385853104,1408
2026-06-04 13:40:00,24154.262385853104,24173.34604716911,24151.779038647906,24173.0815536989,3159
2026-06-04 13:45:00,24173.0815536989,24219.43685022336,24168.73283817242,24212.81928834349,4345
2026-06-04 13:50:00,24212.81928834349,24229.993991840005,24198.552861628257,24224.103334849096,4478
2026-06-04 13:55:00,24224.103334849096,24261.273225404784,24211.510141727988,24254.71930153536,4444
2026-06-04 14:00:00,24254.71930153536,24261.400531056428,24217.380894972808,24231.200826443208,1596
2026-06-04 14:05:00,24231.200826443208,24277.734712431695,24219.76176377961,24273.06728704947,3698
2026-06-04 14:10:00,24273.06728704947,24277.91174106037,24232.73361335291,24236.92013719177,2062
2026-06-04 14:15:00,24236.92013719177,24244.344363894546,24220.551458005262,24227.150927785002,3152
2026-06-04 14:20:00,24227.150927785002,24240.33412615392,24223.470188020354,24238.017338352904,1323
2026-06-04 14:25:00,24238.017338352904,24248.605319425216,24202.35789481388,24206.891516066295,4864
2026-06-04 14:30:00,24206.891516066295,24211.754360791914,24178.59665398098,24188.93871526214,2982
2026-06-04 14:35:00,24188.93871526214,24193.764571589432,24154.814892001752,24167.924864453733,4039
2026-06-04 14:40:00,24167.924864453733,24178.295534651133,24153.35481850486,24161.92694605806,2437
2026-06-04 14:45:00,24161.92694605806,24191.065840926993,24147.579847757333,24189.405490962617,1428
2026-06-04 14:50:00,24189.405490962617,24193.007360010448,24188.330076863527,24189.731081643295,3682
2026-06-04 14:55:00,24189.731081643295,24196.89899558541,24178.10257020552,24180.76996781559,3777
2026-06-04 15:00:00,24180.76996781559,24186.23887110539,24121.643481616164,24124.97382058735,3936
2026-06-04 15:05:00,24124.97382058735,24140.541550239814,24122.69798523066,24133.98218626523,2084
2026-06-04 15:10:00,24133.98218626523,24154.472297925404,24129.076285176285,24149.235160510954,2635
2026-06-04 15:15:00,24149.235160510954,24151.76572603161,24113.528705349843,24116.391818790664,4378
2026-06-04 15:20:00,24116.391818790664,24122.690207772757,24114.078520386072,24115.099713456184,2377
2026-06-04 15:25:00,24115.099713456184,24123.742236172122,24099.91637145925,24118.82324286048,1392
2026-06-05 09:15:00,24118.82324286048,24120.85012125061,24086.78107472232,24092.09168746827,4795
2026-06-05 09:20:00,24092.09168746827,24140.14392472976,24088.531374097234,24125.996336767952,4822
2026-06-05 09:25:00,24125.996336767952,24168.522986041604,24118.850821289907,24163.267563500256,1206
2026-06-05 09:30:00,24163.267563500256,24193.92802599669,24153.652031968984,24191.550647951753,4389
2026-06-05 09:35:00,24191.550647951753,24203.21074681162,24175.431194360302,24189.143608690294,2818
2026-06-05 09:40:00,24189.143608690294,24191.84799562855,24176.86595464133,24181.349815402315,2780
2026-06-05 09:45:00,24181.349815402315,24189.94642772335,24163.491461352463,24166.276833738597,3604
2026-06-05 09:50:00,24166.276833738597,24205.187870818856,24165.24700153395,24195.96696642101,4688
2026-06-05 09:55:00,24195.96696642101,24216.491633093552,24189.46067467265,24213.9827745482,3395
2026-06-05 10:00:00,24213.9827745482,24245.320560976917,24202.33892233089,24232.942533848378,1792
2026-06-05 10:05:00,24232.942533848378,24240.662137830062,24227.640496189004,24228.09734238275,3281
2026-06-05 10:10:00,24228.09734238275,24238.25296139521,24190.667391956038,24194.024933289522,2724
2026-06-05 10:15:00,24194.024933289522,24196.05001150011,24157.094666679226,24164.45097768773,4115
2026-06-05 10:20:00,24164.45097768773,24166.303963022656,24163.917541223003,24165.56513407785,2005
2026-06-05 10:25:00,24165.56513407785,24174.927953472637,24148.378461285876,24155.460559048952,3784
2026-06-05 10:30:00,24155.460559048952,24158.97588829097,24140.16959848235,24143.137384276823,1941
2026-06-05 10:35:00,24143.137384276823,24154.37549981403,24135.76669984726,24149.80375596073,2165
2026-06-05 10:40:00,24149.80375596073,24175.801555811267,24142.705400156032,24169.387504733862,4719
2026-06-05 10:45:00,24169.387504733862,24174.106437514227,24146.228223120408,24155.828921734083,3223
2026-06-05 10:50:00,24155.828921734083,24161.346814789766,24125.46280058853,24130.598454369865,2677
2026-06-05 10:55:00,24130.598454369865,24132.253353221822,24116.919414864034,24117.520226449975,1448
2026-06-05 11:00:00,24117.520226449975,24118.947853469406,24083.297123327382,24097.37796886395,1591
2026-06-05 11:05:00,24097.37796886395,24116.610182586337,24095.596603362068,24108.806538158544,1081
2026-06-05 11:10:00,24108.806538158544,24113.447004847698,24102.861452492685,24108.727292430252,3182
2026-06-05 11:15:00,24108.727292430252,24170.108770378378,24092.160510223624,24144.996254014164,4790
2026-06-05 11:20:00,24144.996254014164,24161.61015650589,24131.60272618984,24159.187429583402,3903
2026-06-05 11:25:00,24159.187429583402,24200.736219323684,24157.161278466978,24194.244461890634,4248
2026-06-05 11:30:00,24194.244461890634,24206.341747201248,24167.058339908755,24167.07189896933,2406
2026-06-05 11:35:00,24167.07189896933,24170.429753127355,24091.17409133109,24104.182241040886,4314
2026-06-05 11:40:00,24104.182241040886,24126.53250408931,24100.884997040426,24108.86794035011,4638
2026-06-05 11:45:00,24108.86794035011,24111.407685965998,24101.842269471643,24111.244500764235,4212
2026-06-05 11:50:00,24111.244500764235,24121.05870098608,24102.67274363811,24108.8760934432,2480
2026-06-05 11:55:00,24108.8760934432,24118.04313778311,24096.34443932368,24110.72373455389,3487
2026-06-05 12:00:00,24110.72373455389,24113.970135530457,24075.389274616555,24089.042866705535,2079
2026-06-05 12:05:00,24089.042866705535,24108.44341626493,24084.057176197057,24099.896015341496,4598
2026-06-05 12:10:00,24099.896015341496,24116.991152205694,24092.276918190837,24114.089759768427,3744
2026-06-05 12:15:00,24114.089759768427,24120.182774628327,24083.526856752374,24090.945081167643,4897
2026-06-05 12:20:00,24090.945081167643,24095.317413128672,24079.816211957328,24084.129532692943,1418
2026-06-05 12:25:00,24084.129532692943,24086.621787263015,24078.22606334703,24078.50610329407,1087
2026-06-05 12:30:00,24078.50610329407,24080.492100158277,24060.37571932222,24065.584403772613,4680
2026-06-05 12:35:00,24065.584403772613,24067.63834317775,24039.279846894868,24043.230125190996,3703
2026-06-05 12:40:00,24043.230125190996,24048.274464313487,24042.34350439877,24043.470653492546,4079
2026-06-05 12:45:00,24043.470653492546,24049.380111758957,24038.499133283593,24048.487189398435,4548
2026-06-05 12:50:00,24048.487189398435,24055.204933251138,24027.06177882912,24036.748024097782,1214
2026-06-05 12:55:00,24036.748024097782,24047.092998646847,24009.644549755165,24015.772815560318,4756
2026-06-05 13:00:00,24015.772815560318,24025.951597085776,24012.146689472454,24023.66069518007,2758
2026-06-05 13:05:00,24023.66069518007,24023.995390860127,24000.54060075047,24008.913617786853,3599
2026-06-05 13:10:00,24008.913617786853,24015.430703782244,23996.776434434305,24002.974667013936,2520
2026-06-05 13:15:00,24002.974667013936,24005.424823391146,23991.361200740084,23994.60095800709,2717
2026-06-05 13:20:00,23994.60095800709,24021.01090070285,23991.64102751334,24018.513183852432,3550
2026-06-05 13:25:00,24018.513183852432,24018.931007878455,23997.51191450598,24004.651034162747,4853
2026-06-05 13:30:00,24004.651034162747,24038.749554631573,24002.725764535226,24037.787564866176,3746
2026-06-05 13:35:00,24037.787564866176,24066.121781431993,24035.960105817077,24052.254504205117,3292
2026-06-05 13:40:00,24052.254504205117,24108.15187933277,24047.179174925634,24087.29187890628,2501
2026-06-05 13:45:00,24087.29187890628,24103.690202523765,24086.400031096353,24100.099358491992,1308
2026-06-05 13:50:00,24100.099358491992,24102.584490930156,24095.80679743781,24095.83760397018,1230
2026-06-05 13:55:00,24095.83760397018,24106.36926288766,24077.495117224043,24078.1538358977,4454
2026-06-05 14:00:00,24078.1538358977,24081.58705901788,24066.00672340686,24071.307715784027,1154
2026-06-05 14:05:00,24071.307715784027,24103.56107601184,24065.780795450017,24099.94835515842,2198
2026-06-05 14:10:00,24099.94835515842,24109.05709589913,24092.38030112182,24099.024097222646,3895
2026-06-05 14:15:00,24099.024097222646,24113.067829183525,24095.407692721987,24111.766107012543,1114
2026-06-05 14:20:00,24111.766107012543,24120.47786749607,24106.793970054197,24115.758462743008,2413
2026-06-05 14:25:00,24115.758462743008,24124.415791221938,24105.712857144565,24120.57507768577,1310
2026-06-05 14:30:00,24120.57507768577,24133.75920287351,24104.26843143275,24126.135539518917,1992
2026-06-05 14:35:00,24126.135539518917,24148.687120935447,24122.779921878246,24135.69608019865,3347
2026-06-05 14:40:00,24135.69608019865,24138.36813150071,24118.767739377545,24119.976839413386,2041
2026-06-05 14:45:00,24119.976839413386,24124.64161347067,24108.57864785931,24114.672291695537,3831
2026-06-05 14:50:00,24114.672291695537,24128.45583466955,24109.55604267053,24120.639483424446,1011
2026-06-05 14:55:00,24120.639483424446,24127.48770916969,24114.380840837697,24123.794216507707,2427
2026-06-05 15:00:00,24123.794216507707,24136.663532764083,24114.742434532007,24114.89341254831,4884
2026-06-05 15:05:00,24114.89341254831,24124.938314482555,24102.27838342555,24122.930441872337,4775
2026-06-05 15:10:00,24122.930441872337,24132.018510642883,24098.64341560599,24108.04869042827,3279
2026-06-05 15:15:00,24108.04869042827,24109.37928253862,24082.020146654817,24084.461256612743,4002
2026-06-05 15:20:00,24084.461256612743,24097.631387220255,24075.625039486735,24090.144915251123,4676
2026-06-05 15:25:00,24090.144915251123,24101.40319415516,24060.60324178451,24067.04744354184,3013
2026-06-08 09:15:00,24067.04744354184,24078.344789723942,24052.664711473768,24071.68519741671,1474
2026-06-08 09:20:00,24071.68519741671,24078.57897734688,24045.62926538062,24058.865706596796,2077
2026-06-08 09:25:00,24058.865706596796,24069.709632368365,24052.601337604276,24065.968200133724,2481
2026-06-08 09:30:00,24065.968200133724,24072.01598692144,24061.945783271443,24068.361044597732,2602
2026-06-08 09:35:00,24068.361044597732,24087.681671966984,24062.950843666713,24086.384514844063,2443
2026-06-08 09:40:00,24086.384514844063,24107.82105835083,24082.067183189905,24101.355391780464,4685
2026-06-08 09:45:00,24101.355391780464,24107.483968632725,24090.54201835817,24101.943010086838,1631
2026-06-08 09:50:00,24101.943010086838,24103.85583113908,24084.55371630398,24084.642577430735,1702
2026-06-08 09:55:00,24084.642577430735,24087.28533699099,24070.813495005787,24072.061720531463,3456
2026-06-08 10:00:00,24072.061720531463,24086.082982510798,24058.328528969345,24061.474069812666,1981
2026-06-08 10:05:00,24061.474069812666,24078.689372431436,24052.213418157236,24055.405451637776,2327
2026-06-08 10:10:00,24055.405451637776,24063.06223444354,24049.987720113455,24060.563901011505,2958
2026-06-08 10:15:00,24060.563901011505,24077.88337453455,24052.248587829305,24074.329900302742,1558
2026-06-08 10:20:00,24074.329900302742,24089.23831525673,24072.557584072816,24073.345381678962,1221
2026-06-08 10:25:00,24073.345381678962,24074.79770024311,24070.557904275338,24073.655923749633,2556
2026-06-08 10:30:00,24073.655923749633,24082.336767388464,24065.158080092475,24076.41584909225,3205
2026-06-08 10:35:00,24076.41584909225,24077.827733288475,24059.778166466145,24066.478928406064,1347
2026-06-08 10:40:00,24066.478928406064,24068.62489220563,24035.88887095632,24048.662181790805,2182
2026-06-08 10:45:00,24048.662181790805,24060.690770758058,24010.724436174318,24014.889435411973,1888
2026-06-08 10:50:00,24014.889435411973,24030.19167121864,23999.676507213324,24001.534287431725,4955
2026-06-08 10:55:00,24001.534287431725,24013.59861563156,23996.953183855618,24010.61926088736,1921
2026-06-08 11:00:00,24010.61926088736,24026.002288849708,23993.049443002215,23997.11738975705,2258
2026-06-08 11:05:00,23997.11738975705,23999.14779223694,23979.084487474516,23992.552043042473,3709
2026-06-08 11:10:00,23992.552043042473,24013.389615035165,23986.427578805815,24001.504744592665,1404
2026-06-08 11:15:00,24001.504744592665,24016.035108478893,23983.926846166312,24011.502609727744,2280
2026-06-08 11:20:00,24011.502609727744,24011.733462274668,23987.619543171182,23990.765645010088,1676
2026-06-08 11:25:00,23990.765645010088,24010.143296337817,23990.103103042387,24009.901818893963,1588
2026-06-08 11:30:00,24009.901818893963,24047.54352003942,24006.471473655853,24031.55587086272,2620
2026-06-08 11:35:00,24031.55587086272,24039.97781008385,23991.611287124473,24009.834230887172,3605
2026-06-08 11:40:00,24009.834230887172,24017.734967535573,23986.857997382485,23994.01008154847,3952
2026-06-08 11:45:00,23994.01008154847,24022.79635209183,23985.945085895717,24016.873315036024,4984
2026-06-08 11:50:00,24016.873315036024,24023.157232231184,24008.613526331806,24014.05174510334,4118
2026-06-08 11:55:00,24014.05174510334,24016.386173474075,23971.17590017117,23971.407055109143,4284
2026-06-08 12:00:00,23971.407055109143,23977.33352690789,23932.168335272385,23944.565187031178,3526
2026-06-08 12:05:00,23944.565187031178,23945.744332925176,23939.62791023634,23939.788349234692,3534
2026-06-08 12:10:00,23939.788349234692,23948.4205461684,23905.36232216533,23917.513953323538,2594
2026-06-08 12:15:00,23917.513953323538,23917.577012633323,23908.517471078307,23909.60349828127,1565
2026-06-08 12:20:00,23909.60349828127,23910.638225466613,23907.504100299127,23910.22316278049,4413
2026-06-08 12:25:00,23910.22316278049,23940.100772251684,23905.78905649696,23938.193429903105,3571
2026-06-08 12:30:00,23938.193429903105,23943.10878228116,23926.17995153697,23932.6310762798,1703
2026-06-08 12:35:00,23932.6310762798,23956.192787603602,23926.701770952015,23953.16607404225,4574
2026-06-08 12:40:00,23953.16607404225,23987.569344492473,23939.897965604883,23980.544737595243,4077
2026-06-08 12:45:00,23980.544737595243,24016.215371093556,23966.635831618063,24008.06115935001,3868
2026-06-08 12:50:00,24008.06115935001,24021.44694153346,24006.211932686914,24013.53028390474,4215
2026-06-08 12:55:00,24013.53028390474,24018.4825468654,23975.731056096018,23975.813881178583,1857
2026-06-08 13:00:00,23975.813881178583,23985.289912815708,23968.40060885742,23984.65280214238,2284
2026-06-08 13:05:00,23984.65280214238,24008.037875595062,23976.775293553113,24004.76920798799,1584
2026-06-08 13:10:00,24004.76920798799,24011.178897122943,23997.408493046456,24003.212410262917,3733
2026-06-08 13:15:00,24003.212410262917,24041.091874504087,23999.420705850996,24036.712904023665,1231
2026-06-08 13:20:00,24036.712904023665,24054.69160905699,24027.17743832961,24053.246961993453,3317
2026-06-08 13:25:00,24053.246961993453,24074.28340072203,24050.29515999788,24064.18201789952,3987
2026-06-08 13:30:00,24064.18201789952,24096.217425929048,24059.369461481805,24085.09630843967,4518
2026-06-08 13:35:00,24085.09630843967,24102.8841431586,24075.342381740535,24091.519704418828,3921
2026-06-08 13:40:00,24091.519704418828,24093.558756033064,24040.191860728602,24043.47522980638,2245
2026-06-08 13:45:00,24043.47522980638,24052.352342249756,24024.16048236091,24033.87440179365,1051
2026-06-08 13:50:00,24033.87440179365,24063.741127438618,24027.393909268125,24056.892470597428,3163
2026-06-08 13:55:00,24056.892470597428,24063.43765007897,24037.3758019806,24041.34996017428,1537
2026-06-08 14:00:00,24041.34996017428,24058.302399689946,24031.762671660006,24037.05189561038,4636
2026-06-08 14:05:00,24037.05189561038,24049.115141545444,24014.792590358596,24016.960067850618,4948
2026-06-08 14:10:00,24016.960067850618,24057.469520904608,24005.235143614198,24051.235586037095,1540
2026-06-08 14:15:00,24051.235586037095,24084.503370620612,24049.886382361183,24083.5891630207,2042
2026-06-08 14:20:00,24083.5891630207,24090.166326257528,24066.240122795527,24066.559774745067,1814
2026-06-08 14:25:00,24066.559774745067,24074.415401889873,24061.29671233578,24069.39573964992,2415
2026-06-08 14:30:00,24069.39573964992,24072.1081222198,24054.928380254518,24056.29247522263,3838
2026-06-08 14:35:00,24056.29247522263,24077.548455327295,24054.99130730948,24068.127105696716,2652
2026-06-08 14:40:00,24068.127105696716,24081.1310968882,24062.243400642015,24077.940799366064,3665
2026-06-08 14:45:00,24077.940799366064,24103.939263388897,24067.277190724428,24093.576158325923,1418
2026-06-08 14:50:00,24093.576158325923,24106.028277066624,24080.525334794882,24099.97384024449,3356
2026-06-08 14:55:00,24099.97384024449,24171.83697378127,24095.39528355931,24156.56841047205,4810
2026-06-08 15:00:00,24156.56841047205,24166.887792937334,24136.002880894852,24136.703521871863,1863
2026-06-08 15:05:00,24136.703521871863,24137.996253563724,24096.363375977853,24103.67286106422,1185
2026-06-08 15:10:00,24103.67286106422,24117.878621260083,24070.5819944589,24096.092926982143,1260
2026-06-08 15:15:00,24096.092926982143,24106.799874487806,24056.88212059665,24065.867014217856,2551
2026-06-08 15:20:00,24065.867014217856,24065.884117224043,24033.88932842501,24037.133095406894,2296
2026-06-08 15:25:00,24037.133095406894,24041.053120800785,24012.779937153144,24017.878108516223,3207
2026-06-09 09:15:00,24017.878108516223,24023.419261084826,24000.778587943507,24007.525628627125,3724
2026-06-09 09:20:00,24007.525628627125,24019.629109440655,23997.64356075126,24015.829403720538,2450
2026-06-09 09:25:00,24015.829403720538,24015.866195721614,23993.554120024583,24002.05042917719,2877
2026-06-09 09:30:00,24002.05042917719,24004.921773572107,23957.76435542724,23963.025903144695,4442
2026-06-09 09:35:00,23963.025903144695,23968.670526284546,23928.682038347422,23937.691122709002,4903
2026-06-09 09:40:00,23937.691122709002,23950.861340810214,23931.941035938493,23938.09505205538,3711
2026-06-09 09:45:00,23938.09505205538,23943.227946846906,23901.65533159414,23916.4345760604,3337
2026-06-09 09:50:00,23916.4345760604,23918.11152990194,23911.138757524022,23915.147346389964,4503
2026-06-09 09:55:00,23915.147346389964,23920.223033008962,23893.465116031573,23894.586804705596,2291
2026-06-09 10:00:00,23894.586804705596,23900.156143234883,23877.174899069574,23879.631585735013,3198
2026-06-09 10:05:00,23879.631585735013,23907.456992116593,23870.72351033307,23895.930204294113,2742
2026-06-09 10:10:00,23895.930204294113,23910.36575774409,23890.343034781505,23900.661226608776,2278
2026-06-09 10:15:00,23900.661226608776,23910.316412546395,23895.802303448916,23900.476437760968,4424
2026-06-09 10:20:00,23900.476437760968,23927.64116522918,23898.261150296235,23917.282563943376,2400
2026-06-09 10:25:00,23917.282563943376,23928.569947067048,23902.18179350019,23926.478445167177,2676
2026-06-09 10:30:00,23926.478445167177,23954.398667581918,23925.487326148355,23954.167377493333,1854
2026-06-09 10:35:00,23954.167377493333,23960.439659443447,23931.805734517566,23945.354940901663,2381
2026-06-09 10:40:00,23945.354940901663,23950.613922369925,23936.743705039422,23937.12473125697,3655
2026-06-09 10:45:00,23937.12473125697,23939.344178374675,23906.001582601108,23912.208879418085,3417
2026-06-09 10:50:00,23912.208879418085,23915.112945991295,23900.582801359433,23904.002578202846,4298
2026-06-09 10:55:00,23904.002578202846,23922.70394589879,23891.975643577378,23922.452067835467,1704
2026-06-09 11:00:00,23922.452067835467,23953.466000565226,23911.97043900706,23947.331176316853,4374
2026-06-09 11:05:00,23947.331176316853,23975.006622587847,23938.772922098746,23965.728573029253,1825
2026-06-09 11:10:00,23965.728573029253,23966.12544004843,23926.48220264196,23931.329280803926,2004
2026-06-09 11:15:00,23931.329280803926,23966.787403320526,23919.00919378729,23952.06616459842,4460
2026-06-09 11:20:00,23952.06616459842,23963.74633412018,23897.387021125138,23916.83710883085,1376
2026-06-09 11:25:00,23916.83710883085,23938.018995914834,23916.379733147893,23934.021209427374,1972
2026-06-09 11:30:00,23934.021209427374,23934.255563010258,23920.680496726593,23926.97915929981,1117
2026-06-09 11:35:00,23926.97915929981,23948.595575928328,23916.878955504337,23940.42675926878,4076
2026-06-09 11:40:00,23940.42675926878,23943.295799445983,23913.328740384477,23914.90725360216,1443
2026-06-09 11:45:00,23914.90725360216,23939.543510990366,23913.993176541157,23937.313945853828,4423
2026-06-09 11:50:00,23937.313945853828,23945.40904604448,23908.523643931872,23909.259897517622,1754
2026-06-09 11:55:00,23909.259897517622,23917.55838128339,23894.33920432374,23896.474087762934,4604
2026-06-09 12:00:00,23896.474087762934,23898.786105040275,23872.85740289567,23877.393333835236,4735
2026-06-09 12:05:00,23877.393333835236,23887.164722444268,23841.11035414608,23843.883134274893,1639
2026-06-09 12:10:00,23843.883134274893,23849.491154682786,23830.042016790743,23845.68625769453,3171
2026-06-09 12:15:00,23845.68625769453,23883.728798075375,23844.61776948526,23880.14020526043,3705
2026-06-09 12:20:00,23880.14020526043,23938.14148865316,23863.17949577182,23931.089061758943,2300
2026-06-09 12:25:00,23931.089061758943,23944.47536755268,23928.549226816354,23932.949096793847,3869
2026-06-09 12:30:00,23932.949096793847,23963.12505001955,23925.9178340253,23954.329477684674,4465
2026-06-09 12:35:00,23954.329477684674,23970.072005321566,23953.1555213551,23958.77721482623,3711
2026-06-09 12:40:00,23958.77721482623,23975.043536980582,23949.33212590845,23968.339319881972,3407
2026-06-09 12:45:00,23968.339319881972,23984.77520526369,23954.958620015066,23961.778731907525,1622
2026-06-09 12:50:00,23961.778731907525,23971.14480627869,23954.14985561423,23965.518244005663,2492
2026-06-09 12:55:00,23965.518244005663,23981.335446907506,23962.40232233551,23975.823008566473,3008
2026-06-09 13:00:00,23975.823008566473,23978.80005013051,23952.123319256938,23964.727770104775,2651
2026-06-09 13:05:00,23964.727770104775,23968.040634254918,23960.61699412588,23963.24206626424,2723
2026-06-09 13:10:00,23963.24206626424,23974.18608599667,23956.079927576797,23962.121926195843,4128
2026-06-09 13:15:00,23962.121926195843,23983.703974372875,23957.18161873362,23977.963827835913,4322
2026-06-09 13:20:00,23977.963827835913,23981.956944532238,23954.382671485877,23957.514803155434,2919
2026-06-09 13:25:00,23957.514803155434,23957.602269758467,23950.47948218755,23956.52694457487,1918
2026-06-09 13:30:00,23956.52694457487,23993.839459141633,23953.092729597298,23993.1709530049,2173
2026-06-09 13:35:00,23993.1709530049,24024.6756159981,23992.849877359215,24015.514548397357,3499
2026-06-09 13:40:00,24015.514548397357,24049.75207244617,24005.84460445681,24041.435531658943,2185
2026-06-09 13:45:00,24041.435531658943,24048.88571979806,24027.486057905433,24041.90543286739,1119
2026-06-09 13:50:00,24041.90543286739,24050.95784584242,24041.738961961444,24048.079347323648,1581
2026-06-09 13:55:00,24048.079347323648,24074.942403965008,24043.571027955048,24067.360831212947,2947
2026-06-09 14:00:00,24067.360831212947,24099.74884345372,24065.964092215963,24097.401817467442,4422
2026-06-09 14:05:00,24097.401817467442,24098.43552830238,24050.324449866494,24059.778969803538,3146
2026-06-09 14:10:00,24059.778969803538,24072.237199998937,24033.92353318015,24034.459588127243,2190
2026-06-09 14:15:00,24034.459588127243,24061.58849057306,24033.128909873496,24059.637013197702,4881
2026-06-09 14:20:00,24059.637013197702,24059.834670240332,24050.033104159204,24054.30752728361,2686
2026-06-09 14:25:00,24054.30752728361,24068.401719637906,24040.665012145564,24041.38130453378,4909
2026-06-09 14:30:00,24041.38130453378,24046.335920433372,24014.446930089565,24017.259894529278,2999
2026-06-09 14:35:00,24017.259894529278,24028.327488713785,24002.878651818897,24006.595910235843,3561
2026-06-09 14:40:00,24006.595910235843,24010.899364109806,23974.968797497855,23979.663020072578,3711
2026-06-09 14:45:00,23979.663020072578,24024.903612557737,23975.26627342728,24019.77800887524,1400
2026-06-09 14:50:00,24019.77800887524,24020.62199817666,24015.542260216793,24019.346881684865,3412
2026-06-09 14:55:00,24019.346881684865,24021.04906299525,24008.483835111285,24018.2333343532,4648
2026-06-09 15:00:00,24018.2333343532,24036.30322551778,23995.02439762965,24029.532984595335,2349
2026-06-09 15:05:00,24029.532984595335,24050.805876651437,24026.681168020754,24048.0327485853,3628
2026-06-09 15:10:00,24048.0327485853,24067.71575882558,24047.78549767223,24066.230148077564,2656
2026-06-09 15:15:00,24066.230148077564,24098.502895892987,24054.094483481225,24086.900574312844,1620
2026-06-09 15:20:00,24086.900574312844,24101.936151359656,24072.50750514495,24074.74448306513,3875
2026-06-09 15:25:00,24074.74448306513,24083.45341417664,24065.572365793352,24069.007629289667,1246
2026-06-10 09:15:00,24069.007629289667,24088.12033421163,24057.741293880405,24086.892863306206,1748
2026-06-10 09:20:00,24086.892863306206,24099.225332588303,24071.847555806915,24098.973547089412,2891
2026-06-10 09:25:00,24098.973547089412,24126.382211765424,24090.812008639637,24118.639246342304,1830
2026-06-10 09:30:00,24118.639246342304,24165.931415437586,24108.0462416044,24157.645296647486,1048
2026-06-10 09:35:00,24157.645296647486,24192.82691400533,24157.422390452306,24190.47943553154,1114
2026-06-10 09:40:00,24190.47943553154,24193.650093622487,24165.504831102415,24168.11708454496,2178
2026-06-10 09:45:00,24168.11708454496,24169.607540243305,24132.09222872312,24136.974949545787,2672
2026-06-10 09:50:00,24136.974949545787,24153.011101873293,24131.08378055979,24143.28633222793,3550
2026-06-10 09:55:00,24143.28633222793,24147.976178131114,24113.423701816424,24117.13205149723,4750
2026-06-10 10:00:00,24117.13205149723,24127.260607084783,24078.60985508296,24079.963319506584,4904
2026-06-10 10:05:00,24079.963319506584,24087.929257546293,24076.01613822814,24086.05541264047,4782
2026-06-10 10:10:00,24086.05541264047,24109.011773665065,24081.29122712814,24096.981720745367,4033
2026-06-10 10:15:00,24096.981720745367,24136.362089762923,24089.434930918625,24129.9683806313,1070
2026-06-10 10:20:00,24129.9683806313,24156.386333689545,24129.839953136747,24144.802154568548,4059
2026-06-10 10:25:00,24144.802154568548,24184.107373224186,24133.878181798824,24181.880073368186,4590
2026-06-10 10:30:00,24181.880073368186,24192.84593645916,24177.019496040142,24188.758448303688,4783
2026-06-10 10:35:00,24188.758448303688,24197.565859811406,24157.286089982812,24166.770475235357,2359
2026-06-10 10:40:00,24166.770475235357,24199.627332338692,24159.977177832814,24182.66615993472,1066
2026-06-10 10:45:00,24182.66615993472,24213.647912982145,24176.179806716227,24208.479958525528,2516
2026-06-10 10:50:00,24208.479958525528,24222.314276699097,24207.596299839417,24216.054005572678,2673
2026-06-10 10:55:00,24216.054005572678,24248.20660315124,24214.806634438843,24244.15529229817,2777
2026-06-10 11:00:00,24244.15529229817,24244.816496522686,24223.491889820845,24241.764804756775,1966
2026-06-10 11:05:00,24241.764804756775,24274.556898628427,24232.42530432091,24252.351651160163,4284
2026-06-10 11:10:00,24252.351651160163,24272.34514663772,24243.58503769221,24248.969280807538,3228
2026-06-10 11:15:00,24248.969280807538,24303.20034567122,24248.79883430063,24295.120764779927,2789
2026-06-10 11:20:00,24295.120764779927,24315.401989569757,24277.513487814736,24311.471588755114,1612
2026-06-10 11:25:00,24311.471588755114,24313.996667404066,24289.598829996638,24289.752592705747,2886
2026-06-10 11:30:00,24289.752592705747,24327.46450402816,24287.754131898146,24325.751900036244,2622
2026-06-10 11:35:00,24325.751900036244,24328.42237288772,24309.034383125923,24311.4837809163,1696
2026-06-10 11:40:00,24311.4837809163,24315.095638760136,24308.868143054977,24311.75015619539,3650
2026-06-10 11:45:00,24311.75015619539,24323.736619527972,24309.75306208182,24320.85832575224,3295
2026-06-10 11:50:00,24320.85832575224,24342.475966035534,24315.785072986306,24331.559347272618,2237
2026-06-10 11:55:00,24331.559347272618,24349.445178074922,24325.908191808532,24340.975120063344,3406
2026-06-10 12:00:00,24340.975120063344,24342.656473101404,24317.203619272892,24318.91157409905,1248
2026-06-10 12:05:00,24318.91157409905,24335.72671060722,24310.700439241587,24328.386895879874,1637
2026-06-10 12:10:00,24328.386895879874,24358.137614257703,24327.703974847806,24349.808448035088,4994
2026-06-10 12:15:00,24349.808448035088,24371.00003183297,24339.566029236623,24370.688195085248,1949
2026-06-10 12:20:00,24370.688195085248,24372.9280395516,24339.269748176044,24345.307340042484,2904
2026-06-10 12:25:00,24345.307340042484,24356.619436332905,24330.10016972047,24332.537683316048,4587
2026-06-10 12:30:00,24332.537683316048,24336.930935930275,24303.41073091126,24312.20499346227,2111
2026-06-10 12:35:00,24312.20499346227,24324.717904038054,24304.620990741423,24318.814275959037,3710
2026-06-10 12:40:00,24318.814275959037,24328.020332385404,24279.15165838691,24288.626888564602,1175
2026-06-10 12:45:00,24288.626888564602,24289.57744157479,24261.776591368547,24266.810984334377,1722
2026-06-10 12:50:00,24266.810984334377,24278.235843317936,24251.359290831177,24253.89842027603,3473
2026-06-10 12:55:00,24253.89842027603,24259.064313091676,24202.16575593768,24219.03508838435,4842
2026-06-10 13:00:00,24219.03508838435,24221.150368413,24214.479404189635,24218.49647440692,4674
2026-06-10 13:05:00,24218.49647440692,24221.30499578368,24173.282149308234,24177.6835563915,1770
2026-06-10 13:10:00,24177.6835563915,24191.454825728248,24167.173042200604,24187.071166194517,2947
2026-06-10 13:15:00,24187.071166194517,24192.3027649084,24176.82191394715,24179.388933691316,1702
2026-06-10 13:20:00,24179.388933691316,24185.82894143152,24161.760518151765,24167.318907566627,3128
2026-06-10 13:25:00,24167.318907566627,24173.551749525177,24147.458847496433,24158.410860467677,1926
2026-06-10 13:30:00,24158.410860467677,24160.986777151695,24145.073714200626,24157.243794845326,1137
2026-06-10 13:35:00,24157.243794845326,24179.438883918814,24146.417763847814,24168.701405176726,4504
2026-06-10 13:40:00,24168.701405176726,24201.430638703663,24166.27618321556,24194.16742975844,3517
2026-06-10 13:45:00,24194.16742975844,24217.619571135725,24190.12459505881,24213.791915399495,3397
2026-06-10 13:50:00,24213.791915399495,24262.333278585214,24207.41364937966,24257.022024733687,2149
2026-06-10 13:55:00,24257.022024733687,24275.051145244932,24256.141361042875,24270.126584158574,4952
2026-06-10 14:00:00,24270.126584158574,24276.895432573754,24256.434339463496,24272.850956395607,2940
2026-06-10 14:05:00,24272.850956395607,24273.439647651718,24254.968312633224,24263.976184209234,2891
2026-06-10 14:10:00,24263.976184209234,24271.729497257118,24253.33553453514,24255.74974597072,4380
2026-06-10 14:15:00,24255.74974597072,24271.238317187053,24249.963186826637,24266.20956315148,2878
2026-06-10 14:20:00,24266.20956315148,24274.410257155454,24242.441413846504,24246.807386358632,2253
2026-06-10 14:25:00,24246.807386358632,24256.877440100176,24245.934967629586,24251.248938633074,2483
2026-06-10 14:30:00,24251.248938633074,24260.96145403141,24243.657723752236,24250.8829408056,2368
2026-06-10 14:35:00,24250.8829408056,24257.20847536559,24235.61468535969,24236.757343616177,1309
2026-06-10 14:40:00,24236.757343616177,24246.273507247242,24215.84433723073,24216.37538837411,2043
2026-06-10 14:45:00,24216.37538837411,24265.67885965251,24212.02146129475,24265.28699379134,4952
2026-06-10 14:50:00,24265.28699379134,24268.39014434811,24232.88887149084,24238.176433666904,4632
2026-06-10 14:55:00,24238.176433666904,24245.531400583317,24229.36542342632,24236.862558436886,4049
2026-06-10 15:00:00,24236.862558436886,24265.631377463378,24221.658712328015,24260.567835016467,2670
2026-06-10 15:05:00,24260.567835016467,24287.798396870858,24253.62671454688,24270.836010984603,2564
2026-06-10 15:10:00,24270.836010984603,24279.741548499114,24259.10321832047,24261.64152792543,2583
2026-06-10 15:15:00,24261.64152792543,24265.455662842825,24217.812923385234,24238.502770764517,2500
2026-06-10 15:20:00,24238.502770764517,24241.27038561261,24236.253688629997,24241.01943401616,3316
2026-06-10 15:25:00,24241.01943401616,24244.61760691128,24185.39507783444,24189.831801655633,4074
2026-06-11 09:15:00,24189.831801655633,24199.26299580554,24186.093382063213,24194.141084023613,1141
2026-06-11 09:20:00,24194.141084023613,24200.028297578312,24182.95967287962,24183.984013035828,4157
2026-06-11 09:25:00,24183.984013035828,24195.475028197645,24178.372127130588,24191.635308846024,2487
2026-06-11 09:30:00,24191.635308846024,24201.765083381182,24189.936344535978,24201.688005693606,1045
2026-06-11 09:35:00,24201.688005693606,24205.50362223744,24163.912281913887,24176.830667202325,3891
2026-06-11 09:40:00,24176.830667202325,24201.602591479517,24175.393237085827,24195.718467534156,4056
2026-06-11 09:45:00,24195.718467534156,24239.63548652985,24190.395865916496,24235.524321485147,4309
2026-06-11 09:50:00,24235.524321485147,24251.35218595586,24223.95055746577,24233.81628528221,3057
2026-06-11 09:55:00,24233.81628528221,24243.50915497779,24228.457762562542,24230.497310815474,1663
2026-06-11 10:00:00,24230.497310815474,24236.51758728943,24215.568223795868,24226.3683146349,1572
2026-06-11 10:05:00,24226.3683146349,24243.624222409882,24223.41484842678,24238.396333510063,3029
2026-06-11 10:10:00,24238.396333510063,24253.498588257913,24234.941946482035,24248.30069540413,2553
2026-06-11 10:15:00,24248.30069540413,24248.73426221485,24211.1507782662,24217.444030493418,2621
2026-06-11 10:20:00,24217.444030493418,24219.43646590087,24196.982399339708,24200.663840047277,3696
2026-06-11 10:25:00,24200.663840047277,24217.662190701296,24198.8371192129,24210.485686240845,1912
2026-06-11 10:30:00,24210.485686240845,24222.43438887122,24201.442049025776,24207.67684825375,4813
2026-06-11 10:35:00,24207.67684825375,24212.609400700567,24180.446005856596,24185.09364388142,1639
2026-06-11 10:40:00,24185.09364388142,24220.934697762073,24183.753917345806,24214.12079024178,3663
2026-06-11 10:45:00,24214.12079024178,24217.912005119964,24193.18615904839,24198.6293073404,3745
2026-06-11 10:50:00,24198.6293073404,24202.5093870698,24194.443168498696,24199.321913190706,1908
2026-06-11 10:55:00,24199.321913190706,24200.16667015307,24191.652685416502,24196.00139623732,3225
2026-06-11 11:00:00,24196.00139623732,24199.633783517234,24170.95909225153,24175.121431650194,1868
2026-06-11 11:05:00,24175.121431650194,24188.106483208114,24167.515741101743,24178.698475491856,2029
2026-06-11 11:10:00,24178.698475491856,24202.310425965738,24178.57111988014,24186.282982776895,1852
2026-06-11 11:15:00,24186.282982776895,24193.573097709253,24170.638994858557,24177.233906896818,1306
2026-06-11 11:20:00,24177.233906896818,24186.40493031109,24168.632307791282,24170.731347685753,3595
2026-06-11 11:25:00,24170.731347685753,24185.505714474497,24162.25583290478,24182.342716476454,3374
2026-06-11 11:30:00,24182.342716476454,24183.73224832148,24141.633263612366,24144.131940114297,4427
2026-06-11 11:35:00,24144.131940114297,24149.41796072557,24113.585989905914,24127.810432554066,2816
2026-06-11 11:40:00,24127.810432554066,24141.253937856338,24123.342339474413,24131.930205932647,1394
2026-06-11 11:45:00,24131.930205932647,24132.341052417647,24121.65016347351,24121.761228175455,3347
2026-06-11 11:50:00,24121.761228175455,24134.688237708873,24097.561694661534,24111.32076906123,4597
2026-06-11 11:55:00,24111.32076906123,24131.218265825653,24109.840815092793,24128.713567634353,1748
2026-06-11 12:00:00,24128.713567634353,24130.592097839133,24115.00611082281,24116.48852747698,3332
2026-06-11 12:05:00,24116.48852747698,24156.726156409484,24111.550442888605,24154.673191146438,1329
2026-06-11 12:10:00,24154.673191146438,24163.134221086486,24119.709393705227,24120.76944880351,3097
2026-06-11 12:15:00,24120.76944880351,24126.384726277673,24076.10021983891,24078.085454184846,3031
2026-06-11 12:20:00,24078.085454184846,24103.754572035843,24070.902479428132,24095.015934188534,1772
2026-06-11 12:25:00,24095.015934188534,24103.56522650382,24074.117067046078,24076.049277170103,2645
2026-06-11 12:30:00,24076.049277170103,24077.56210979878,24048.796164366307,24057.422628077376,2732
2026-06-11 12:35:00,24057.422628077376,24090.604953800794,24045.30393823401,24076.374743712742,1377
2026-06-11 12:40:00,24076.374743712742,24077.160276066974,24055.219616543007,24066.796803851998,2787
2026-06-11 12:45:00,24066.796803851998,24089.00009820466,24053.886174931893,24084.32439812432,2623
2026-06-11 12:50:00,24084.32439812432,24091.64977951763,24062.798126327092,24072.56331072773,1999
2026-06-11 12:55:00,24072.56331072773,24089.173347141492,24059.084149947128,24079.54496113964,2848
2026-06-11 13:00:00,24079.54496113964,24086.21487391948,24055.391489089587,24069.693104659014,2561
2026-06-11 13:05:00,24069.693104659014,24073.167025390918,24050.8206077935,24051.98142530374,1773
2026-06-11 13:10:00,24051.98142530374,24090.08405575821,24045.163523900388,24085.280938668566,4215
2026-06-11 13:15:00,24085.280938668566,24119.152563631756,24071.804358597874,24106.793182808582,2083
2026-06-11 13:20:00,24106.793182808582,24113.975562862328,24084.909429478605,24092.779601479244,3915
2026-06-11 13:25:00,24092.779601479244,24097.92480227846,24087.698114811996,24089.341156361847,2803
2026-06-11 13:30:00,24089.341156361847,24118.731578530304,24070.517415464376,24117.790221138726,2098
2026-06-11 13:35:00,24117.790221138726,24139.50690078351,24095.863677650435,24098.723267008565,3050
2026-06-11 13:40:00,24098.723267008565,24103.90367091339,24066.07825289689,24080.714618144146,2598
2026-06-11 13:45:00,24080.714618144146,24094.877213921412,24078.74029657597,24089.77013181362,1747
2026-06-11 13:50:00,24089.77013181362,24142.08053339688,24087.155721125164,24133.5266854474,2471
2026-06-11 13:55:00,24133.5266854474,24145.366138878442,24132.161812326034,24134.56600160221,2764
2026-06-11 14:00:00,24134.56600160221,24156.957380944237,24134.244218050902,24154.835392521098,4973
2026-06-11 14:05:00,24154.835392521098,24161.65745925231,24131.22226154491,24135.17452065313,3322
2026-06-11 14:10:00,24135.17452065313,24149.587555822898,24124.110563847164,24142.1457696801,2553
2026-06-11 14:15:00,24142.1457696801,24152.857139568474,24131.233148163017,24135.200273044546,2615
2026-06-11 14:20:00,24135.200273044546,24171.986193663204,24132.942350490655,24171.24136913042,3262
2026-06-11 14:25:00,24171.24136913042,24202.5616493502,24165.714795054904,24202.15524295036,4754
2026-06-11 14:30:00,24202.15524295036,24257.621026921686,24194.197983927053,24246.28868113329,2508
2026-06-11 14:35:00,24246.28868113329,24254.034469817758,24227.40303815624,24232.798253870813,1328
2026-06-11 14:40:00,24232.798253870813,24236.832936268336,24231.75627439907,24233.48643058957,3302
2026-06-11 14:45:00,24233.48643058957,24241.00653916895,24232.72338863264,24240.759712645417,2410
2026-06-11 14:50:00,24240.759712645417,24240.998455722616,24220.653977942824,24228.029093260375,1125
2026-06-11 14:55:00,24228.029093260375,24247.976396834736,24227.589419982814,24230.56926061383,1766
2026-06-11 15:00:00,24230.56926061383,24254.092204429606,24221.032601730585,24248.189304826927,4655
2026-06-11 15:05:00,24248.189304826927,24251.4910452417,24234.287400960093,24237.513010824303,2573
2026-06-11 15:10:00,24237.513010824303,24237.866290532416,24223.65491454945,24223.874921749004,4395
2026-06-11 15:15:00,24223.874921749004,24227.2310643498,24198.593373742136,24208.95968554521,2227
2026-06-11 15:20:00,24208.95968554521,24214.652521238506,24178.412545976033,24182.935976055036,2195
2026-06-11 15:25:00,24182.935976055036,24205.434212580858,24181.046988873528,24199.457619918183,2758
2026-06-12 09:15:00,24199.457619918183,24201.60834089731,24168.315866502686,24177.554098227465,1071
2026-06-12 09:20:00,24177.554098227465,24203.48800525985,24171.803247416217,24194.71788631933,4290
2026-06-12 09:25:00,24194.71788631933,24227.10100517609,24189.17653489262,24214.349574425516,3766
2026-06-12 09:30:00,24214.349574425516,24243.099732294137,24205.819913617048,24226.97716116023,4244
2026-06-12 09:35:00,24226.97716116023,24227.39399553262,24219.711729410432,24223.18918851006,2676
2026-06-12 09:40:00,24223.18918851006,24241.577310757148,24212.68918214642,24233.776305529387,2295
2026-06-12 09:45:00,24233.776305529387,24235.365640088137,24228.992931264496,24233.383917626656,3773
2026-06-12 09:50:00,24233.383917626656,24239.370939548397,24194.709384389018,24214.422004725056,4539
2026-06-12 09:55:00,24214.422004725056,24214.686256399975,24196.726635046627,24200.287879127463,3316
2026-06-12 10:00:00,24200.287879127463,24227.782843995108,24178.60686995021,24213.912114971048,2043
2026-06-12 10:05:00,24213.912114971048,24218.91267716346,24183.960139223498,24196.36535479784,3625
2026-06-12 10:10:00,24196.36535479784,24197.771874359154,24176.89060536609,24180.656037963494,4042
2026-06-12 10:15:00,24180.656037963494,24196.620333203053,24178.499842051708,24195.22990235648,1814
2026-06-12 10:20:00,24195.22990235648,24203.283654582472,24191.855949974095,24197.819548064035,2526
2026-06-12 10:25:00,24197.819548064035,24209.26552396418,24197.174100814966,24208.99300385096,3194
2026-06-12 10:30:00,24208.99300385096,24213.400225890746,24180.193297096535,24185.190374548863,4500
2026-06-12 10:35:00,24185.190374548863,24202.80603219115,24184.728729542094,24195.820820336645,4236
2026-06-12 10:40:00,24195.820820336645,24199.80752803246,24173.162276015773,24183.044882074704,3937
2026-06-12 10:45:00,24183.044882074704,24189.10571138091,24153.108860812652,24163.37180122481,1309
2026-06-12 10:50:00,24163.37180122481,24175.85865908567,24144.175867215057,24153.603132010343,3565
2026-06-12 10:55:00,24153.603132010343,24180.811206310456,24141.920205163726,24179.922153138054,3061
2026-06-12 11:00:00,24179.922153138054,24183.20165631017,24166.446023754736,24172.87217504889,1131
2026-06-12 11:05:00,24172.87217504889,24225.05890418477,24159.134377447048,24215.44332408527,2877
2026-06-12 11:10:00,24215.44332408527,24225.761862397852,24170.92753842645,24175.49407846951,3802
2026-06-12 11:15:00,24175.49407846951,24181.45818836497,24144.08477848022,24145.58845233031,3486
2026-06-12 11:20:00,24145.58845233031,24186.420253371234,24136.017265155824,24171.167037746927,3790
2026-06-12 11:25:00,24171.167037746927,24212.487545728887,24168.75962969057,24201.634398534763,1739
2026-06-12 11:30:00,24201.634398534763,24215.959454842498,24170.33656976174,24184.9167374362,4745
2026-06-12 11:35:00,24184.9167374362,24193.245647110198,24183.552444860863,24186.249686543546,1794
2026-06-12 11:40:00,24186.249686543546,24205.265183277064,24185.091209452516,24200.029849098075,3310
2026-06-12 11:45:00,24200.029849098075,24202.349814734454,24194.631147273074,24195.58913031337,3690
2026-06-12 11:50:00,24195.58913031337,24202.28513767872,24191.41460855068,24198.49002836727,4296
2026-06-12 11:55:00,24198.49002836727,24202.351790817283,24194.392826433672,24198.701678296824,1257
2026-06-12 12:00:00,24198.701678296824,24206.31327009872,24160.86145866355,24170.022403486557,2257
2026-06-12 12:05:00,24170.022403486557,24177.170522022177,24156.111564516104,24163.3580266839,4407
2026-06-12 12:10:00,24163.3580266839,24170.674862462503,24159.6192253826,24163.597052460555,3456
2026-06-12 12:15:00,24163.597052460555,24172.339027693277,24159.79600785714,24165.59048801791,2851
2026-06-12 12:20:00,24165.59048801791,24167.715013814493,24114.716065200624,24132.13552645159,1974
2026-06-12 12:25:00,24132.13552645159,24150.583214271803,24123.0490142477,24146.686121115185,2047
2026-06-12 12:30:00,24146.686121115185,24155.96475580542,24141.71159563102,24149.187595188112,1270
2026-06-12 12:35:00,24149.187595188112,24152.87019866874,24125.569695550068,24128.798219312466,2118
2026-06-12 12:40:00,24128.798219312466,24170.8903758284,24126.62827617709,24163.52562562154,1141
2026-06-12 12:45:00,24163.52562562154,24166.188609071207,24154.615507768558,24156.825861286026,4765
2026-06-12 12:50:00,24156.825861286026,24162.7615915415,24150.199820675243,24151.38289587209,4789
2026-06-12 12:55:00,24151.38289587209,24164.61203871911,24151.092216475685,24163.78142842284,1901
2026-06-12 13:00:00,24163.78142842284,24208.08540311375,24148.617224395235,24200.20110178215,4021
2026-06-12 13:05:00,24200.20110178215,24215.86786493754,24197.521215509998,24213.386137928195,4152
2026-06-12 13:10:00,24213.386137928195,24236.656526542647,24211.640589072904,24229.388471102757,1273
2026-06-12 13:15:00,24229.388471102757,24245.33336608021,24204.533737222384,24209.973522878663,3323
2026-06-12 13:20:00,24209.973522878663,24223.866933486202,24205.93459524799,24211.657756545766,4954
2026-06-12 13:25:00,24211.657756545766,24215.288340125404,24199.16464603881,24201.34820554499,1464
2026-06-12 13:30:00,24201.34820554499,24217.013146602345,24195.775191125573,24214.980918852634,2231
2026-06-12 13:35:00,24214.980918852634,24237.587696050916,24212.80711728796,24230.41972807763,2319
2026-06-12 13:40:00,24230.41972807763,24266.78405909112,24225.0228074195,24262.078797435683,4110
2026-06-12 13:45:00,24262.078797435683,24278.901581865444,24214.663120717607,24220.186108108188,1287
2026-06-12 13:50:00,24220.186108108188,24221.04058503101,24205.79135273145,24207.967931750576,4195
2026-06-12 13:55:00,24207.967931750576,24239.495579591578,24204.152943888606,24233.149039547174,1875
2026-06-12 14:00:00,24233.149039547174,24234.746217496646,24193.296457936245,24205.978254215905,2992
2026-06-12 14:05:00,24205.978254215905,24223.904612406306,24203.187363790737,24221.579511322074,4354
2026-06-12 14:10:00,24221.579511322074,24244.050053072984,24217.932819868933,24243.55333795917,3925
2026-06-12 14:15:00,24243.55333795917,24250.699038922598,24231.86650272074,24243.00369111698,3227
2026-06-12 14:20:00,24243.00369111698,24248.706053145786,24212.98641753952,24215.435232190957,2120
2026-06-12 14:25:00,24215.435232190957,24218.12917666585,24203.387737201818,24213.081110673444,2214
2026-06-12 14:30:00,24213.081110673444,24250.527894425944,24208.762098905805,24241.336446304256,4145
2026-06-12 14:35:00,24241.336446304256,24278.231250743716,24234.720137055705,24271.182716696476,1446
2026-06-12 14:40:00,24271.182716696476,24281.12878641921,24270.52984186964,24275.21911878287,3832
2026-06-12 14:45:00,24275.21911878287,24283.83305043153,24251.218087314322,24256.24099156312,4568
2026-06-12 14:50:00,24256.24099156312,24290.610940184873,24238.080047639487,24289.974576585457,3608
2026-06-12 14:55:00,24289.974576585457,24318.744537502687,24270.30463521294,24305.926733275788,3531
2026-06-12 15:00:00,24305.926733275788,24310.225258657596,24279.614330480275,24288.20265766354,3896
2026-06-12 15:05:00,24288.20265766354,24315.54876062271,24287.116685727695,24294.857993811664,1721
2026-06-12 15:10:00,24294.857993811664,24308.129810765422,24283.690883449894,24300.62556357586,3163
2026-06-12 15:15:00,24300.62556357586,24312.108610251154,24280.03826229198,24288.245948117084,3582
2026-06-12 15:20:00,24288.245948117084,24300.014588942202,24282.02565006123,24295.009871262686,4169
2026-06-12 15:25:00,24295.009871262686,24320.241717369663,24294.364063321493,24316.509727384026,2351
2026-06-15 09:15:00,24316.509727384026,24324.391247983607,24300.477187866778,24306.93254757036,1151
2026-06-15 09:20:00,24306.93254757036,24315.518362642404,24281.31817985735,24287.72295553531,4063
2026-06-15 09:25:00,24287.72295553531,24304.86064218921,24280.826523665433,24301.771711665595,3271
2026-06-15 09:30:00,24301.771711665595,24307.000664474657,24300.443664188464,24303.43421199776,1503
2026-06-15 09:35:00,24303.43421199776,24307.356629732567,24268.02861991519,24270.07612859856,4808
2026-06-15 09:40:00,24270.07612859856,24273.47232236109,24250.053744265908,24252.040035440805,2573
2026-06-15 09:45:00,24252.040035440805,24252.615156579544,24238.00444480189,24242.259116419675,3091
2026-06-15 09:50:00,24242.259116419675,24244.354782366954,24238.801228710854,24240.846128442467,3744
2026-06-15 09:55:00,24240.846128442467,24278.817229751126,24227.51927792794,24277.4843017029,1503
2026-06-15 10:00:00,24277.4843017029,24289.33297244205,24266.338903392974,24282.11006181964,4312
2026-06-15 10:05:00,24282.11006181964,24282.87697795952,24264.886188020548,24265.77748936572,3977
2026-06-15 10:10:00,24265.77748936572,24271.157051253776,24259.163833427854,24270.060511769407,1842
2026-06-15 10:15:00,24270.060511769407,24281.004223237996,24258.827080602,24263.22435902048,1350
2026-06-15 10:20:00,24263.22435902048,24276.777609909666,24251.453017701897,24269.528104643075,4793
2026-06-15 10:25:00,24269.528104643075,24287.220762383397,24267.006650826937,24280.800187680805,3070
2026-06-15 10:30:00,24280.800187680805,24304.947532501054,24276.21076365977,24304.289057861653,2659
2026-06-15 10:35:00,24304.289057861653,24312.779117718954,24298.463964394236,24303.816845052883,1597
2026-06-15 10:40:00,24303.816845052883,24342.44133514426,24293.270216831217,24335.68324223613,2066
2026-06-15 10:45:00,24335.68324223613,24353.611963773055,24332.28785996303,24353.36112374993,3513
2026-06-15 10:50:00,24353.36112374993,24356.00954448719,24331.659413511752,24339.578299183508,1039
2026-06-15 10:55:00,24339.578299183508,24389.538706582363,24339.394374603,24382.607863188612,3350
2026-06-15 11:00:00,24382.607863188612,24393.922784341277,24378.016517540884,24388.986246380995,4752
2026-06-15 11:05:00,24388.986246380995,24393.510635171726,24360.520433635556,24372.69197434788,1174
2026-06-15 11:10:00,24372.69197434788,24410.74052180671,24370.76344426026,24404.920726874298,1998
2026-06-15 11:15:00,24404.920726874298,24460.68504425175,24400.82948909678,24445.487124678173,4603
2026-06-15 11:20:00,24445.487124678173,24446.616739698973,24441.414697881013,24444.841269750937,2484
2026-06-15 11:25:00,24444.841269750937,24445.447729726042,24431.001987628704,24434.99194921466,3668
2026-06-15 11:30:00,24434.99194921466,24443.32079734231,24427.925205303414,24431.62236465656,2216
2026-06-15 11:35:00,24431.62236465656,24448.22520348077,24420.482330582046,24445.59200918356,3291
2026-06-15 11:40:00,24445.59200918356,24480.377188754235,24438.79913536681,24470.58237913164,1835
2026-06-15 11:45:00,24470.58237913164,24486.872314024222,24467.748666783846,24481.750504912558,3327
2026-06-15 11:50:00,24481.750504912558,24492.102648670378,24480.413079766124,24483.742794680853,4811
2026-06-15 11:55:00,24483.742794680853,24516.973954134235,24476.133527059326,24513.084342590882,2059
2026-06-15 12:00:00,24513.084342590882,24518.80272594504,24503.744349151093,24506.949473111403,3604
2026-06-15 12:05:00,24506.949473111403,24537.89498430435,24501.347616484065,24527.161223620376,1897
2026-06-15 12:10:00,24527.161223620376,24528.891384039453,24520.466459956675,24521.508933462224,2563
2026-06-15 12:15:00,24521.508933462224,24544.569697479244,24515.05124780211,24529.964400114543,4225
2026-06-15 12:20:00,24529.964400114543,24531.930262020567,24521.91719091756,24527.735851577345,2046
2026-06-15 12:25:00,24527.735851577345,24530.976117510254,24526.477812414327,24526.63990951107,3766
2026-06-15 12:30:00,24526.63990951107,24530.473191929137,24506.22912479592,24519.23509093467,1931
2026-06-15 12:35:00,24519.23509093467,24553.35001591882,24497.22066314969,24545.614924657475,3138
2026-06-15 12:40:00,24545.614924657475,24551.84547409587,24518.37441178971,24531.22282841774,3437
2026-06-15 12:45:00,24531.22282841774,24531.984249043395,24511.380506901776,24516.695786552093,4430
2026-06-15 12:50:00,24516.695786552093,24561.9024959659,24511.15596615853,24558.295589767342,3597
2026-06-15 12:55:00,24558.295589767342,24577.815914583658,24557.458700802214,24577.507005394957,3978
2026-06-15 13:00:00,24577.507005394957,24596.94783168708,24526.61175595114,24530.610886484323,2251
2026-06-15 13:05:00,24530.610886484323,24539.099725353655,24510.221231214826,24519.517972738915,2225
2026-06-15 13:10:00,24519.517972738915,24528.069696524442,24482.04655439531,24483.974688635903,2373
2026-06-15 13:15:00,24483.974688635903,24487.173860150884,24459.5978853753,24465.353339136465,4892
2026-06-15 13:20:00,24465.353339136465,24466.575275442272,24400.478961218607,24403.92544292088,4837
2026-06-15 13:25:00,24403.92544292088,24421.467586976734,24393.043458190976,24401.25097616848,2061
2026-06-15 13:30:00,24401.25097616848,24406.221367121063,24367.25651302183,24378.959129024854,3780
2026-06-15 13:35:00,24378.959129024854,24383.642410906486,24367.781389208307,24380.127471270494,1499
2026-06-15 13:40:00,24380.127471270494,24393.8405035254,24342.901177625517,24348.430940512233,2722
2026-06-15 13:45:00,24348.430940512233,24358.500897642865,24346.585634760664,24350.045959337123,4114
2026-06-15 13:50:00,24350.045959337123,24364.515997068593,24318.29193173922,24341.96337498392,3918
2026-06-15 13:55:00,24341.96337498392,24371.491961734173,24339.793337459105,24371.211762239574,4697
2026-06-15 14:00:00,24371.211762239574,24404.721998496683,24371.19839151886,24398.728943799335,4843
2026-06-15 14:05:00,24398.728943799335,24422.164348612907,24397.704328231797,24414.058091395375,3564
2026-06-15 14:10:00,24414.058091395375,24417.09606298116,24407.2842644015,24407.678917143763,3115
2026-06-15 14:15:00,24407.678917143763,24453.51122383054,24397.96762284112,24446.445738916485,2763
2026-06-15 14:20:00,24446.445738916485,24460.61537673503,24411.989866427735,24416.07278479622,3170
2026-06-15 14:25:00,24416.07278479622,24428.941535007594,24384.031600968883,24388.657273070494,2708
2026-06-15 14:30:00,24388.657273070494,24397.941907419143,24382.03052383665,24387.022587223717,1335
2026-06-15 14:35:00,24387.022587223717,24437.512728697617,24380.097328793712,24430.998009843497,2176
2026-06-15 14:40:00,24430.998009843497,24432.16885441445,24422.616777986223,24427.043336698654,4021
2026-06-15 14:45:00,24427.043336698654,24434.475246690672,24420.458123723187,24423.46242510096,1778
2026-06-15 14:50:00,24423.46242510096,24425.946114601567,24394.770844759892,24395.289270378667,4740
2026-06-15 14:55:00,24395.289270378667,24415.451451254517,24394.622365129755,24413.75025106833,2185
2026-06-15 15:00:00,24413.75025106833,24432.44403369211,24412.96144683253,24432.366736683085,4285
2026-06-15 15:05:00,24432.366736683085,24456.152898234974,24425.050090726967,24447.78991644583,2933
2026-06-15 15:10:00,24447.78991644583,24456.446133692967,24430.76496543625,24435.48347258914,4447
2026-06-15 15:15:00,24435.48347258914,24438.55284722997,24406.44883749266,24421.668495342306,4991
2026-06-15 15:20:00,24421.668495342306,24421.7708702084,24380.255360189185,24396.404333003633,2466
2026-06-15 15:25:00,24396.404333003633,24400.482206591056,24395.821383976912,24398.041282975937,3470
2026-06-16 09:15:00,24398.041282975937,24405.83404998998,24374.95925738928,24376.2514962397,2762
2026-06-16 09:20:00,24376.2514962397,24383.348660105064,24365.246946969713,24372.150724592822,1944
2026-06-16 09:25:00,24372.150724592822,24376.89285609653,24342.29298833302,24342.78956561512,4023
2026-06-16 09:30:00,24342.78956561512,24366.67223280182,24340.495588658832,24365.94184044231,2511
2026-06-16 09:35:00,24365.94184044231,24369.58552817996,24348.758774986003,24356.68500713622,1430
2026-06-16 09:40:00,24356.68500713622,24359.85028801381,24335.785581900444,24343.052554974478,3022
2026-06-16 09:45:00,24343.052554974478,24359.04697127187,24342.925640522477,24355.938062309287,1858
2026-06-16 09:50:00,24355.938062309287,24364.0637499284,24323.1600029718,24328.16225103704,4560
2026-06-16 09:55:00,24328.16225103704,24349.082742615145,24314.565270965304,24340.528380103904,1229
2026-06-16 10:00:00,24340.528380103904,24349.073327612216,24324.33439340653,24333.507738453853,3417
2026-06-16 10:05:00,24333.507738453853,24344.523701360282,24298.06667407867,24310.04441223785,1177
2026-06-16 10:10:00,24310.04441223785,24320.849165644195,24284.98354599939,24290.785742808363,4928
2026-06-16 10:15:00,24290.785742808363,24290.988037467792,24271.14678695187,24277.489936389433,2433
2026-06-16 10:20:00,24277.489936389433,24283.418869401423,24265.536401432317,24268.86572369952,3615
2026-06-16 10:25:00,24268.86572369952,24284.910685077277,24242.49813801065,24245.596229017596,2613
2026-06-16 10:30:00,24245.596229017596,24259.11775598387,24244.208027724675,24251.308801630443,4341
2026-06-16 10:35:00,24251.308801630443,24251.979571166703,24220.634340570155,24227.547912807197,4277
2026-06-16 10:40:00,24227.547912807197,24231.88880125371,24176.04141453393,24181.707018764748,3840
2026-06-16 10:45:00,24181.707018764748,24220.362326396287,24179.599175731786,24218.842762325585,2763
2026-06-16 10:50:00,24218.842762325585,24233.363326909774,24210.12936641325,24222.677623277556,3947
2026-06-16 10:55:00,24222.677623277556,24267.824911925727,24210.3962514823,24261.61783688645,2774
2026-06-16 11:00:00,24261.61783688645,24261.98374738944,24240.60744231451,24241.361145444647,1974
2026-06-16 11:05:00,24241.361145444647,24253.174307669655,24227.980629230136,24250.66584700043,4871
2026-06-16 11:10:00,24250.66584700043,24269.014527174342,24248.839795698066,24268.021732296387,1081
2026-06-16 11:15:00,24268.021732296387,24268.063959521416,24262.10342989294,24264.34568500977,1845
2026-06-16 11:20:00,24264.34568500977,24283.542651632863,24222.172810915297,24236.30677818405,3809
2026-06-16 11:25:00,24236.30677818405,24247.137335062802,24228.684413439252,24231.17874145921,2216
2026-06-16 11:30:00,24231.17874145921,24254.819548685107,24230.966293294292,24243.321410298377,1617
2026-06-16 11:35:00,24243.321410298377,24261.279501862813,24231.567013707674,24254.729744240023,4260
2026-06-16 11:40:00,24254.729744240023,24260.38975951326,24245.512977930834,24254.698142996,4347
2026-06-16 11:45:00,24254.698142996,24281.09644225277,24249.740331281253,24272.108901563184,4145
2026-06-16 11:50:00,24272.108901563184,24298.58630063218,24269.82904668751,24288.61560789644,4081
2026-06-16 11:55:00,24288.61560789644,24289.91528995447,24259.973788455995,24278.44027906112,4706
2026-06-16 12:00:00,24278.44027906112,24283.827817165526,24248.305373828636,24248.90954482945,3263
2026-06-16 12:05:00,24248.90954482945,24259.085016274323,24247.680690502093,24252.60379651715,3337
2026-06-16 12:10:00,24252.60379651715,24267.30432297143,24228.541741341658,24238.117472462516,1444
2026-06-16 12:15:00,24238.117472462516,24245.78363300959,24231.22828518789,24240.9048288426,1922
2026-06-16 12:20:00,24240.9048288426,24270.224622893653,24234.172735263623,24266.998317742054,3599
2026-06-16 12:25:00,24266.998317742054,24280.891378371816,24263.180545609197,24275.49161215259,1192
2026-06-16 12:30:00,24275.49161215259,24303.920689528204,24269.579607615906,24300.66540782972,2662
2026-06-16 12:35:00,24300.66540782972,24309.1634004154,24280.30828575506,24281.001702060697,1288
2026-06-16 12:40:00,24281.001702060697,24304.00585867607,24268.203397777095,24302.12531377415,3630
2026-06-16 12:45:00,24302.12531377415,24349.385818563183,24297.672899001125,24334.7212282028,4720
2026-06-16 12:50:00,24334.7212282028,24339.488343260175,24322.489087004913,24335.973434684467,2167
2026-06-16 12:55:00,24335.973434684467,24387.849963385743,24326.694522120797,24381.18097844682,4460
2026-06-16 13:00:00,24381.18097844682,24384.25469197154,24358.61646144814,24364.456830007042,4937
2026-06-16 13:05:00,24364.456830007042,24366.692862105523,24350.964541673256,24352.004957814,4963
2026-06-16 13:10:00,24352.004957814,24384.68714855206,24346.831623303126,24364.66674481104,2430
2026-06-16 13:15:00,24364.66674481104,24371.480367905042,24352.52379388611,24365.728372690122,2834
2026-06-16 13:20:00,24365.728372690122,24378.40145623013,24349.34290444132,24351.24719006882,4441
2026-06-16 13:25:00,24351.24719006882,24371.8111605564,24348.881599750417,24363.30795519366,3904
2026-06-16 13:30:00,24363.30795519366,24373.025731801412,24362.044184926497,24370.2376890978,4512
2026-06-16 13:35:00,24370.2376890978,24370.263389667696,24353.51083898056,24358.80752753087,2970
2026-06-16 13:40:00,24358.80752753087,24370.018717084422,24352.899545959914,24362.491585268133,3828
2026-06-16 13:45:00,24362.491585268133,24381.22271034066,24349.640850791984,24377.284987555635,1895
2026-06-16 13:50:00,24377.284987555635,24380.125763962766,24361.482441800377,24365.41892896231,1919
2026-06-16 13:55:00,24365.41892896231,24376.650712003775,24361.01711638966,24375.496384551447,4722
2026-06-16 14:00:00,24375.496384551447,24385.826818342408,24357.929792244442,24358.588697305287,3611
2026-06-16 14:05:00,24358.588697305287,24360.864895396357,24344.006664850458,24345.457968544983,3034
2026-06-16 14:10:00,24345.457968544983,24368.173967772236,24345.165405410833,24367.10765031488,2552
2026-06-16 14:15:00,24367.10765031488,24381.983477513004,24360.234024161626,24379.071827910164,2700
2026-06-16 14:20:00,24379.071827910164,24383.074676293116,24339.442078094122,24342.27235019996,3060
2026-06-16 14:25:00,24342.27235019996,24343.922284832333,24325.203890901066,24334.984768005612,2725
2026-06-16 14:30:00,24334.984768005612,24348.083660742464,24330.97482242671,24344.518178846145,4034
2026-06-16 14:35:00,24344.518178846145,24347.859421303972,24341.109944399668,24347.22267207979,3387
2026-06-16 14:40:00,24347.22267207979,24364.697053640684,24341.049034261814,24359.263917211247,3912
2026-06-16 14:45:00,24359.263917211247,24363.834491507518,24356.838281195593,24361.524099499402,2897
2026-06-16 14:50:00,24361.524099499402,24362.847233567354,24355.66543636557,24358.939874364998,4935
2026-06-16 14:55:00,24358.939874364998,24359.688516976905,24354.152535372476,24355.76030903969,2799
2026-06-16 15:00:00,24355.76030903969,24386.497950207653,24354.438868198515,24377.021510492566,1311
2026-06-16 15:05:00,24377.021510492566,24393.538766380432,24372.6991671451,24390.573956290096,3780
2026-06-16 15:10:00,24390.573956290096,24408.14400257999,24387.689319261077,24398.471503232977,2127
2026-06-16 15:15:00,24398.471503232977,24403.66012541362,24397.163887664472,24400.205416698638,1338
2026-06-16 15:20:00,24400.205416698638,24401.878671582133,24385.155958536103,24389.492385653677,4269
2026-06-16 15:25:00,24389.492385653677,24389.500603646593,24379.88267924611,24383.507132728606,3347
2026-06-17 09:15:00,24383.507132728606,24410.623619489066,24375.21294988741,24402.025932172823,3724
2026-06-17 09:20:00,24402.025932172823,24410.719543292682,24389.38343618544,24394.63375254779,1320
2026-06-17 09:25:00,24394.63375254779,24410.65590437794,24392.71470456528,24402.173347340457,4957
2026-06-17 09:30:00,24402.173347340457,24402.33373907976,24366.31922744614,24368.70055426133,3382
2026-06-17 09:35:00,24368.70055426133,24371.7569027532,24356.547111073047,24370.872532566325,4231
2026-06-17 09:40:00,24370.872532566325,24377.77122032011,24350.298127729006,24352.602581406172,3311
2026-06-17 09:45:00,24352.602581406172,24379.57714581247,24344.17638752092,24375.35505324335,3912
2026-06-17 09:50:00,24375.35505324335,24377.62852566063,24353.230099796918,24356.76710976532,4601
2026-06-17 09:55:00,24356.76710976532,24376.63809588938,24349.4945845059,24376.159396504117,4756
2026-06-17 10:00:00,24376.159396504117,24387.84749226914,24365.260038294047,24375.934499304094,2500
2026-06-17 10:05:00,24375.934499304094,24391.309582119757,24335.67939568727,24340.272257070497,3399
2026-06-17 10:10:00,24340.272257070497,24350.093077004774,24314.979150655912,24323.209388391257,2568
2026-06-17 10:15:00,24323.209388391257,24347.09501111859,24320.154926398653,24339.706381854932,2796
2026-06-17 10:20:00,24339.706381854932,24355.87239753391,24334.600060497676,24355.10871988877,4281
2026-06-17 10:25:00,24355.10871988877,24360.401556453944,24326.644510909842,24329.792056420672,2519
2026-06-17 10:30:00,24329.792056420672,24373.762393428566,24319.55323598032,24360.211220275927,2918
2026-06-17 10:35:00,24360.211220275927,24363.86494334651,24346.911530529345,24359.732508858953,2865
2026-06-17 10:40:00,24359.732508858953,24380.789588725103,24357.200692503422,24376.976191617323,2405
2026-06-17 10:45:00,24376.976191617323,24381.168544067663,24348.03551394277,24353.343369436658,3723
2026-06-17 10:50:00,24353.343369436658,24361.818382245623,24336.956399500315,24344.460263076802,2504
2026-06-17 10:55:00,24344.460263076802,24353.26721681005,24338.25890161168,24352.560235061228,3966
2026-06-17 11:00:00,24352.560235061228,24361.35876342072,24343.790765511854,24346.459169579233,2959
2026-06-17 11:05:00,24346.459169579233,24352.837222279526,24278.2991335484,24289.57043365357,1004
2026-06-17 11:10:00,24289.57043365357,24295.610999221142,24280.018182715812,24285.86321684406,3081
2026-06-17 11:15:00,24285.86321684406,24288.275385713114,24236.00573415831,24247.691704525736,4863
2026-06-17 11:20:00,24247.691704525736,24256.156481726135,24222.57199899289,24226.922246398677,2168
2026-06-17 11:25:00,24226.922246398677,24239.623188159767,24197.70064456345,24199.732511249218,3398
2026-06-17 11:30:00,24199.732511249218,24236.248506279007,24198.262391966768,24221.658542541674,3630
2026-06-17 11:35:00,24221.658542541674,24259.419844470325,24214.044505082515,24249.685038128242,3512
2026-06-17 11:40:00,24249.685038128242,24259.502280049113,24244.04589070281,24256.311292340517,1347
2026-06-17 11:45:00,24256.311292340517,24266.975029618734,24247.23827420828,24251.846797897586,2765
2026-06-17 11:50:00,24251.846797897586,24256.270685470452,24250.37669596575,24252.396612088367,1124
2026-06-17 11:55:00,24252.396612088367,24283.4214293008,24249.05292365343,24274.35676598126,2813
2026-06-17 12:00:00,24274.35676598126,24279.300872239903,24233.2629885572,24235.83960917197,4342
2026-06-17 12:05:00,24235.83960917197,24242.483147699368,24206.312788283725,24214.994811587054,3404
2026-06-17 12:10:00,24214.994811587054,24240.774174361086,24211.364899301825,24234.445116846426,3574
2026-06-17 12:15:00,24234.445116846426,24261.870343912986,24229.664223600616,24257.948088434794,4825
2026-06-17 12:20:00,24257.948088434794,24276.077036156737,24257.10407079189,24269.39243138069,1497
2026-06-17 12:25:00,24269.39243138069,24269.87263358961,24237.144864688005,24249.103771371654,2176
2026-06-17 12:30:00,24249.103771371654,24277.216610108866,24247.596735736646,24268.30031211478,1052
2026-06-17 12:35:00,24268.30031211478,24308.521999855177,24261.611334466343,24294.73203804013,1148
2026-06-17 12:40:00,24294.73203804013,24310.88766462516,24294.058465638627,24308.691796268344,1502
2026-06-17 12:45:00,24308.691796268344,24316.763978607898,24254.154494432332,24260.19090686594,1869
2026-06-17 12:50:00,24260.19090686594,24262.72688803664,24249.03143024106,24262.609061946187,4521
2026-06-17 12:55:00,24262.609061946187,24277.302134508256,24262.369263924385,24273.968622656026,1218
2026-06-17 13:00:00,24273.968622656026,24288.628902807595,24255.752586601953,24263.955759537996,4696
2026-06-17 13:05:00,24263.955759537996,24267.770831085272,24262.933563759467,24267.579376040103,4871
2026-06-17 13:10:00,24267.579376040103,24278.24880411894,24254.81516807846,24257.61104727645,2300
2026-06-17 13:15:00,24257.61104727645,24263.72759070648,24235.018550834426,24240.89088929379,3499
2026-06-17 13:20:00,24240.89088929379,24273.78961164046,24237.328133372317,24270.18534303732,4499
2026-06-17 13:25:00,24270.18534303732,24278.636289939364,24267.73269787077,24274.361148228123,3130
2026-06-17 13:30:00,24274.361148228123,24275.830434394524,24247.400529649545,24252.88358874521,4289
2026-06-17 13:35:00,24252.88358874521,24255.273120218004,24209.149257661753,24226.174372494675,1737
2026-06-17 13:40:00,24226.174372494675,24228.758198980624,24208.98766471058,24209.487730402187,4853
2026-06-17 13:45:00,24209.487730402187,24219.171243859942,24184.65887758907,24192.917335907263,3574
2026-06-17 13:50:00,24192.917335907263,24197.84705451617,24192.13062965375,24195.753331829965,3451
2026-06-17 13:55:00,24195.753331829965,24212.565004284515,24195.13814252534,24205.152060372915,1289
2026-06-17 14:00:00,24205.152060372915,24220.743847059788,24204.11324334611,24214.5337226701,3467
2026-06-17 14:05:00,24214.5337226701,24219.400125762346,24197.18806249,24200.00283306311,1338
2026-06-17 14:10:00,24200.00283306311,24234.22066637696,24198.587366046202,24217.82624578401,3824
2026-06-17 14:15:00,24217.82624578401,24245.42547792326,24214.88404390835,24241.614822008687,3758
2026-06-17 14:20:00,24241.614822008687,24257.24066772342,24230.037535091502,24236.573276559797,2693
2026-06-17 14:25:00,24236.573276559797,24236.652099477,24216.015147028993,24216.56218895896,2868
2026-06-17 14:30:00,24216.56218895896,24220.537977325024,24215.856739138922,24218.504987158856,1986
2026-06-17 14:35:00,24218.504987158856,24266.981134824084,24204.880842326806,24260.356041067942,1958
2026-06-17 14:40:00,24260.356041067942,24261.79720665647,24233.95736720506,24239.8163004327,4490
2026-06-17 14:45:00,24239.8163004327,24245.314913497077,24228.454055750106,24229.61301898634,4980
2026-06-17 14:50:00,24229.61301898634,24236.806137479947,24227.7473485264,24230.72630303044,2230
2026-06-17 14:55:00,24230.72630303044,24253.240550497136,24227.47199897439,24241.226233211433,3733
2026-06-17 15:00:00,24241.226233211433,24254.070083443483,24198.994355432587,24202.719918149778,4767
2026-06-17 15:05:00,24202.719918149778,24235.741129730275,24186.470480517506,24228.004745437538,2288
2026-06-17 15:10:00,24228.004745437538,24255.028611199687,24225.67284458452,24253.052469809652,3006
2026-06-17 15:15:00,24253.052469809652,24254.10031781222,24241.05810659624,24244.810435842504,4829
2026-06-17 15:20:00,24244.810435842504,24297.348269661114,24230.900906921506,24297.307593797723,4107
2026-06-17 15:25:00,24297.307593797723,24326.84014265617,24294.439081386543,24321.171542056527,1372
2026-06-18 09:15:00,24321.171542056527,24324.315915551582,24314.343388494282,24323.722722526847,1078
2026-06-18 09:20:00,24323.722722526847,24344.479478063917,24315.871799576216,24340.940855036562,2498
2026-06-18 09:25:00,24340.940855036562,24382.84066540802,24332.738967745954,24380.88427945672,1926
2026-06-18 09:30:00,24380.88427945672,24383.669744907595,24352.397672052273,24367.35182727637,3150
2026-06-18 09:35:00,24367.35182727637,24377.167400076883,24361.53919775241,24365.415805347995,1622
2026-06-18 09:40:00,24365.415805347995,24367.354054118285,24357.880330920383,24360.105569573796,2479
2026-06-18 09:45:00,24360.105569573796,24364.848471315763,24314.298029947247,24322.014296025987,4037
2026-06-18 09:50:00,24322.014296025987,24328.461625090295,24311.427562940553,24315.97471562727,4385
2026-06-18 09:55:00,24315.97471562727,24343.086982221394,24315.124351853392,24333.113824324264,4318
2026-06-18 10:00:00,24333.113824324264,24351.534866309856,24331.550405157606,24343.63720580679,1233
2026-06-18 10:05:00,24343.63720580679,24358.147732609825,24336.50485860963,24355.693794667437,2617
2026-06-18 10:10:00,24355.693794667437,24359.466954402596,24347.206483291087,24348.377169267755,3691
2026-06-18 10:15:00,24348.377169267755,24357.471662303236,24332.502974212515,24335.59724689817,3030
2026-06-18 10:20:00,24335.59724689817,24363.10538825745,24330.007765468607,24360.3077227659,4306
2026-06-18 10:25:00,24360.3077227659,24364.737039363503,24345.253101368708,24350.615883789036,3837
2026-06-18 10:30:00,24350.615883789036,24359.900843691077,24339.382644132933,24356.344746801013,1386
2026-06-18 10:35:00,24356.344746801013,24366.423014181797,24352.21798118148,24359.527335434366,3894
2026-06-18 10:40:00,24359.527335434366,24393.18180319607,24354.525207830062,24388.012723925713,2634
2026-06-18 10:45:00,24388.012723925713,24407.105391791476,24381.576895580154,24406.965377476987,1037
2026-06-18 10:50:00,24406.965377476987,24410.96295963274,24375.674417120576,24381.674711629385,2184
2026-06-18 10:55:00,24381.674711629385,24391.546727399575,24356.88131155861,24358.511083617326,2485
2026-06-18 11:00:00,24358.511083617326,24380.175072141457,24356.450088969767,24369.79218859321,2967
2026-06-18 11:05:00,24369.79218859321,24374.121096403782,24367.420416718873,24368.537872515983,2472
2026-06-18 11:10:00,24368.537872515983,24373.704020363763,24356.49594502649,24359.66437583136,4188
2026-06-18 11:15:00,24359.66437583136,24384.71969276856,24346.780698040187,24379.456659339234,1240
2026-06-18 11:20:00,24379.456659339234,24383.626466782258,24375.743301648625,24383.11278564405,2049
2026-06-18 11:25:00,24383.11278564405,24386.236320316748,24370.56635764205,24384.13604514882,2671
2026-06-18 11:30:00,24384.13604514882,24402.534066595646,24378.094215245368,24399.348403283286,1561
2026-06-18 11:35:00,24399.348403283286,24404.7760255253,24379.708635129184,24392.02647123782,2999
2026-06-18 11:40:00,24392.02647123782,24425.152588423094,24389.152346345236,24422.633956529244,1805
2026-06-18 11:45:00,24422.633956529244,24423.52387626252,24399.272315701255,24407.236997615215,2929
2026-06-18 11:50:00,24407.236997615215,24423.723045382463,24406.32983653371,24420.064056345484,3345
2026-06-18 11:55:00,24420.064056345484,24452.98284187701,24411.869731805593,24448.075488158418,1804
2026-06-18 12:00:00,24448.075488158418,24461.784011850712,24416.42793012194,24421.137708885435,3201
2026-06-18 12:05:00,24421.137708885435,24426.663954456424,24404.532704913534,24414.4300003976,3779
2026-06-18 12:10:00,24414.4300003976,24448.94614406679,24412.23175842046,24436.73907434923,2675
2026-06-18 12:15:00,24436.73907434923,24474.05088731233,24429.376251928134,24459.362500795716,3515
2026-06-18 12:20:00,24459.362500795716,24460.466607241007,24455.076274742776,24456.006762349964,3096
2026-06-18 12:25:00,24456.006762349964,24460.872269660165,24438.946868707164,24441.63306536191,2677
2026-06-18 12:30:00,24441.63306536191,24461.85007205364,24440.33695902166,24460.324771444662,1045
2026-06-18 12:35:00,24460.324771444662,24484.45870371533,24460.160760894672,24483.48476779034,4746
2026-06-18 12:40:00,24483.48476779034,24495.260468363405,24453.43245082896,24460.672753908017,4356
2026-06-18 12:45:00,24460.672753908017,24473.99073773981,24432.518203809675,24437.113923674955,3827
2026-06-18 12:50:00,24437.113923674955,24443.687539487393,24436.75641613806,24441.517622234715,2651
2026-06-18 12:55:00,24441.517622234715,24454.817171297094,24434.26927748496,24453.82364544487,1081
2026-06-18 13:00:00,24453.82364544487,24456.947508916,24431.537105768923,24447.972939310454,4115
2026-06-18 13:05:00,24447.972939310454,24473.419570297225,24444.478613763444,24461.258824853467,4777
2026-06-18 13:10:00,24461.258824853467,24464.718071959345,24446.238111704803,24447.362156580784,4841
2026-06-18 13:15:00,24447.362156580784,24456.690533224915,24395.641366499927,24406.003212367377,4002
2026-06-18 13:20:00,24406.003212367377,24408.038544466068,24384.24579350003,24397.72662762092,3320
2026-06-18 13:25:00,24397.72662762092,24405.16404879221,24396.66276897959,24398.96080412068,3441
2026-06-18 13:30:00,24398.96080412068,24399.28691208313,24391.034357262204,24393.576637424903,2809
2026-06-18 13:35:00,24393.576637424903,24403.57395998352,24363.74308030144,24370.966655421344,1789
2026-06-18 13:40:00,24370.966655421344,24378.701713005255,24334.49275317175,24335.567358902066,1594
2026-06-18 13:45:00,24335.567358902066,24336.164877396834,24324.106152360764,24325.558844720344,3105
2026-06-18 13:50:00,24325.558844720344,24355.94031512249,24324.210038455607,24343.027627356798,3612
2026-06-18 13:55:00,24343.027627356798,24369.68935049812,24340.59750809937,24367.49134653525,1000
2026-06-18 14:00:00,24367.49134653525,24394.034689770207,24363.398862070542,24390.644623023378,3263
2026-06-18 14:05:00,24390.644623023378,24393.081596873108,24372.986433150414,24374.7241754103,4388
2026-06-18 14:10:00,24374.7241754103,24376.741640043685,24343.381872834383,24352.227156675966,4299
2026-06-18 14:15:00,24352.227156675966,24370.85111399298,24345.371027434543,24361.902483842252,2496
2026-06-18 14:20:00,24361.902483842252,24378.422988124963,24357.90902509971,24374.280279482282,4555
2026-06-18 14:25:00,24374.280279482282,24386.826665402143,24372.216456094146,24382.08335637547,1765
2026-06-18 14:30:00,24382.08335637547,24397.856945656153,24335.124073668107,24342.797709465485,1670
2026-06-18 14:35:00,24342.797709465485,24345.508942387198,24317.42892583584,24325.91579259567,4358
2026-06-18 14:40:00,24325.91579259567,24333.07600220394,24322.729754426884,24325.33802698569,3558
2026-06-18 14:45:00,24325.33802698569,24337.644182271462,24318.383343529596,24334.819424807516,2601
2026-06-18 14:50:00,24334.819424807516,24362.453107446814,24332.630185550082,24349.757253697317,1914
2026-06-18 14:55:00,24349.757253697317,24355.701225546716,24346.393950904472,24352.567284297766,2844
2026-06-18 15:00:00,24352.567284297766,24361.487176426635,24351.547822200948,24359.011632221987,2995
2026-06-18 15:05:00,24359.011632221987,24361.60378333098,24357.135136316345,24360.6654231719,4529
2026-06-18 15:10:00,24360.6654231719,24374.52646148266,24358.99570021246,24374.027138518286,1094
2026-06-18 15:15:00,24374.027138518286,24382.054465787372,24369.14941693765,24380.127775222405,1492
2026-06-18 15:20:00,24380.127775222405,24383.62085545092,24368.827173432655,24381.40992926369,3812
2026-06-18 15:25:00,24381.40992926369,24385.292916232593,24373.518514332267,24376.175361500493,4069
2026-06-19 09:15:00,24376.175361500493,24393.644737088136,24372.665425190957,24381.958807560117,2713
2026-06-19 09:20:00,24381.958807560117,24392.85854906455,24364.825624259713,24368.597744211645,4085
2026-06-19 09:25:00,24368.597744211645,24399.24600598676,24365.55016061985,24384.216685112948,1245
2026-06-19 09:30:00,24384.216685112948,24410.440621821912,24379.398617837174,24399.14767073173,3234
2026-06-19 09:35:00,24399.14767073173,24422.55993261992,24397.4480663296,24420.09995476193,4408
2026-06-19 09:40:00,24420.09995476193,24438.304661240258,24412.80751322775,24429.842400762558,4330
2026-06-19 09:45:00,24429.842400762558,24437.652738869645,24387.666759835145,24391.878470799325,1865
2026-06-19 09:50:00,24391.878470799325,24404.199290849294,24386.68681077062,24388.845634730642,3087
2026-06-19 09:55:00,24388.845634730642,24389.631286895306,24362.91310776246,24366.296535815814,1600
2026-06-19 10:00:00,24366.296535815814,24378.03386339611,24360.06080876458,24362.34713394158,4708
2026-06-19 10:05:00,24362.34713394158,24382.483478654198,24358.15363988994,24381.447296656326,1961
2026-06-19 10:10:00,24381.447296656326,24389.611172661836,24371.22285646608,24387.399311874262,2441
2026-06-19 10:15:00,24387.399311874262,24419.87188560167,24378.684428065313,24409.79847219838,4033
2026-06-19 10:20:00,24409.79847219838,24419.432162246496,24405.83329810829,24416.47218766374,4422
2026-06-19 10:25:00,24416.47218766374,24431.382336823775,24390.365342333054,24391.11175630658,3056
2026-06-19 10:30:00,24391.11175630658,24405.6885755033,24337.022588389445,24341.92274746029,3397
2026-06-19 10:35:00,24341.92274746029,24345.77814516993,24334.123611637897,24344.82058056505,3131
2026-06-19 10:40:00,24344.82058056505,24349.038570976052,24333.797640075616,24340.65417941245,1532
2026-06-19 10:45:00,24340.65417941245,24345.745548462826,24321.164496781246,24321.630580696972,1988
2026-06-19 10:50:00,24321.630580696972,24324.16629267783,24279.403444352858,24288.540958519785,3042
2026-06-19 10:55:00,24288.540958519785,24296.968270147943,24266.989752331672,24274.264286012243,4864
2026-06-19 11:00:00,24274.264286012243,24283.594623718967,24268.502291367997,24270.487375848254,1357
2026-06-19 11:05:00,24270.487375848254,24292.278168800283,24267.995581366722,24283.41631929955,1377
2026-06-19 11:10:00,24283.41631929955,24288.213881833144,24275.41241271159,24287.080804967132,3219
2026-06-19 11:15:00,24287.080804967132,24327.53823896298,24286.756065244797,24318.325012304656,2048
2026-06-19 11:20:00,24318.325012304656,24327.295018001132,24293.576407013566,24298.17768748948,1392
2026-06-19 11:25:00,24298.17768748948,24316.08638172909,24289.785874524674,24315.30418789936,2126
2026-06-19 11:30:00,24315.30418789936,24319.87074741288,24307.243684972764,24316.224254560864,1701
2026-06-19 11:35:00,24316.224254560864,24332.22724918952,24313.470214939425,24329.737638724695,4307
2026-06-19 11:40:00,24329.737638724695,24337.196867356408,24312.065391414235,24321.241405045774,2433
2026-06-19 11:45:00,24321.241405045774,24347.44721846903,24317.349137332225,24342.093082711726,4896
2026-06-19 11:50:00,24342.093082711726,24357.908633701583,24334.59601879209,24347.842193550096,3596
2026-06-19 11:55:00,24347.842193550096,24355.078054924914,24331.26320294558,24334.607778132515,1783
2026-06-19 12:00:00,24334.607778132515,24337.113207797538,24333.679087115408,24334.3736981105,2828
2026-06-19 12:05:00,24334.3736981105,24339.914501372707,24326.874663617506,24329.71014467614,3379
2026-06-19 12:10:00,24329.71014467614,24342.503163388188,24328.133569082827,24339.231398660195,4735
2026-06-19 12:15:00,24339.231398660195,24350.420486876963,24313.8232762446,24316.259511218766,3841
2026-06-19 12:20:00,24316.259511218766,24319.327275121195,24314.439829062434,24315.688532334174,4603
2026-06-19 12:25:00,24315.688532334174,24336.863943803393,24315.206261820334,24323.378266758173,3696
2026-06-19 12:30:00,24323.378266758173,24327.961478753907,24310.906018682774,24324.02085747215,1982
2026-06-19 12:35:00,24324.02085747215,24357.99048591174,24321.16255625877,24350.231279009993,4942
2026-06-19 12:40:00,24350.231279009993,24367.674148391878,24349.5796427311,24365.309385861074,4100
2026-06-19 12:45:00,24365.309385861074,24365.41381956242,24353.39305276073,24365.163568319444,3590
2026-06-19 12:50:00,24365.163568319444,24376.047047658583,24358.295770624474,24369.38730056265,2042
2026-06-19 12:55:00,24369.38730056265,24386.946427389772,24356.167185798447,24375.15145123105,2171
2026-06-19 13:00:00,24375.15145123105,24388.35014120285,24370.631797287017,24383.015842376484,4542
2026-06-19 13:05:00,24383.015842376484,24383.6242359663,24344.87269413847,24347.40380411164,3538
2026-06-19 13:10:00,24347.40380411164,24357.46416375288,24334.166657129237,24341.530698127117,3330
2026-06-19 13:15:00,24341.530698127117,24357.53753285256,24301.466219515332,24312.623882808773,1861
2026-06-19 13:20:00,24312.623882808773,24347.870657848107,24301.410438267238,24337.486573922488,2876
2026-06-19 13:25:00,24337.486573922488,24342.463353052546,24325.97756923371,24336.301834421607,2835
2026-06-19 13:30:00,24336.301834421607,24336.404837986454,24314.379830868726,24332.537671454924,2698
2026-06-19 13:35:00,24332.537671454924,24354.418031615958,24329.192752718533,24349.99475534721,1112
2026-06-19 13:40:00,24349.99475534721,24358.692296441593,24337.837835005445,24358.221640629577,4526
2026-06-19 13:45:00,24358.221640629577,24362.393807161756,24332.75274676352,24336.228416907565,2685
2026-06-19 13:50:00,24336.228416907565,24342.174264830082,24331.266269391857,24334.847961628806,4401
2026-06-19 13:55:00,24334.847961628806,24339.0127692795,24326.25925368687,24328.322971760623,4326
2026-06-19 14:00:00,24328.322971760623,24335.580703103635,24286.20027847052,24294.36972412153,2622
2026-06-19 14:05:00,24294.36972412153,24303.2654764132,24268.535788946036,24280.953863303897,2422
2026-06-19 14:10:00,24280.953863303897,24295.621168982783,24269.72270599499,24277.388636031148,1861
2026-06-19 14:15:00,24277.388636031148,24279.166457864656,24261.734794973327,24275.156069280827,3657
2026-06-19 14:20:00,24275.156069280827,24277.15083959552,24244.572319362433,24246.370949968383,2932
2026-06-19 14:25:00,24246.370949968383,24279.799547924646,24239.92204939097,24268.709918717883,1507
2026-06-19 14:30:00,24268.709918717883,24272.5789194604,24256.162637122896,24266.72759110344,2667
2026-06-19 14:35:00,24266.72759110344,24268.86230658537,24259.998900239392,24267.456623328664,1465
2026-06-19 14:40:00,24267.456623328664,24282.883692274398,24258.62439132948,24275.234666192595,3871
2026-06-19 14:45:00,24275.234666192595,24279.68432489317,24256.051702632445,24259.930077393903,4478
2026-06-19 14:50:00,24259.930077393903,24274.584870490493,24255.437484967904,24268.787008592783,3656
2026-06-19 14:55:00,24268.787008592783,24268.798815723858,24252.909676418127,24261.66024347241,2121
2026-06-19 15:00:00,24261.66024347241,24262.949761256878,24235.482651405997,24244.258120459293,1289
2026-06-19 15:05:00,24244.258120459293,24257.191473065017,24242.301225578052,24255.38036769725,3915
2026-06-19 15:10:00,24255.38036769725,24287.174951732606,24248.830249081566,24284.32526116108,2762
2026-06-19 15:15:00,24284.32526116108,24301.534331455765,24281.313164322906,24298.406854972738,4728
2026-06-19 15:20:00,24298.406854972738,24328.784612879972,24296.31923248599,24316.348362489374,4227
2026-06-19 15:25:00,24316.348362489374,24318.15716475437,24304.84528608109,24306.220494331497,3829
2026-06-22 09:15:00,24306.220494331497,24310.757043344758,24263.190334667222,24266.40300172922,3654
2026-06-22 09:20:00,24266.40300172922,24295.894008288033,24261.239723471823,24287.31436152474,2010
2026-06-22 09:25:00,24287.31436152474,24308.667713319726,24285.337579220566,24303.731748429855,3636
2026-06-22 09:30:00,24303.731748429855,24309.989409856356,24272.192840878506,24278.74516234605,2194
2026-06-22 09:35:00,24278.74516234605,24280.93085790892,24278.103485214884,24279.850157954534,4584
2026-06-22 09:40:00,24279.850157954534,24293.755183345365,24253.842316926017,24258.162394875333,4477
2026-06-22 09:45:00,24258.162394875333,24269.357859211534,24240.44571934235,24246.34776583568,4645
2026-06-22 09:50:00,24246.34776583568,24258.06348082237,24239.87334903448,24255.77771264674,2230
2026-06-22 09:55:00,24255.77771264674,24273.390894828484,24247.563115033317,24271.496370899877,2177
2026-06-22 10:00:00,24271.496370899877,24292.570083813345,24263.07938258522,24286.770771894022,4857
2026-06-22 10:05:00,24286.770771894022,24297.353348567052,24284.236340713356,24291.527854794782,3095
2026-06-22 10:10:00,24291.527854794782,24318.01177812894,24279.389252669713,24316.309211328495,2672
2026-06-22 10:15:00,24316.309211328495,24318.444498120316,24298.186210763193,24304.43192566776,4072
2026-06-22 10:20:00,24304.43192566776,24305.854184420336,24293.786209873757,24296.875596825186,4818
2026-06-22 10:25:00,24296.875596825186,24307.558196725542,24242.905774103536,24246.442516105773,2928
2026-06-22 10:30:00,24246.442516105773,24250.75307614013,24226.247585544414,24244.63748449749,4839
2026-06-22 10:35:00,24244.63748449749,24258.669245098663,24239.151360823955,24255.881050807646,4478
2026-06-22 10:40:00,24255.881050807646,24268.8961291026,24251.648164960847,24261.41642938164,4178
2026-06-22 10:45:00,24261.41642938164,24264.333643138056,24244.97826349708,24249.30473526128,1172
2026-06-22 10:50:00,24249.30473526128,24268.914330824125,24235.885984582586,24265.688062288682,3553
2026-06-22 10:55:00,24265.688062288682,24267.603734890567,24254.661186128455,24264.254819083362,4201
2026-06-22 11:00:00,24264.254819083362,24287.35875687086,24259.9923511783,24279.132237515627,3445
2026-06-22 11:05:00,24279.132237515627,24303.18356169178,24265.43579980234,24288.574871509165,1293
2026-06-22 11:10:00,24288.574871509165,24323.043821732816,24287.37439983201,24316.254305511928,1551
2026-06-22 11:15:00,24316.254305511928,24341.532843649064,24310.123825157436,24322.855942172835,2470
2026-06-22 11:20:00,24322.855942172835,24344.45677427785,24318.488636887443,24334.724380386244,3897
2026-06-22 11:25:00,24334.724380386244,24345.426300415846,24326.8236760194,24333.230869019124,2039
2026-06-22 11:30:00,24333.230869019124,24337.031736553352,24317.359237674747,24323.441315320222,2662
2026-06-22 11:35:00,24323.441315320222,24349.079513380766,24315.3918392797,24332.99035216193,1884
2026-06-22 11:40:00,24332.99035216193,24365.372154740973,24329.786613597982,24362.243097414033,2372
2026-06-22 11:45:00,24362.243097414033,24372.043541841955,24348.124795238986,24350.239710163078,4051
2026-06-22 11:50:00,24350.239710163078,24360.442221141035,24340.488324949012,24345.405966893657,2226
2026-06-22 11:55:00,24345.405966893657,24348.165638638617,24342.0905250748,24345.92501942531,1133
2026-06-22 12:00:00,24345.92501942531,24365.019185762307,24339.227957703584,24359.26456679165,1770
2026-06-22 12:05:00,24359.26456679165,24376.329562928593,24357.39010357798,24365.99664871316,4597
2026-06-22 12:10:00,24365.99664871316,24387.732786177978,24362.227418454215,24383.79480376093,3555
2026-06-22 12:15:00,24383.79480376093,24428.534725469486,24380.66503580728,24422.299926653115,2089
2026-06-22 12:20:00,24422.299926653115,24441.12765772819,24408.85306416255,24409.817175120304,1479
2026-06-22 12:25:00,24409.817175120304,24426.28990032145,24409.27224395711,24421.723873426625,1862
2026-06-22 12:30:00,24421.723873426625,24428.107807834454,24421.20965261591,24427.9883343272,1458
2026-06-22 12:35:00,24427.9883343272,24428.93289292521,24421.53753043391,24428.36042569457,4413
2026-06-22 12:40:00,24428.36042569457,24445.327019219327,24426.916428147244,24440.204960328698,4778
2026-06-22 12:45:00,24440.204960328698,24446.660918835623,24433.328336717495,24434.98838392664,1625
2026-06-22 12:50:00,24434.98838392664,24449.082323286984,24424.529338863435,24441.30327888686,1158
2026-06-22 12:55:00,24441.30327888686,24448.547403716006,24402.034867350583,24415.780840373038,3208
2026-06-22 13:00:00,24415.780840373038,24426.62963826162,24396.24371283326,24405.256363778095,2277
2026-06-22 13:05:00,24405.256363778095,24444.857130467397,24393.696266600735,24425.70837498989,3007
2026-06-22 13:10:00,24425.70837498989,24449.19867335537,24423.148027431827,24445.4264283173,2920
2026-06-22 13:15:00,24445.4264283173,24450.75978223934,24439.683254743515,24450.499994371683,1939
2026-06-22 13:20:00,24450.499994371683,24454.998405375183,24438.88124289549,24441.638159957958,4598
2026-06-22 13:25:00,24441.638159957958,24461.147797096535,24433.908982902496,24457.774838993908,2572
2026-06-22 13:30:00,24457.774838993908,24484.437837309706,24454.895935016037,24481.96822296823,3202
2026-06-22 13:35:00,24481.96822296823,24486.209290627758,24459.525311507034,24473.891780884325,3533
2026-06-22 13:40:00,24473.891780884325,24481.48132113126,24435.380326011906,24445.403785404185,1431
2026-06-22 13:45:00,24445.403785404185,24454.758177546762,24441.262239775602,24454.187213089666,2050
2026-06-22 13:50:00,24454.187213089666,24472.578769469106,24446.39791665632,24472.06358150975,2003
2026-06-22 13:55:00,24472.06358150975,24487.639434091852,24458.064605398617,24483.565128877457,4083
2026-06-22 14:00:00,24483.565128877457,24522.7650609373,24473.20375120007,24514.22010364324,3114
2026-06-22 14:05:00,24514.22010364324,24557.397172113117,24510.80307254477,24544.996249182084,3589
2026-06-22 14:10:00,24544.996249182084,24550.489351454293,24538.481042431835,24538.999468781516,3143
2026-06-22 14:15:00,24538.999468781516,24557.631523920296,24534.384984840257,24542.905967279086,1214
2026-06-22 14:20:00,24542.905967279086,24544.68725380969,24521.44597965238,24533.15684092949,3241
2026-06-22 14:25:00,24533.15684092949,24544.848976892932,24506.5007599692,24513.097281753257,2670
2026-06-22 14:30:00,24513.097281753257,24533.207166693574,24490.59707773573,24494.203776630315,2313
2026-06-22 14:35:00,24494.203776630315,24514.67190360019,24488.8292400508,24508.254070341532,4615
2026-06-22 14:40:00,24508.254070341532,24518.339244659717,24496.3858412542,24514.19266579091,1884
2026-06-22 14:45:00,24514.19266579091,24538.52025671985,24513.969455550792,24531.646002998146,3086
2026-06-22 14:50:00,24531.646002998146,24583.841760136453,24529.445385876566,24581.32987519247,2887
2026-06-22 14:55:00,24581.32987519247,24606.48049215973,24580.791106042343,24591.15980355183,1938
2026-06-22 15:00:00,24591.15980355183,24592.65357737397,24570.014926680844,24575.659098853295,1938
2026-06-22 15:05:00,24575.659098853295,24602.17066602402,24573.301892666303,24596.010237948485,1205
2026-06-22 15:10:00,24596.010237948485,24602.552466359793,24575.00139590935,24580.140650268924,4970
2026-06-22 15:15:00,24580.140650268924,24620.058452577843,24576.88421859294,24614.520143494574,1941
2026-06-22 15:20:00,24614.520143494574,24615.92168132134,24573.97334419608,24575.69912347217,4999
2026-06-22 15:25:00,24575.69912347217,24582.234949476122,24564.522554729625,24564.953665424408,1554
2026-06-23 09:15:00,24564.953665424408,24586.404087368268,24563.17965101232,24582.937792389468,2028
2026-06-23 09:20:00,24582.937792389468,24587.817477984467,24570.39208325296,24587.054920338876,2942
2026-06-23 09:25:00,24587.054920338876,24594.331020356978,24583.409892470732,24586.16891857618,4534
2026-06-23 09:30:00,24586.16891857618,24589.980944562263,24575.708864475,24577.6589666717,1081
2026-06-23 09:35:00,24577.6589666717,24601.279886429893,24577.189270209594,24585.375486816814,2560
2026-06-23 09:40:00,24585.375486816814,24588.18334289836,24565.56138212751,24567.159429540945,1775
2026-06-23 09:45:00,24567.159429540945,24569.930484101995,24541.233935613545,24543.38951710394,4038
2026-06-23 09:50:00,24543.38951710394,24571.927481070055,24539.694017223606,24567.79206474014,4476
2026-06-23 09:55:00,24567.79206474014,24585.69324084403,24567.579676657388,24582.083994297926,4585
2026-06-23 10:00:00,24582.083994297926,24603.6264192188,24579.761194797204,24583.37979674367,1277
2026-06-23 10:05:00,24583.37979674367,24619.118779657616,24581.79429546829,24616.12765882825,3887
2026-06-23 10:10:00,24616.12765882825,24622.371924922852,24602.560026997267,24610.854578674996,2878
2026-06-23 10:15:00,24610.854578674996,24648.79842986776,24605.85615769066,24636.896863953305,3271
2026-06-23 10:20:00,24636.896863953305,24645.92500530404,24635.4714087517,24640.357344451146,2607
2026-06-23 10:25:00,24640.357344451146,24648.35573591409,24608.942028003337,24620.157164714445,4139
2026-06-23 10:30:00,24620.157164714445,24659.061520477,24617.05304154342,24656.55639668893,4391
2026-06-23 10:35:00,24656.55639668893,24686.954234006713,24646.90363084941,24676.098410979015,1605
2026-06-23 10:40:00,24676.098410979015,24686.53059529332,24669.21669182888,24673.709349482222,3066
2026-06-23 10:45:00,24673.709349482222,24699.41402383838,24660.075256682576,24688.06295932625,1639
2026-06-23 10:50:00,24688.06295932625,24690.057553775223,24670.42860301475,24680.089634689903,4414
2026-06-23 10:55:00,24680.089634689903,24704.976893448584,24679.08878616406,24696.460412694534,4665
2026-06-23 11:00:00,24696.460412694534,24708.12461306694,24648.83527762444,24649.21947098959,2789
2026-06-23 11:05:00,24649.21947098959,24652.2342411294,24627.030817688774,24629.109625476754,2756
2026-06-23 11:10:00,24629.109625476754,24652.700475412938,24626.56063704232,24648.404261951844,2366
2026-06-23 11:15:00,24648.404261951844,24663.63076796453,24641.80293899837,24643.48137344604,3144
2026-06-23 11:20:00,24643.48137344604,24653.47736119971,24639.105607401147,24647.573025188678,4123
2026-06-23 11:25:00,24647.573025188678,24654.054887419992,24611.604863129924,24621.017026823658,1174
2026-06-23 11:30:00,24621.017026823658,24659.720466434046,24620.178030359806,24657.414118635246,4409
2026-06-23 11:35:00,24657.414118635246,24690.171134599856,24654.584060161713,24680.89842459177,4765
2026-06-23 11:40:00,24680.89842459177,24689.313047969965,24670.088650865455,24676.935951399744,2376
2026-06-23 11:45:00,24676.935951399744,24677.699341734256,24666.957503728794,24668.94662840805,4462
2026-06-23 11:50:00,24668.94662840805,24692.6097890425,24667.56190788802,24689.266032440242,4186
2026-06-23 11:55:00,24689.266032440242,24735.639574497447,24686.389056854052,24728.422624716775,1347
2026-06-23 12:00:00,24728.422624716775,24747.569492592294,24720.801929071895,24747.290614067464,1000
2026-06-23 12:05:00,24747.290614067464,24794.52494572519,24735.403145131633,24790.287599480638,1062
2026-06-23 12:10:00,24790.287599480638,24792.698530766123,24767.346172263897,24771.99531570847,2783
2026-06-23 12:15:00,24771.99531570847,24788.326261091053,24744.73100836051,24755.757038326974,4814
2026-06-23 12:20:00,24755.757038326974,24765.179430204556,24724.595330206204,24732.210528365853,1225
2026-06-23 12:25:00,24732.210528365853,24742.362993307128,24720.417409431597,24740.951102278075,3470
2026-06-23 12:30:00,24740.951102278075,24747.24485851808,24738.8438333916,24744.426781349353,2042
2026-06-23 12:35:00,24744.426781349353,24750.78974924406,24741.36640270619,24741.418826590078,3078
2026-06-23 12:40:00,24741.418826590078,24768.76043492942,24738.468050948515,24757.43659191602,1844
2026-06-23 12:45:00,24757.43659191602,24802.674990409287,24747.153456793134,24781.84402975922,3680
2026-06-23 12:50:00,24781.84402975922,24785.07258597127,24744.262689998475,24751.597047464013,1023
2026-06-23 12:55:00,24751.597047464013,24762.19060138223,24734.019740248077,24739.77623859744,3884
2026-06-23 13:00:00,24739.77623859744,24759.715168964864,24733.988565797303,24756.008373799134,4030
2026-06-23 13:05:00,24756.008373799134,24756.958463867097,24739.380815374665,24746.74489957965,2234
2026-06-23 13:10:00,24746.74489957965,24751.464548232365,24716.972111257295,24730.942497860513,2984
2026-06-23 13:15:00,24730.942497860513,24754.80108769685,24719.638494906863,24751.09401030462,1160
2026-06-23 13:20:00,24751.09401030462,24765.003432938072,24725.426266540977,24725.560780342996,2278
2026-06-23 13:25:00,24725.560780342996,24728.90146216893,24717.42043472254,24719.59539644886,2594
2026-06-23 13:30:00,24719.59539644886,24729.11248025545,24716.000663137133,24726.094554326748,3161
2026-06-23 13:35:00,24726.094554326748,24733.626560345318,24712.50623222639,24714.743893967952,3551
2026-06-23 13:40:00,24714.743893967952,24738.922183814342,24695.98266247269,24730.22828714193,2952
2026-06-23 13:45:00,24730.22828714193,24737.848118788308,24717.28354013305,24718.97352117079,2695
2026-06-23 13:50:00,24718.97352117079,24751.63905901187,24717.262082135927,24746.829223538705,1954
2026-06-23 13:55:00,24746.829223538705,24749.52006913528,24738.423493142418,24744.339765819008,4291
2026-06-23 14:00:00,24744.339765819008,24761.415004311042,24743.419968108818,24757.627874888833,1356
2026-06-23 14:05:00,24757.627874888833,24773.757542919477,24753.060380486684,24772.403701619794,3216
2026-06-23 14:10:00,24772.403701619794,24779.0318874646,24751.026996258068,24759.96716219028,4595
2026-06-23 14:15:00,24759.96716219028,24769.08141066865,24708.247538908643,24719.291754580103,1968
2026-06-23 14:20:00,24719.291754580103,24731.469348804938,24717.46750541838,24726.42585598145,1241
2026-06-23 14:25:00,24726.42585598145,24729.22792040236,24723.11224086777,24727.8558019458,4446
2026-06-23 14:30:00,24727.8558019458,24756.675036964567,24723.50079972693,24738.85131063448,1138
2026-06-23 14:35:00,24738.85131063448,24745.25760721713,24734.31949399505,24734.368087068837,3144
2026-06-23 14:40:00,24734.368087068837,24749.50651381378,24721.827433084167,24725.85100135923,1146
2026-06-23 14:45:00,24725.85100135923,24780.472176570256,24719.850305154643,24765.579964887063,4253
2026-06-23 14:50:00,24765.579964887063,24766.302955012317,24724.847907300897,24736.409003089484,2080
2026-06-23 14:55:00,24736.409003089484,24753.147108447763,24729.04278666651,24750.933242466148,2065
2026-06-23 15:00:00,24750.933242466148,24756.072020325624,24729.573821911,24739.555696679832,3913
2026-06-23 15:05:00,24739.555696679832,24740.06188676918,24724.932957521,24732.910085627555,4782
2026-06-23 15:10:00,24732.910085627555,24743.347765199913,24718.869729107726,24726.6357849508,1542
2026-06-23 15:15:00,24726.6357849508,24727.201325274968,24705.71686113732,24710.742803611138,1691
2026-06-23 15:20:00,24710.742803611138,24733.136881247658,24701.21883038856,24722.03510324501,2025
2026-06-23 15:25:00,24722.03510324501,24754.075957108416,24719.580024681913,24749.538735081154,4359
2026-06-24 09:15:00,24749.538735081154,24750.97556250518,24735.040963232877,24747.265406296916,4875
2026-06-24 09:20:00,24747.265406296916,24794.807821328708,24735.91959048296,24776.298263218014,4619
2026-06-24 09:25:00,24776.298263218014,24785.0916379029,24768.232146850314,24769.470520167248,4317
2026-06-24 09:30:00,24769.470520167248,24799.936781982,24759.230054946827,24797.7800648716,3046
2026-06-24 09:35:00,24797.7800648716,24808.289787683338,24779.28433360629,24781.664333659253,4144
2026-06-24 09:40:00,24781.664333659253,24786.795151735867,24753.054653577965,24758.64770578434,4221
2026-06-24 09:45:00,24758.64770578434,24760.401541663083,24747.284596035435,24758.546638254567,4584
2026-06-24 09:50:00,24758.546638254567,24763.19738150949,24731.818365842526,24742.25396234961,4140
2026-06-24 09:55:00,24742.25396234961,24751.663044959467,24737.09208744023,24748.783101486883,1968
2026-06-24 10:00:00,24748.783101486883,24752.93866270964,24729.013803558533,24741.40656127716,1804
2026-06-24 10:05:00,24741.40656127716,24779.202068565475,24736.71602110616,24770.579985960572,2253
2026-06-24 10:10:00,24770.579985960572,24773.156776116597,24754.5712268856,24761.82769842219,1722
2026-06-24 10:15:00,24761.82769842219,24774.2811219997,24758.93286692007,24763.605339338555,2095
2026-06-24 10:20:00,24763.605339338555,24788.203504902147,24763.424659690554,24775.419277441695,2001
2026-06-24 10:25:00,24775.419277441695,24802.388098882784,24771.278110127456,24794.373782113147,3922
2026-06-24 10:30:00,24794.373782113147,24832.266608310918,24782.612302399528,24823.723233366876,4679
2026-06-24 10:35:00,24823.723233366876,24829.49080484716,24811.50570026441,24819.059088763996,4468
2026-06-24 10:40:00,24819.059088763996,24829.860116254356,24810.633769157976,24811.13072771829,1083
2026-06-24 10:45:00,24811.13072771829,24812.858828465865,24764.905212544887,24773.14157777771,1739
2026-06-24 10:50:00,24773.14157777771,24816.611207495782,24759.455288007342,24813.605264047947,4370
2026-06-24 10:55:00,24813.605264047947,24823.265945267885,24808.433100522685,24820.770720546534,4819
2026-06-24 11:00:00,24820.770720546534,24839.438910589106,24813.61633791342,24835.699085047647,4364
2026-06-24 11:05:00,24835.699085047647,24861.184602136334,24830.988262111303,24846.740617135805,2757
2026-06-24 11:10:00,24846.740617135805,24857.8982376358,24836.475236922935,24847.725241444863,2993
2026-06-24 11:15:00,24847.725241444863,24869.260215914604,24834.833244810212,24854.689613171246,1222
2026-06-24 11:20:00,24854.689613171246,24855.206324671966,24836.93121234986,24843.56142400115,3840
2026-06-24 11:25:00,24843.56142400115,24848.6307669424,24832.688127696983,24837.557258892542,3780
2026-06-24 11:30:00,24837.557258892542,24841.136213679005,24810.38753661565,24818.676626113145,4287
2026-06-24 11:35:00,24818.676626113145,24859.04029743676,24816.485627972637,24849.59561360404,4302
2026-06-24 11:40:00,24849.59561360404,24861.65725840349,24845.51246889888,24860.757674436558,3452
2026-06-24 11:45:00,24860.757674436558,24900.2775888729,24856.282609321355,24900.060992549013,2192
2026-06-24 11:50:00,24900.060992549013,24949.073938774724,24885.04886926256,24945.805058858066,1328
2026-06-24 11:55:00,24945.805058858066,24946.09543677464,24903.048914768846,24917.78281259753,1425
2026-06-24 12:00:00,24917.78281259753,24939.431298220134,24917.36484044738,24937.422577890375,2577
2026-06-24 12:05:00,24937.422577890375,24958.254713678893,24900.988018712527,24910.33128664275,1769
2026-06-24 12:10:00,24910.33128664275,24915.957114171782,24910.228172236515,24913.866909373704,2219
2026-06-24 12:15:00,24913.866909373704,24928.832169722038,24908.015703348123,24920.139811873338,4975
2026-06-24 12:20:00,24920.139811873338,24921.533342990144,24892.5749141677,24894.47872355584,1607
2026-06-24 12:25:00,24894.47872355584,24909.622951057638,24873.266035119756,24879.790615945953,2852
2026-06-24 12:30:00,24879.790615945953,24891.196800080055,24878.63096303519,24886.96299135832,3573
2026-06-24 12:35:00,24886.96299135832,24892.555728450257,24878.945202017323,24890.473062536224,3672
2026-06-24 12:40:00,24890.473062536224,24895.87490160075,24867.41386652969,24870.19486256834,3124
2026-06-24 12:45:00,24870.19486256834,24871.763390379812,24845.63873176058,24856.306727067422,3046
2026-06-24 12:50:00,24856.306727067422,24863.16968807425,24818.873984358168,24826.64936924689,2300
2026-06-24 12:55:00,24826.64936924689,24837.52332844754,24787.62256405565,24802.757720374764,1919
2026-06-24 13:00:00,24802.757720374764,24803.120776760155,24792.327992985152,24795.387919991426,3993
2026-06-24 13:05:00,24795.387919991426,24824.86135736712,24794.929373613864,24814.975346377138,1465
2026-06-24 13:10:00,24814.975346377138,24844.334297804955,24803.17405979202,24837.09507939665,2964
2026-06-24 13:15:00,24837.09507939665,24881.886790275705,24831.27062818825,24873.52487261682,2471
2026-06-24 13:20:00,24873.52487261682,24889.94618533835,24871.9734885627,24881.967229226448,4391
2026-06-24 13:25:00,24881.967229226448,24894.950384649695,24881.299095921604,24885.715111723042,2945
2026-06-24 13:30:00,24885.715111723042,24898.09627243906,24868.180220749397,24895.572768347567,2183
2026-06-24 13:35:00,24895.572768347567,24906.429914807362,24894.02692668959,24905.24332447561,3539
2026-06-24 13:40:00,24905.24332447561,24906.561031210833,24859.840298537398,24873.035592828815,3360
2026-06-24 13:45:00,24873.035592828815,24922.03193253897,24868.07662818739,24910.621204828003,2654
2026-06-24 13:50:00,24910.621204828003,24912.587099260334,24867.615020356316,24872.14049318857,3039
2026-06-24 13:55:00,24872.14049318857,24896.16553256395,24868.71612396297,24894.998236961383,2184
2026-06-24 14:00:00,24894.998236961383,24908.805574356124,24879.10773127301,24896.12123994231,3355
2026-06-24 14:05:00,24896.12123994231,24905.86920395995,24860.268630939187,24874.421836593137,4934
2026-06-24 14:10:00,24874.421836593137,24891.91642495584,24865.097979704573,24884.995941974572,4217
2026-06-24 14:15:00,24884.995941974572,24892.82188672375,24880.471062311164,24882.644039011717,2698
2026-06-24 14:20:00,24882.644039011717,24885.079579862755,24861.966560737943,24869.057359010858,4467
2026-06-24 14:25:00,24869.057359010858,24875.857881283642,24823.6836208319,24841.572521202244,3738
2026-06-24 14:30:00,24841.572521202244,24843.886835232923,24806.96434508132,24812.448119901455,3136
2026-06-24 14:35:00,24812.448119901455,24818.152175943043,24798.101143370284,24800.3215559627,3782
2026-06-24 14:40:00,24800.3215559627,24807.408161992207,24790.272713796323,24792.643612156688,1777
2026-06-24 14:45:00,24792.643612156688,24793.27800341855,24766.58704801779,24768.633572481463,3798
2026-06-24 14:50:00,24768.633572481463,24772.428152147622,24765.200910966574,24769.396053022967,4379
2026-06-24 14:55:00,24769.396053022967,24771.055690426743,24738.581478768887,24748.23038212096,4617
2026-06-24 15:00:00,24748.23038212096,24763.70105960852,24747.579364628364,24755.36224241802,3418
2026-06-24 15:05:00,24755.36224241802,24785.300188837657,24747.805189435992,24779.748835342747,3498
2026-06-24 15:10:00,24779.748835342747,24787.91045577831,24778.203126561166,24785.485333642537,1166
2026-06-24 15:15:00,24785.485333642537,24786.38749709996,24777.157441712203,24783.62474097403,3439
2026-06-24 15:20:00,24783.62474097403,24789.105686771858,24763.01968925446,24773.0193910057,4708
2026-06-24 15:25:00,24773.0193910057,24815.71890847768,24760.526878806806,24801.678774301115,1735
2026-06-25 09:15:00,24801.678774301115,24812.719917824834,24790.12389682069,24811.419815934445,4066
2026-06-25 09:20:00,24811.419815934445,24841.90338289501,24800.871337436463,24826.399429605895,2855
2026-06-25 09:25:00,24826.399429605895,24837.752308701787,24826.117300658923,24827.627623000502,2947
2026-06-25 09:30:00,24827.627623000502,24833.638025970336,24820.44293373972,24826.46512344016,2365
2026-06-25 09:35:00,24826.46512344016,24829.38920931191,24799.179533027396,24801.925501797858,4639
2026-06-25 09:40:00,24801.925501797858,24825.386260722666,24792.235701544625,24811.67073033698,4130
2026-06-25 09:45:00,24811.67073033698,24824.1326272877,24775.76617922022,24785.00562755673,3948
2026-06-25 09:50:00,24785.00562755673,24788.71961849322,24731.176673271188,24744.057132614755,1437
2026-06-25 09:55:00,24744.057132614755,24770.516639392215,24740.00339531496,24764.012780571582,2451
2026-06-25 10:00:00,24764.012780571582,24775.34572750811,24761.583343067326,24771.679447483035,1425
2026-06-25 10:05:00,24771.679447483035,24791.556393481165,24765.62735193065,24789.113471992223,1967
2026-06-25 10:10:00,24789.113471992223,24798.225630120578,24763.183589500502,24774.507534884542,2404
2026-06-25 10:15:00,24774.507534884542,24792.462807317206,24769.58021466461,24783.750684959756,1485
2026-06-25 10:20:00,24783.750684959756,24786.822832128233,24765.509447904235,24775.045285492968,2755
2026-06-25 10:25:00,24775.045285492968,24783.125315344372,24767.652194022245,24768.55932425579,4256
2026-06-25 10:30:00,24768.55932425579,24791.999050320213,24763.533523575727,24787.85411368957,4630
2026-06-25 10:35:00,24787.85411368957,24792.59243588373,24784.028769698376,24784.883709910868,3507
2026-06-25 10:40:00,24784.883709910868,24791.026270337326,24761.758871758066,24771.075837211465,4960
2026-06-25 10:45:00,24771.075837211465,24780.490704387154,24742.40669278694,24744.01554889848,3968
2026-06-25 10:50:00,24744.01554889848,24754.811097033333,24743.78876940684,24751.155471718164,4173
2026-06-25 10:55:00,24751.155471718164,24772.49349290438,24747.23899148418,24772.134079189014,2579
2026-06-25 11:00:00,24772.134079189014,24773.7015536092,24750.08481900134,24756.614270005382,4086
2026-06-25 11:05:00,24756.614270005382,24778.50672323482,24755.755593448055,24770.259698586786,3795
2026-06-25 11:10:00,24770.259698586786,24778.35071628497,24740.615014100753,24751.57740101286,2896
2026-06-25 11:15:00,24751.57740101286,24779.6481041251,24744.654162055987,24766.41453217829,1050
2026-06-25 11:20:00,24766.41453217829,24771.906738568985,24766.305580014305,24767.066670799017,3356
2026-06-25 11:25:00,24767.066670799017,24775.56714010251,24752.993558308954,24772.373483873198,2057
2026-06-25 11:30:00,24772.373483873198,24772.514749352802,24756.25259188444,24758.55227617727,2659
2026-06-25 11:35:00,24758.55227617727,24768.14781141622,24755.691742565024,24765.634229573294,4052
2026-06-25 11:40:00,24765.634229573294,24774.062330356213,24751.13042749209,24753.79254669123,2612
2026-06-25 11:45:00,24753.79254669123,24764.207506883096,24744.131878895743,24745.600556446134,2927
2026-06-25 11:50:00,24745.600556446134,24745.899108179045,24711.14317780411,24715.556870418222,3682
2026-06-25 11:55:00,24715.556870418222,24721.803820767687,24697.20599906286,24700.289533902902,1204
2026-06-25 12:00:00,24700.289533902902,24707.24173386406,24688.868712773015,24689.90562499815,3787
2026-06-25 12:05:00,24689.90562499815,24707.202471267763,24683.17840072932,24696.08421487467,2093
2026-06-25 12:10:00,24696.08421487467,24718.3647165363,24684.09695357339,24707.852507032072,4301
2026-06-25 12:15:00,24707.852507032072,24710.94095752717,24690.903187085387,24695.83595609913,4551
2026-06-25 12:20:00,24695.83595609913,24707.231170509538,24672.53779701632,24692.587079827146,1532
2026-06-25 12:25:00,24692.587079827146,24738.332257600654,24689.100430457627,24725.90005182142,3155
2026-06-25 12:30:00,24725.90005182142,24729.850454929117,24718.252794041342,24728.493473602837,3923
2026-06-25 12:35:00,24728.493473602837,24732.96537959538,24716.340730808955,24717.872240556862,2264
2026-06-25 12:40:00,24717.872240556862,24721.342363056443,24672.552171688574,24684.658365786167,1250
2026-06-25 12:45:00,24684.658365786167,24691.203615533796,24660.18711257797,24667.795337375468,1134
2026-06-25 12:50:00,24667.795337375468,24669.326903320027,24642.1812860007,24650.17523737412,4161
2026-06-25 12:55:00,24650.17523737412,24689.683521339022,24645.920965348214,24689.179184418335,2614
2026-06-25 13:00:00,24689.179184418335,24696.46352619665,24670.48393997195,24672.421008579728,4511
2026-06-25 13:05:00,24672.421008579728,24678.09849946305,24668.765631931135,24673.4284906737,3736
2026-06-25 13:10:00,24673.4284906737,24691.236365835673,24672.477783713013,24680.7467787668,4369
2026-06-25 13:15:00,24680.7467787668,24704.22296236334,24679.440645643957,24702.59466794983,1406
2026-06-25 13:20:00,24702.59466794983,24709.043445256448,24689.40827623878,24702.753243625164,4379
2026-06-25 13:25:00,24702.753243625164,24704.098277172965,24686.291452928577,24692.668304938845,1101
2026-06-25 13:30:00,24692.668304938845,24692.687934824924,24675.557181941876,24681.279324271774,2384
2026-06-25 13:35:00,24681.279324271774,24697.324963204486,24667.85397733624,24688.316055587704,4918
2026-06-25 13:40:00,24688.316055587704,24692.03921683279,24669.2347087285,24674.79990453406,4695
2026-06-25 13:45:00,24674.79990453406,24688.039063071148,24641.19211406067,24653.003545529707,3740
2026-06-25 13:50:00,24653.003545529707,24662.9699280047,24637.24965809818,24642.935173644833,4687
2026-06-25 13:55:00,24642.935173644833,24648.040847424545,24610.95370008787,24616.823828237822,2551
2026-06-25 14:00:00,24616.823828237822,24660.285535956493,24613.922770845875,24653.26887018563,2631
2026-06-25 14:05:00,24653.26887018563,24671.40024724434,24645.33711288772,24665.03444967093,2316
2026-06-25 14:10:00,24665.03444967093,24700.31756648112,24659.90558857978,24697.016985059217,4217
2026-06-25 14:15:00,24697.016985059217,24709.931442945093,24696.643175158944,24706.608042694847,1403
2026-06-25 14:20:00,24706.608042694847,24746.452932766206,24698.4841659846,24736.742060629153,1813
2026-06-25 14:25:00,24736.742060629153,24745.523261225848,24726.616698560032,24744.01396351807,4073
2026-06-25 14:30:00,24744.01396351807,24763.472133495903,24740.640954028793,24758.38887611547,4190
2026-06-25 14:35:00,24758.38887611547,24769.826621520922,24714.42175087599,24716.12691978629,3902
2026-06-25 14:40:00,24716.12691978629,24731.46498334432,24693.355078723605,24698.047970693988,2629
2026-06-25 14:45:00,24698.047970693988,24703.76783200138,24687.625987050087,24698.777605865766,4262
2026-06-25 14:50:00,24698.777605865766,24707.594893506004,24697.906444435524,24699.98661626156,2026
2026-06-25 14:55:00,24699.98661626156,24700.363956802106,24698.2995694323,24698.4773281504,3989
2026-06-25 15:00:00,24698.4773281504,24711.60178828397,24695.745101249926,24707.427963015187,2020
2026-06-25 15:05:00,24707.427963015187,24729.100468761346,24701.576039872558,24717.1963498056,4558
2026-06-25 15:10:00,24717.1963498056,24735.35405235458,24709.795685892852,24734.302939818623,4694
2026-06-25 15:15:00,24734.302939818623,24749.16264158443,24733.04105857051,24747.54061055123,3224
2026-06-25 15:20:00,24747.54061055123,24782.246408367704,24745.60294692806,24771.37917200699,2280
2026-06-25 15:25:00,24771.37917200699,24815.59909662262,24760.792528075122,24795.402130872848,3920
2026-06-26 09:15:00,24795.402130872848,24798.729764783184,24788.961597945083,24789.097541993768,1981
2026-06-26 09:20:00,24789.097541993768,24792.3846353683,24778.914970651877,24792.10275167231,2441
2026-06-26 09:25:00,24792.10275167231,24792.654516863375,24772.77602996088,24776.043155262087,2265
2026-06-26 09:30:00,24776.043155262087,24788.06891746181,24771.728269500654,24787.606079724137,2074
2026-06-26 09:35:00,24787.606079724137,24797.15639101244,24764.941995690268,24769.611048805094,1743
2026-06-26 09:40:00,24769.611048805094,24777.55600389451,24768.12313825411,24770.11887878708,4842
2026-06-26 09:45:00,24770.11887878708,24775.621913936408,24752.987081132178,24765.59442664971,3431
2026-06-26 09:50:00,24765.59442664971,24787.157368150005,24750.809147501044,24777.79603477506,1374
2026-06-26 09:55:00,24777.79603477506,24780.800763447485,24761.447241864633,24777.513187757442,2753
2026-06-26 10:00:00,24777.513187757442,24785.31887426973,24772.77183071232,24773.618327205444,3253
2026-06-26 10:05:00,24773.618327205444,24777.020133561397,24736.04071328664,24757.706425581655,4897
2026-06-26 10:10:00,24757.706425581655,24759.548332058268,24754.149880528672,24758.395066426463,3536
2026-06-26 10:15:00,24758.395066426463,24761.412375190146,24753.103903665415,24753.241210332148,4452
2026-06-26 10:20:00,24753.241210332148,24763.84820509334,24726.26125660046,24736.002454001504,2991
2026-06-26 10:25:00,24736.002454001504,24740.535550854896,24734.384030742753,24739.15859029863,3928
2026-06-26 10:30:00,24739.15859029863,24753.480823540285,24733.895553407106,24746.362066061803,2334
2026-06-26 10:35:00,24746.362066061803,24751.087808618096,24738.101729273523,24739.662587947572,4446
2026-06-26 10:40:00,24739.662587947572,24763.6001163028,24738.152154652627,24758.099954710637,3679
2026-06-26 10:45:00,24758.099954710637,24770.425969725693,24754.931185130295,24763.328356581438,1591
2026-06-26 10:50:00,24763.328356581438,24773.067556962713,24731.470729899353,24737.894360291713,2065
2026-06-26 10:55:00,24737.894360291713,24776.015912333114,24734.690402103708,24764.36180938313,1532
2026-06-26 11:00:00,24764.36180938313,24783.3488985102,24760.952506469916,24779.55698269203,3569
2026-06-26 11:05:00,24779.55698269203,24803.888339729354,24765.228334498166,24799.416929561223,3872
2026-06-26 11:10:00,24799.416929561223,24813.998602527783,24796.5365934266,24807.362721408233,2176
2026-06-26 11:15:00,24807.362721408233,24807.77883074564,24753.88902173251,24760.968445313247,2335
2026-06-26 11:20:00,24760.968445313247,24797.344278112774,24757.52747947181,24782.611880881945,2317
2026-06-26 11:25:00,24782.611880881945,24795.264654145794,24775.20124622029,24783.81706293223,1597
2026-06-26 11:30:00,24783.81706293223,24806.11792795709,24769.661569143293,24790.820358600722,1112
2026-06-26 11:35:00,24790.820358600722,24803.535451854,24789.761140543054,24801.537609683128,4772
2026-06-26 11:40:00,24801.537609683128,24844.198437343886,24794.664276336527,24839.955729388745,2135
2026-06-26 11:45:00,24839.955729388745,24840.348241996737,24825.534007134047,24829.101191676356,2198
2026-06-26 11:50:00,24829.101191676356,24833.539141315876,24808.00592356192,24818.764280872274,2845
2026-06-26 11:55:00,24818.764280872274,24827.1872308528,24797.480717179413,24801.866980720915,2325
2026-06-26 12:00:00,24801.866980720915,24808.897341042888,24778.212995057547,24780.637722451545,2987
2026-06-26 12:05:00,24780.637722451545,24781.55924943702,24750.562884310282,24759.7916308089,2539
2026-06-26 12:10:00,24759.7916308089,24772.850460122147,24721.208293402186,24723.112183395355,1733
2026-06-26 12:15:00,24723.112183395355,24735.7107416373,24715.28811635828,24731.550790970537,2985
2026-06-26 12:20:00,24731.550790970537,24775.39231533945,24724.546503069807,24770.880022185767,4292
2026-06-26 12:25:00,24770.880022185767,24819.527332025453,24762.1359127538,24811.535463291693,4242
2026-06-26 12:30:00,24811.535463291693,24814.67961889946,24785.31336525528,24794.61661374173,3365
2026-06-26 12:35:00,24794.61661374173,24803.40989496301,24787.02355854227,24789.21824297908,1995
2026-06-26 12:40:00,24789.21824297908,24826.836481851424,24780.24442410827,24813.677113762653,3260
2026-06-26 12:45:00,24813.677113762653,24829.7951048527,24800.56930366635,24822.259608139426,1252
2026-06-26 12:50:00,24822.259608139426,24830.862567346783,24821.32448718621,24824.930794476775,1123
2026-06-26 12:55:00,24824.930794476775,24835.901494745005,24805.361280157395,24819.832059954922,4711
2026-06-26 13:00:00,24819.832059954922,24843.867841462943,24814.57323631155,24843.228255138518,2236
2026-06-26 13:05:00,24843.228255138518,24843.554632909574,24814.809297519885,24821.90181522129,1623
2026-06-26 13:10:00,24821.90181522129,24842.723593586907,24816.825190708852,24831.450802149197,4156
2026-06-26 13:15:00,24831.450802149197,24844.088417035153,24828.134422251245,24838.30296834167,2539
2026-06-26 13:20:00,24838.30296834167,24845.057392393974,24836.385034568637,24839.16479698202,4136
2026-06-26 13:25:00,24839.16479698202,24861.330460542104,24836.966510714294,24854.81803440319,4389
2026-06-26 13:30:00,24854.81803440319,24864.761318847308,24854.091141137378,24855.488861864407,4417
2026-06-26 13:35:00,24855.488861864407,24860.84536665107,24840.481994264115,24844.860106217973,2655
2026-06-26 13:40:00,24844.860106217973,24847.581849261947,24839.296574141015,24846.698850641897,2266
2026-06-26 13:45:00,24846.698850641897,24855.13594263606,24806.26005741828,24815.0520343071,3945
2026-06-26 13:50:00,24815.0520343071,24835.14542712563,24805.93113662651,24827.215672656566,2160
2026-06-26 13:55:00,24827.215672656566,24861.44873373364,24822.6341661072,24844.460244600523,3294
2026-06-26 14:00:00,24844.460244600523,24846.65541731343,24819.16823464753,24831.40965770249,1440
2026-06-26 14:05:00,24831.40965770249,24836.264349156467,24812.319819563527,24813.640078032557,3092
2026-06-26 14:10:00,24813.640078032557,24814.604755019693,24799.897982410643,24801.33744239543,3705
2026-06-26 14:15:00,24801.33744239543,24805.484516155575,24792.88525924432,24800.08699909253,3927
2026-06-26 14:20:00,24800.08699909253,24806.317809129265,24796.279329707675,24804.37019152546,4759
2026-06-26 14:25:00,24804.37019152546,24846.280340483667,24792.704607891945,24836.427199699607,2016
2026-06-26 14:30:00,24836.427199699607,24868.390155577228,24830.85031189519,24866.014160191906,1553
2026-06-26 14:35:00,24866.014160191906,24896.82794258698,24862.89190149487,24882.555881539505,1808
2026-06-26 14:40:00,24882.555881539505,24899.916678737976,24868.08935354907,24884.96970170521,1970
2026-06-26 14:45:00,24884.96970170521,24893.69422847102,24861.171663897476,24866.516519466513,2112
2026-06-26 14:50:00,24866.516519466513,24903.254470075204,24853.5437188929,24899.92990107578,3777
2026-06-26 14:55:00,24899.92990107578,24903.9778290489,24891.928585587637,24894.99688372015,4068
2026-06-26 15:00:00,24894.99688372015,24907.252044989335,24890.99678999954,24900.60073027013,4001
2026-06-26 15:05:00,24900.60073027013,24919.151284534764,24899.326652532858,24913.09789134559,4299
2026-06-26 15:10:00,24913.09789134559,24926.96980917569,24908.51645120234,24914.32552620527,2833
2026-06-26 15:15:00,24914.32552620527,24942.31348028432,24911.84001137458,24937.26857738676,2314
2026-06-26 15:20:00,24937.26857738676,24953.091449533636,24925.82076904617,24946.353562361208,4493
2026-06-26 15:25:00,24946.353562361208,24966.572231501254,24934.33849019603,24966.08390325613,4138
2026-06-29 09:15:00,24966.08390325613,24967.319605928766,24948.212306918194,24951.398358987393,2207
2026-06-29 09:20:00,24951.398358987393,24968.519653373667,24951.12524023485,24966.179359787813,4116
2026-06-29 09:25:00,24966.179359787813,24980.39904836989,24929.06765631489,24941.347634116446,2778
2026-06-29 09:30:00,24941.347634116446,24942.12408710858,24937.644331905012,24938.275570803868,3874
2026-06-29 09:35:00,24938.275570803868,24978.01802008875,24936.26641557015,24963.36322978935,2969
2026-06-29 09:40:00,24963.36322978935,24987.58075335941,24948.787794631808,24985.771749460575,4339
2026-06-29 09:45:00,24985.771749460575,25019.73408175533,24981.024060798194,25012.27925844546,1475
2026-06-29 09:50:00,25012.27925844546,25019.231232971564,24989.432605646332,24990.943376610143,1252
2026-06-29 09:55:00,24990.943376610143,24998.13705842692,24971.095813184456,24974.563506901468,2419
2026-06-29 10:00:00,24974.563506901468,24982.038558064476,24955.656811344168,24963.318938598575,3336
2026-06-29 10:05:00,24963.318938598575,24973.329281893843,24955.82840465557,24960.39442430097,2235
2026-06-29 10:10:00,24960.39442430097,24969.009772656045,24957.887485221283,24964.721581138223,1999
2026-06-29 10:15:00,24964.721581138223,24992.868036157142,24961.812523240453,24990.23063252958,4760
2026-06-29 10:20:00,24990.23063252958,24993.423820164695,24968.408700801672,24971.665647428734,1020
2026-06-29 10:25:00,24971.665647428734,24976.141463969925,24955.348201418063,24959.1028382162,1315
2026-06-29 10:30:00,24959.1028382162,25001.353078591714,24951.106962478912,24987.5290813136,3611
2026-06-29 10:35:00,24987.5290813136,24987.640276227543,24964.171547731148,24964.359687298245,2461
2026-06-29 10:40:00,24964.359687298245,24978.957725126234,24963.11971110065,24978.87601307937,2446
2026-06-29 10:45:00,24978.87601307937,24983.171894559233,24973.893574150396,24977.1045554991,2256
2026-06-29 10:50:00,24977.1045554991,24997.05662869552,24971.889214525185,24984.85892207832,3170
2026-06-29 10:55:00,24984.85892207832,24988.408194069023,24965.863998017743,24968.64132804434,3921
2026-06-29 11:00:00,24968.64132804434,24992.20312370224,24960.84905670589,24982.76711290525,1959
2026-06-29 11:05:00,24982.76711290525,24996.912225466764,24968.05097599454,24969.691962635152,4683
2026-06-29 11:10:00,24969.691962635152,24970.268734900154,24939.077920124902,24941.334403572775,3261
2026-06-29 11:15:00,24941.334403572775,24954.97413086619,24939.398615119557,24950.912657170484,2945
2026-06-29 11:20:00,24950.912657170484,24961.21667873552,24889.28175589768,24900.94917868013,1838
2026-06-29 11:25:00,24900.94917868013,24907.340770912848,24878.86217186973,24889.6341511152,3694
2026-06-29 11:30:00,24889.6341511152,24900.437933404282,24887.984753380028,24895.431207713238,1967
2026-06-29 11:35:00,24895.431207713238,24915.387118354407,24891.102006570323,24910.523418477103,2853
2026-06-29 11:40:00,24910.523418477103,24944.96841708879,24907.987650833056,24934.966006606253,3777
2026-06-29 11:45:00,24934.966006606253,24971.804482474538,24930.449719167023,24970.42442360204,1599
2026-06-29 11:50:00,24970.42442360204,25009.71731458353,24968.32284411973,24999.824565754887,1791
2026-06-29 11:55:00,24999.824565754887,25007.863213339206,24994.286290287437,25003.655497941607,1039
2026-06-29 12:00:00,25003.655497941607,25034.724724884763,25001.134678805363,25026.171145243035,3799
2026-06-29 12:05:00,25026.171145243035,25047.67460027953,25021.370198909986,25029.697094860807,4403
2026-06-29 12:10:00,25029.697094860807,25044.35728404399,25025.834108691153,25043.431502913616,3990
2026-06-29 12:15:00,25043.431502913616,25044.71479989655,25029.200582764064,25031.423750197373,1647
2026-06-29 12:20:00,25031.423750197373,25043.394918574053,25018.864277729394,25040.676882641343,1181
2026-06-29 12:25:00,25040.676882641343,25052.263025828277,25020.838749389302,25031.19655805096,1264
2026-06-29 12:30:00,25031.19655805096,25050.755830708153,25027.028301173683,25027.72134541834,3818
2026-06-29 12:35:00,25027.72134541834,25042.55063624432,25024.58526730069,25037.036240764275,4765
2026-06-29 12:40:00,25037.036240764275,25091.039520182356,25025.32558328019,25078.92578776733,4604
2026-06-29 12:45:00,25078.92578776733,25093.49245481852,25074.776182165602,25086.846121825198,1862
2026-06-29 12:50:00,25086.846121825198,25095.573257826938,25085.300516531795,25086.61114972405,1431
2026-06-29 12:55:00,25086.61114972405,25095.22355667873,25054.958308117257,25069.917992655064,2219
2026-06-29 13:00:00,25069.917992655064,25092.411982209527,25064.235899890846,25087.892152841127,4795
2026-06-29 13:05:00,25087.892152841127,25092.67596968749,25074.951567259548,25081.15936546188,1508
2026-06-29 13:10:00,25081.15936546188,25089.247391941128,25080.057946714096,25088.666711435533,1446
2026-06-29 13:15:00,25088.666711435533,25104.68858751387,25084.01137131381,25102.755347740906,1527
2026-06-29 13:20:00,25102.755347740906,25142.384815260215,25096.94717344051,25128.141445088982,4273
2026-06-29 13:25:00,25128.141445088982,25156.597517599548,25116.833512427194,25145.075248930785,3922
2026-06-29 13:30:00,25145.075248930785,25156.41748692734,25113.444964788643,25120.464093497754,2753
2026-06-29 13:35:00,25120.464093497754,25130.89431845747,25076.16759196033,25085.95463569524,2628
2026-06-29 13:40:00,25085.95463569524,25100.15283773731,25078.20301867081,25100.03230582496,4204
2026-06-29 13:45:00,25100.03230582496,25103.224551780015,25086.980353995306,25101.75927630253,2162
2026-06-29 13:50:00,25101.75927630253,25117.25273816613,25089.079312797472,25109.62053668991,1668
2026-06-29 13:55:00,25109.62053668991,25148.3524762032,25100.48417439742,25144.166504811707,4564
2026-06-29 14:00:00,25144.166504811707,25148.558617763196,25130.322851558292,25131.763629947716,1846
2026-06-29 14:05:00,25131.763629947716,25159.463285348495,25124.518340409082,25157.727943425994,3117
2026-06-29 14:10:00,25157.727943425994,25165.68453911533,25136.77998762596,25145.518128350748,3863
2026-06-29 14:15:00,25145.518128350748,25178.72316772961,25132.50596405135,25177.005723184793,4086
2026-06-29 14:20:00,25177.005723184793,25194.468400956644,25174.634383947996,25192.122369721586,2770
2026-06-29 14:25:00,25192.122369721586,25199.26401358881,25156.64844845173,25161.748166857495,4283
2026-06-29 14:30:00,25161.748166857495,25167.823414200702,25141.037660439917,25153.348597662512,2825
2026-06-29 14:35:00,25153.348597662512,25197.078245758414,25144.07063077116,25191.896970840105,4131
2026-06-29 14:40:00,25191.896970840105,25228.004578345117,25190.65516657381,25227.975633097263,4323
2026-06-29 14:45:00,25227.975633097263,25254.99929589595,25224.03482903881,25240.170259079976,1445
2026-06-29 14:50:00,25240.170259079976,25252.4485287614,25232.87319397168,25247.323015088936,2025
2026-06-29 14:55:00,25247.323015088936,25257.933038337593,25246.000816708518,25252.165142063415,2771
2026-06-29 15:00:00,25252.165142063415,25263.92218147046,25248.260521996115,25260.99385771444,2359
2026-06-29 15:05:00,25260.99385771444,25261.67116372725,25255.678713327186,25258.148450077504,1018
2026-06-29 15:10:00,25258.148450077504,25285.922122967393,25246.63896863208,25282.618933460846,3017
2026-06-29 15:15:00,25282.618933460846,25298.860328020568,25279.002112752525,25294.306579804168,1560
2026-06-29 15:20:00,25294.306579804168,25298.424546934064,25269.506569820573,25274.77218576355,4149
2026-06-29 15:25:00,25274.77218576355,25289.54836655609,25272.16834786715,25288.016000340962,1471
2026-06-30 09:15:00,25288.016000340962,25293.27167776567,25250.365324912706,25256.209127417063,3282
2026-06-30 09:20:00,25256.209127417063,25257.760166026983,25246.187349855812,25249.996889985632,1831
2026-06-30 09:25:00,25249.996889985632,25260.802401871075,25242.07575155687,25257.873790122987,2112
2026-06-30 09:30:00,25257.873790122987,25265.552791561877,25256.290743103058,25259.386991046587,4171
2026-06-30 09:35:00,25259.386991046587,25265.219381550356,25231.115862389015,25234.197078157355,3191
2026-06-30 09:40:00,25234.197078157355,25236.620001601543,25187.2775219777,25201.270132635775,3040
2026-06-30 09:45:00,25201.270132635775,25211.215347160207,25177.517557813015,25186.327540136183,2105
2026-06-30 09:50:00,25186.327540136183,25210.12471869427,25185.551621039154,25202.602734555494,3636
2026-06-30 09:55:00,25202.602734555494,25238.507060201257,25200.728823140893,25234.46567489923,2594
2026-06-30 10:00:00,25234.46567489923,25254.10257564631,25226.362984755404,25252.968950090108,3276
2026-06-30 10:05:00,25252.968950090108,25284.468860082685,25247.765620065085,25274.331492848883,2626
2026-06-30 10:10:00,25274.331492848883,25274.42525509559,25269.67740575591,25272.697445180147,2889
2026-06-30 10:15:00,25272.697445180147,25275.18671193501,25218.605259862543,25237.475746877622,4466
2026-06-30 10:20:00,25237.475746877622,25237.854919247333,25223.29078998988,25228.284852182012,4584
2026-06-30 10:25:00,25228.284852182012,25239.42345957422,25214.610505494493,25223.062306348158,2804
2026-06-30 10:30:00,25223.062306348158,25224.406933012364,25205.107282523135,25213.03255767217,4869
2026-06-30 10:35:00,25213.03255767217,25220.14676977882,25207.829328388434,25214.13577640931,2220
2026-06-30 10:40:00,25214.13577640931,25228.422285739853,25211.509763383103,25223.03979061758,1273
2026-06-30 10:45:00,25223.03979061758,25244.75867783075,25216.095089575952,25240.25229944563,1589
2026-06-30 10:50:00,25240.25229944563,25250.086103342914,25225.475016571647,25234.636447008757,3700
2026-06-30 10:55:00,25234.636447008757,25236.77067663721,25191.32898112426,25196.203905821545,4871
2026-06-30 11:00:00,25196.203905821545,25201.40978984485,25180.476712690466,25186.470557440072,1582
2026-06-30 11:05:00,25186.470557440072,25191.958589410577,25180.762340070596,25187.351285941586,1967
2026-06-30 11:10:00,25187.351285941586,25222.72395173983,25170.477403421475,25211.990720093596,4633
2026-06-30 11:15:00,25211.990720093596,25226.73663489642,25195.299400402168,25200.53826725524,2990
2026-06-30 11:20:00,25200.53826725524,25215.91771876797,25192.780880508803,25210.871367512136,3419
2026-06-30 11:25:00,25210.871367512136,25224.164042011114,25204.489562971026,25216.72206249052,4952
2026-06-30 11:30:00,25216.72206249052,25227.735507290046,25214.33085286328,25217.607684524257,4151
2026-06-30 11:35:00,25217.607684524257,25243.085661616562,25212.534836210212,25236.380343871544,2258
2026-06-30 11:40:00,25236.380343871544,25242.821546981857,25221.89294060825,25223.038552041024,2310
2026-06-30 11:45:00,25223.038552041024,25228.553243006896,25195.143679842116,25211.432192045846,3866
2026-06-30 11:50:00,25211.432192045846,25215.075625075468,25209.49479359643,25211.19216261027,4738
2026-06-30 11:55:00,25211.19216261027,25213.027054452006,25195.6381657545,25198.28107736856,1571
2026-06-30 12:00:00,25198.28107736856,25215.068620091537,25197.27189060301,25208.521906569164,1544
2026-06-30 12:05:00,25208.521906569164,25216.699427234522,25171.66612073781,25194.139087506595,2460
2026-06-30 12:10:00,25194.139087506595,25205.03393492709,25184.57310131705,25198.700319255415,1126
2026-06-30 12:15:00,25198.700319255415,25205.08594457234,25191.026117448,25196.68094039077,1732
2026-06-30 12:20:00,25196.68094039077,25210.96129025718,25194.476289265873,25201.013277158992,4783
2026-06-30 12:25:00,25201.013277158992,25205.902857910016,25189.557832421142,25191.744517958163,1416
2026-06-30 12:30:00,25191.744517958163,25192.37077093593,25183.624616108507,25184.910737410362,1637
2026-06-30 12:35:00,25184.910737410362,25190.421682547738,25180.11115676965,25186.84512528594,1040
2026-06-30 12:40:00,25186.84512528594,25191.142056095166,25179.090782955613,25190.9168207183,1786
2026-06-30 12:45:00,25190.9168207183,25194.88125145312,25186.220442358983,25190.832140637416,4540
2026-06-30 12:50:00,25190.832140637416,25227.742942990324,25187.244396035483,25225.19973812692,1296
2026-06-30 12:55:00,25225.19973812692,25227.23393557547,25202.351605293505,25205.20650879637,2620
2026-06-30 13:00:00,25205.20650879637,25216.628596338553,25202.535453572218,25203.911892868025,4672
2026-06-30 13:05:00,25203.911892868025,25209.112349298448,25158.357461727992,25172.182607087627,1041
2026-06-30 13:10:00,25172.182607087627,25184.789565948504,25168.45816350812,25179.675489428213,3679
2026-06-30 13:15:00,25179.675489428213,25182.503595291004,25149.90206405473,25157.21025272687,4350
2026-06-30 13:20:00,25157.21025272687,25164.2027993526,25149.73546035397,25151.609045028807,4530
2026-06-30 13:25:00,25151.609045028807,25155.63488923436,25138.44647157506,25144.122631868537,1032
2026-06-30 13:30:00,25144.122631868537,25161.19899151209,25139.686389448874,25149.772840615307,2299
2026-06-30 13:35:00,25149.772840615307,25153.91274831697,25130.43593742308,25138.650787811617,3712
2026-06-30 13:40:00,25138.650787811617,25139.273071372776,25123.798870728355,25126.678642174556,4161
2026-06-30 13:45:00,25126.678642174556,25168.4099114473,25109.021032049524,25155.541285334057,1615
2026-06-30 13:50:00,25155.541285334057,25167.56964439281,25153.279762094662,25161.268030651026,1947
2026-06-30 13:55:00,25161.268030651026,25163.808826272543,25146.911143078036,25149.974629957786,2547
2026-06-30 14:00:00,25149.974629957786,25154.07172641032,25140.875657266264,25144.92786157187,1159
2026-06-30 14:05:00,25144.92786157187,25183.290009841126,25137.805197358684,25178.02572683709,2952
2026-06-30 14:10:00,25178.02572683709,25178.58915573931,25171.8150757727,25173.28893695337,3505
2026-06-30 14:15:00,25173.28893695337,25175.88378096269,25146.83882124196,25159.407849279683,2731
2026-06-30 14:20:00,25159.407849279683,25170.24918246427,25144.2724626129,25145.62057126671,3446
2026-06-30 14:25:00,25145.62057126671,25149.77056788296,25129.862711401227,25134.574070357434,2842
2026-06-30 14:30:00,25134.574070357434,25140.608579586802,25116.553432779223,25122.62011272624,2797
2026-06-30 14:35:00,25122.62011272624,25122.75523198696,25096.168702646988,25096.90162730852,4162
2026-06-30 14:40:00,25096.90162730852,25097.16830804449,25068.472302605216,25074.330475914532,2732
2026-06-30 14:45:00,25074.330475914532,25078.29522492395,25053.224413147695,25057.694753404816,1580
2026-06-30 14:50:00,25057.694753404816,25077.25228603384,25054.51817626794,25069.5534782091,4537
2026-06-30 14:55:00,25069.5534782091,25071.702088467722,25052.03947830694,25061.907519360164,1219
2026-06-30 15:00:00,25061.907519360164,25074.127682728504,25055.939274607994,25057.754025685263,4490
2026-06-30 15:05:00,25057.754025685263,25093.461024395103,25055.30900273826,25083.21446834751,1378
2026-06-30 15:10:00,25083.21446834751,25121.94861024659,25074.34055513113,25109.20082201147,2749
2026-06-30 15:15:00,25109.20082201147,25111.157239324155,25097.575553605493,25103.533676528154,3977
2026-06-30 15:20:00,25103.533676528154,25103.800060796177,25088.720423832532,25090.864153819566,2470
2026-06-30 15:25:00,25090.864153819566,25099.04410782245,25064.65037995305,25073.512710962903,1963
2026-07-01 09:15:00,25073.512710962903,25094.053432643148,25064.46244599104,25082.19517501853,2432
2026-07-01 09:20:00,25082.19517501853,25099.081254532455,25070.43663121228,25096.563346685474,3758
2026-07-01 09:25:00,25096.563346685474,25134.684655990346,25089.2857011375,25121.372148540475,4559
2026-07-01 09:30:00,25121.372148540475,25154.593213445907,25119.121187708166,25152.941818181473,3390
2026-07-01 09:35:00,25152.941818181473,25155.175386048588,25116.93740661395,25122.280526282448,1239
2026-07-01 09:40:00,25122.280526282448,25129.856792816514,25111.233759466602,25117.906554213754,1138
2026-07-01 09:45:00,25117.906554213754,25127.10035449663,25098.21135031148,25100.946759151775,4193
2026-07-01 09:50:00,25100.946759151775,25147.06908321619,25099.482742256674,25138.37978629619,1419
2026-07-01 09:55:00,25138.37978629619,25159.758368679646,25136.644215954035,25148.255294900417,2584
2026-07-01 10:00:00,25148.255294900417,25176.51967435951,25147.757217991595,25166.185956752917,1303
2026-07-01 10:05:00,25166.185956752917,25191.26868298356,25157.538414433035,25175.776394723383,3162
2026-07-01 10:10:00,25175.776394723383,25190.314922632995,25175.491243499833,25183.334879489135,3390
2026-07-01 10:15:00,25183.334879489135,25190.262122091328,25164.93064782808,25165.942500411034,2274
2026-07-01 10:20:00,25165.942500411034,25172.305531645838,25144.764459333757,25156.953036042032,3026
2026-07-01 10:25:00,25156.953036042032,25162.53886526029,25154.925666573516,25158.39232297492,1006
2026-07-01 10:30:00,25158.39232297492,25170.78185113317,25140.433093190128,25145.338423964273,3778
2026-07-01 10:35:00,25145.338423964273,25159.605668855413,25123.20353352239,25128.578114669188,4660
2026-07-01 10:40:00,25128.578114669188,25132.60096452889,25100.514272719738,25124.44341273347,3226
2026-07-01 10:45:00,25124.44341273347,25124.789930722545,25109.889484602816,25112.280287611404,2168
2026-07-01 10:50:00,25112.280287611404,25121.39315648785,25108.41013267999,25113.28110419672,1415
2026-07-01 10:55:00,25113.28110419672,25127.45609149228,25102.418477622185,25104.383560827726,3713
2026-07-01 11:00:00,25104.383560827726,25106.15605431436,25081.248616996432,25090.629197249495,2144
2026-07-01 11:05:00,25090.629197249495,25091.102274344034,25060.341337109476,25072.009458176817,2147
2026-07-01 11:10:00,25072.009458176817,25075.546598916848,25070.1520157592,25072.131727748852,1149
2026-07-01 11:15:00,25072.131727748852,25102.95824891767,25060.460522224912,25089.948952817394,3444
2026-07-01 11:20:00,25089.948952817394,25112.416352136905,25086.078678105798,25103.013220068064,3428
2026-07-01 11:25:00,25103.013220068064,25105.518158057526,25069.30627622,25072.34918281835,2803
2026-07-01 11:30:00,25072.34918281835,25091.97547676036,25069.587096804044,25089.593959850557,1838
2026-07-01 11:35:00,25089.593959850557,25112.115244619745,25089.17059899428,25102.516285610072,3048
2026-07-01 11:40:00,25102.516285610072,25127.003376908033,25097.332881121063,25120.334521717177,2696
2026-07-01 11:45:00,25120.334521717177,25150.50823330917,25110.90197344782,25142.111085100445,1243
2026-07-01 11:50:00,25142.111085100445,25145.893160324616,25120.92773911219,25127.475282485208,2910
2026-07-01 11:55:00,25127.475282485208,25128.49971465413,25114.62556561744,25121.448653192085,2421
2026-07-01 12:00:00,25121.448653192085,25171.932181919416,25109.22774423799,25157.43188298013,2274
2026-07-01 12:05:00,25157.43188298013,25199.21149642806,25151.62309279174,25192.27070736712,1878
2026-07-01 12:10:00,25192.27070736712,25193.644451865548,25190.27269427991,25190.727155571436,4647
2026-07-01 12:15:00,25190.727155571436,25204.0473196764,25183.408432586282,25202.88140784602,4370
2026-07-01 12:20:00,25202.88140784602,25217.485274750292,25201.407808326152,25216.8054931739,3807
2026-07-01 12:25:00,25216.8054931739,25262.11404297371,25208.589837965363,25252.263239426007,4001
2026-07-01 12:30:00,25252.263239426007,25260.23132827686,25244.800551495446,25259.238528464513,2320
2026-07-01 12:35:00,25259.238528464513,25266.41527205328,25232.06002720185,25234.74137331089,1976
2026-07-01 12:40:00,25234.74137331089,25256.601984738685,25208.59309921536,25225.131864112656,2523
2026-07-01 12:45:00,25225.131864112656,25290.509318983768,25215.704817865982,25288.366964463068,2138
2026-07-01 12:50:00,25288.366964463068,25300.97552223293,25256.284951155998,25262.904183482588,4878
2026-07-01 12:55:00,25262.904183482588,25264.16463043347,25260.338731876163,25263.920340788274,3048
2026-07-01 13:00:00,25263.920340788274,25322.105618847825,25251.530180444683,25310.679480420506,1552
2026-07-01 13:05:00,25310.679480420506,25311.697535694333,25288.032201546637,25294.485844532956,4756
2026-07-01 13:10:00,25294.485844532956,25306.829323827722,25230.7648875194,25239.305427864343,4671
2026-07-01 13:15:00,25239.305427864343,25246.72168824617,25180.127188019218,25187.958640139695,1481
2026-07-01 13:20:00,25187.958640139695,25194.263999263403,25166.238054196943,25171.954937363127,4681
2026-07-01 13:25:00,25171.954937363127,25175.503060461684,25122.948792910185,25136.45372604739,1599
2026-07-01 13:30:00,25136.45372604739,25159.715448814903,25123.849298232297,25157.310293070805,3810
2026-07-01 13:35:00,25157.310293070805,25170.399509467105,25150.888835659767,25162.70692066942,4581
2026-07-01 13:40:00,25162.70692066942,25165.577063231227,25110.470794342888,25119.75242283398,3382
2026-07-01 13:45:00,25119.75242283398,25124.797651597866,25082.385215259666,25087.692567281112,3512
2026-07-01 13:50:00,25087.692567281112,25116.097091068703,25079.310045335933,25112.58237802575,2164
2026-07-01 13:55:00,25112.58237802575,25118.952585305917,25110.6036310667,25116.462956184387,1582
2026-07-01 14:00:00,25116.462956184387,25149.42614952258,25105.521812330608,25145.269155027752,1136
2026-07-01 14:05:00,25145.269155027752,25178.929754470242,25143.995060502693,25167.77941659384,2003
2026-07-01 14:10:00,25167.77941659384,25170.244661727756,25141.935870937432,25144.61457556038,2982
2026-07-01 14:15:00,25144.61457556038,25186.102405079353,25142.921412374617,25162.355973223734,2634
2026-07-01 14:20:00,25162.355973223734,25185.348251657168,25148.130955999877,25173.686100331764,4734
2026-07-01 14:25:00,25173.686100331764,25178.533476998833,25129.39864585663,25134.179102316517,3997
2026-07-01 14:30:00,25134.179102316517,25135.173688391118,25106.391060195896,25106.79333650827,1686
2026-07-01 14:35:00,25106.79333650827,25156.008413836484,25096.91012613336,25155.755007848646,3214
2026-07-01 14:40:00,25155.755007848646,25159.222386952915,25129.995136314887,25137.086615399934,4414
2026-07-01 14:45:00,25137.086615399934,25148.547190551413,25135.73233833763,25145.3621689562,2433
2026-07-01 14:50:00,25145.3621689562,25147.392529985413,25132.63964270445,25141.526983267424,2792
2026-07-01 14:55:00,25141.526983267424,25150.735283027247,25122.994355830913,25145.222263822307,1909
2026-07-01 15:00:00,25145.222263822307,25153.485777782254,25142.279367288986,25142.71783854715,2759
2026-07-01 15:05:00,25142.71783854715,25164.479193561052,25141.721224942834,25162.131783961406,3034
2026-07-01 15:10:00,25162.131783961406,25183.43986420523,25155.251023308563,25181.033393057038,3927
2026-07-01 15:15:00,25181.033393057038,25192.6138451263,25176.183535202275,25183.4089630362,1841
2026-07-01 15:20:00,25183.4089630362,25192.72561450276,25159.24661336584,25165.18679139372,3112
2026-07-01 15:25:00,25165.18679139372,25173.07228782258,25149.755757368825,25153.73584945185,2604
2026-07-02 09:15:00,25153.73584945185,25181.302082862057,25147.923992979355,25174.324627049118,3321
2026-07-02 09:20:00,25174.324627049118,25199.304885061818,25168.304941850445,25189.04413858839,1844
2026-07-02 09:25:00,25189.04413858839,25196.663981996702,25175.644670401725,25187.29765237929,4981
2026-07-02 09:30:00,25187.29765237929,25188.839195700664,25168.714088896904,25176.21366504592,1138
2026-07-02 09:35:00,25176.21366504592,25182.783420280113,25169.790360357914,25172.505726643267,1102
2026-07-02 09:40:00,25172.505726643267,25177.568449537943,25151.074715513194,25152.147910755735,2265
2026-07-02 09:45:00,25152.147910755735,25158.368830014955,25140.7545987684,25150.59764721166,2140
2026-07-02 09:50:00,25150.59764721166,25158.23213824889,25087.961808504057,25093.36577058606,2237
2026-07-02 09:55:00,25093.36577058606,25096.507437209115,25087.42153623938,25095.146595833874,1483
2026-07-02 10:00:00,25095.146595833874,25099.189830781634,25086.31266962448,25097.43968877655,3576
2026-07-02 10:05:00,25097.43968877655,25118.505915005408,25090.11930633755,25114.40856303487,4762
2026-07-02 10:10:00,25114.40856303487,25132.224956328224,25105.98578061471,25120.432235364013,1223
2026-07-02 10:15:00,25120.432235364013,25144.9161854243,25113.628760166863,25140.0730926895,2293
2026-07-02 10:20:00,25140.0730926895,25152.95226142196,25136.54908617097,25151.075014341943,2848
2026-07-02 10:25:00,25151.075014341943,25178.599143937314,25143.551209294517,25171.930774085282,2884
2026-07-02 10:30:00,25171.930774085282,25229.813617283773,25169.378742297486,25224.719838277495,4205
2026-07-02 10:35:00,25224.719838277495,25233.849262057633,25220.683887724168,25233.195690063832,3161
2026-07-02 10:40:00,25233.195690063832,25243.214452393255,25229.938532729942,25236.91050386912,2464
2026-07-02 10:45:00,25236.91050386912,25261.554075557084,25229.55014726513,25260.87646178092,1643
2026-07-02 10:50:00,25260.87646178092,25264.212798963283,25240.19978444091,25251.414111263326,3698
2026-07-02 10:55:00,25251.414111263326,25259.696886409158,25230.07722271016,25249.006383555014,4436
2026-07-02 11:00:00,25249.006383555014,25265.692838057654,25241.01754996215,25257.510140198498,2255
2026-07-02 11:05:00,25257.510140198498,25260.245216335847,25237.577241945935,25258.973359038282,1457
2026-07-02 11:10:00,25258.973359038282,25260.815147391386,25255.34924532417,25260.345698071807,3422
2026-07-02 11:15:00,25260.345698071807,25292.5444759489,25246.21842580493,25278.528685054174,2627
2026-07-02 11:20:00,25278.528685054174,25287.08890815435,25241.819849683805,25244.2296683244,4850
2026-07-02 11:25:00,25244.2296683244,25288.89890955732,25240.68294354066,25285.296154722873,1610
2026-07-02 11:30:00,25285.296154722873,25305.389742387968,25272.27518305676,25295.125055407934,1206
2026-07-02 11:35:00,25295.125055407934,25295.68220948012,25284.174752881132,25287.025327093936,2543
2026-07-02 11:40:00,25287.025327093936,25336.08226707189,25279.778504374997,25319.96021919575,4539
2026-07-02 11:45:00,25319.96021919575,25322.839491362956,25315.152585536885,25322.05740163187,4953
2026-07-02 11:50:00,25322.05740163187,25340.290182474364,25312.55490999727,25324.688840212195,2466
2026-07-02 11:55:00,25324.688840212195,25329.282069254245,25309.49274093148,25320.339005150585,1916
2026-07-02 12:00:00,25320.339005150585,25353.398018091597,25316.809413205683,25350.069006050453,3368
2026-07-02 12:05:00,25350.069006050453,25351.004618000334,25339.523500031257,25349.879367676705,3140
2026-07-02 12:10:00,25349.879367676705,25351.80000980387,25329.45753068877,25338.554745779464,2431
2026-07-02 12:15:00,25338.554745779464,25368.20300331467,25336.801076325362,25358.80071661951,2181
2026-07-02 12:20:00,25358.80071661951,25392.068277500664,25354.010481065427,25382.799380323853,3919
2026-07-02 12:25:00,25382.799380323853,25427.73052966721,25381.143579587388,25415.423553530814,3146
2026-07-02 12:30:00,25415.423553530814,25429.881276928012,25401.839499428,25428.30610394426,3272
2026-07-02 12:35:00,25428.30610394426,25452.863841975213,25424.938642315934,25451.624196198445,1851
2026-07-02 12:40:00,25451.624196198445,25456.735454093403,25439.247159008686,25446.345464334703,1440
2026-07-02 12:45:00,25446.345464334703,25471.048907882658,25431.126294316422,25467.227741468396,1719
2026-07-02 12:50:00,25467.227741468396,25495.614281874798,25465.070997665887,25482.3557353152,1584
2026-07-02 12:55:00,25482.3557353152,25495.58638422067,25477.1087711509,25493.16963713652,3014
2026-07-02 13:00:00,25493.16963713652,25493.25412399219,25457.320875725814,25461.412800598584,4472
2026-07-02 13:05:00,25461.412800598584,25470.30964706945,25447.092554669285,25453.5060343755,4642
2026-07-02 13:10:00,25453.5060343755,25461.675385723767,25451.561471268407,25452.57514861679,4870
2026-07-02 13:15:00,25452.57514861679,25466.844149290504,25452.03137312766,25463.39953888232,1063
2026-07-02 13:20:00,25463.39953888232,25513.074407683394,25461.767781154394,25512.30428143214,1767
2026-07-02 13:25:00,25512.30428143214,25538.517908214435,25511.970960287956,25529.8413152289,1559
2026-07-02 13:30:00,25529.8413152289,25543.03080333981,25511.018492868643,25513.297705177934,4350
2026-07-02 13:35:00,25513.297705177934,25524.800186415458,25489.51285304062,25503.49562846362,2733
2026-07-02 13:40:00,25503.49562846362,25535.06107493877,25487.93872771012,25531.852734749267,1669
2026-07-02 13:45:00,25531.852734749267,25532.79971985074,25519.319585376994,25521.14528410332,4894
2026-07-02 13:50:00,25521.14528410332,25544.72999992012,25514.006860565245,25541.94408848957,2542
2026-07-02 13:55:00,25541.94408848957,25552.1243566628,25532.89608676382,25544.339352549356,2271
2026-07-02 14:00:00,25544.339352549356,25549.92302555451,25539.85963724666,25540.939116121965,3415
2026-07-02 14:05:00,25540.939116121965,25549.66208841048,25526.25064048731,25530.537509617134,3791
2026-07-02 14:10:00,25530.537509617134,25531.007477332085,25457.410695190843,25468.316025215623,1617
2026-07-02 14:15:00,25468.316025215623,25484.11742013767,25460.056576937008,25479.313266980513,4053
2026-07-02 14:20:00,25479.313266980513,25494.218332884848,25453.838389720797,25457.867231917113,2994
2026-07-02 14:25:00,25457.867231917113,25459.038231534207,25418.87932131849,25428.98034068442,2121
2026-07-02 14:30:00,25428.98034068442,25435.866213335183,25420.428095656207,25434.02086710296,2291
2026-07-02 14:35:00,25434.02086710296,25463.157192028957,25430.25322118158,25454.969199136205,2083
2026-07-02 14:40:00,25454.969199136205,25456.18697820953,25408.210930544526,25420.415441040805,3547
2026-07-02 14:45:00,25420.415441040805,25448.48734080024,25410.018262214016,25440.820825565657,4379
2026-07-02 14:50:00,25440.820825565657,25444.640500699643,25418.005174068585,25422.43818551854,4564
2026-07-02 14:55:00,25422.43818551854,25436.653891342874,25419.759978938528,25435.636113245462,4054
2026-07-02 15:00:00,25435.636113245462,25449.31898261813,25430.477916381307,25447.416866268264,3458
2026-07-02 15:05:00,25447.416866268264,25451.021554726696,25437.078955367982,25443.21003268798,4065
2026-07-02 15:10:00,25443.21003268798,25445.801442594377,25428.67687049372,25443.81808336666,2163
2026-07-02 15:15:00,25443.81808336666,25446.822559619515,25434.07873380421,25435.75340420255,2932
2026-07-02 15:20:00,25435.75340420255,25445.014325885164,25433.953867153017,25441.116019146575,2351
2026-07-02 15:25:00,25441.116019146575,25454.74766008692,25440.654236341008,25446.300024957123,1463
2026-07-03 09:15:00,25446.300024957123,25459.54854590996,25434.055153403617,25445.18073398257,3524
2026-07-03 09:20:00,25445.18073398257,25467.172117707596,25430.923407375583,25465.545767635944,4797
2026-07-03 09:25:00,25465.545767635944,25466.51026103132,25449.977454697546,25465.166060955253,3659
2026-07-03 09:30:00,25465.166060955253,25469.853927370918,25424.1328475178,25440.008847646433,1000
2026-07-03 09:35:00,25440.008847646433,25440.563013726056,25408.339397190008,25410.46608626927,2578
2026-07-03 09:40:00,25410.46608626927,25415.370792037982,25403.046352103505,25408.61986683251,1310
2026-07-03 09:45:00,25408.61986683251,25431.300444127242,25397.040356167647,25428.76148554174,3215
2026-07-03 09:50:00,25428.76148554174,25443.32215492127,25386.29319320378,25386.468988579134,3239
2026-07-03 09:55:00,25386.468988579134,25399.255203961617,25378.046266726364,25390.53996354082,4105
2026-07-03 10:00:00,25390.53996354082,25420.696989439464,25383.066987390877,25408.666313385493,4105
2026-07-03 10:05:00,25408.666313385493,25410.675291908363,25371.64637119748,25382.68951162441,4759
2026-07-03 10:10:00,25382.68951162441,25388.26893230362,25368.159930598435,25369.81608920913,4488
2026-07-03 10:15:00,25369.81608920913,25383.7621713582,25359.3337298421,25381.432764443827,1707
2026-07-03 10:20:00,25381.432764443827,25400.0586752663,25370.95842512296,25398.662451530658,2181
2026-07-03 10:25:00,25398.662451530658,25433.175948709715,25398.017774473654,25431.256010958445,2780
2026-07-03 10:30:00,25431.256010958445,25439.733716566385,25406.107938433994,25419.32690453642,2523
2026-07-03 10:35:00,25419.32690453642,25425.188210658598,25398.00419697818,25402.741772793433,3413
2026-07-03 10:40:00,25402.741772793433,25436.605024101842,25387.841120221536,25436.327966466204,2363
2026-07-03 10:45:00,25436.327966466204,25439.83442354281,25409.111469836127,25420.96560734319,1857
2026-07-03 10:50:00,25420.96560734319,25446.235808569076,25415.873650750138,25431.28215729665,4406
2026-07-03 10:55:00,25431.28215729665,25481.844244711883,25427.205761441477,25475.69768521322,4654
2026-07-03 11:00:00,25475.69768521322,25493.283084530274,25466.87170973577,25491.038308511896,3374
2026-07-03 11:05:00,25491.038308511896,25516.78975546508,25485.870248878797,25507.011405396574,3161
2026-07-03 11:10:00,25507.011405396574,25536.08853138908,25497.45028208337,25533.09112276545,3844
2026-07-03 11:15:00,25533.09112276545,25551.19019815131,25528.08994100091,25543.81231612028,1918
2026-07-03 11:20:00,25543.81231612028,25561.30234806266,25533.522940749237,25559.916574064628,4489
2026-07-03 11:25:00,25559.916574064628,25571.205806680482,25550.170192990397,25552.911324499437,4539
2026-07-03 11:30:00,25552.911324499437,25594.15658871881,25548.48819783011,25576.623658943394,4214
2026-07-03 11:35:00,25576.623658943394,25592.36841256634,25567.25899976209,25585.08402988679,1608
2026-07-03 11:40:00,25585.08402988679,25586.024903969592,25554.634051134522,25554.830812378957,1308
2026-07-03 11:45:00,25554.830812378957,25560.759919266377,25553.806149263964,25559.797524840575,3448
2026-07-03 11:50:00,25559.797524840575,25570.621401451408,25506.685390600796,25515.432912295943,2343
2026-07-03 11:55:00,25515.432912295943,25548.224492562564,25512.810274360054,25530.005551000333,1211
2026-07-03 12:00:00,25530.005551000333,25541.270123240414,25518.219317161453,25525.235493237175,3364
2026-07-03 12:05:00,25525.235493237175,25564.878063894746,25518.76539247036,25564.147237696063,1184
2026-07-03 12:10:00,25564.147237696063,25586.096650794494,25563.03101775531,25574.16084229024,2228
2026-07-03 12:15:00,25574.16084229024,25604.575040808286,25563.448900560794,25593.0689772153,2387
2026-07-03 12:20:00,25593.0689772153,25598.710019775423,25571.489338242613,25571.586702806537,2239
2026-07-03 12:25:00,25571.586702806537,25586.045199406737,25562.862291806672,25585.59123235518,1245
2026-07-03 12:30:00,25585.59123235518,25588.643471710744,25566.18889066434,25572.477940926343,1238
2026-07-03 12:35:00,25572.477940926343,25600.3054299149,25559.35733880625,25594.78773227158,2828
2026-07-03 12:40:00,25594.78773227158,25596.0151907146,25568.126404177023,25571.88854200406,2414
2026-07-03 12:45:00,25571.88854200406,25578.658627887642,25565.91008655523,25574.13492711474,1519
2026-07-03 12:50:00,25574.13492711474,25590.230556352813,25542.73212377028,25550.445453879885,2613
2026-07-03 12:55:00,25550.445453879885,25553.65413157213,25548.90028588267,25553.017054163152,4907
2026-07-03 13:00:00,25553.017054163152,25602.782145448567,25544.54306755045,25594.361568083834,1276
2026-07-03 13:05:00,25594.361568083834,25618.804885468937,25587.401760496592,25609.12988491071,2005
2026-07-03 13:10:00,25609.12988491071,25609.5392113364,25607.669552270927,25608.461414876037,3249
2026-07-03 13:15:00,25608.461414876037,25615.288966292792,25555.964464611476,25558.019729349246,1213
2026-07-03 13:20:00,25558.019729349246,25564.941432930216,25539.442343650197,25547.066847801827,1605
2026-07-03 13:25:00,25547.066847801827,25556.88546188862,25545.33649433467,25556.767654535997,1477
2026-07-03 13:30:00,25556.767654535997,25559.57129840598,25536.281690657124,25546.322957800076,1507
2026-07-03 13:35:00,25546.322957800076,25586.66043182784,25543.692754001826,25575.489710715097,2098
2026-07-03 13:40:00,25575.489710715097,25593.09575232943,25561.63119773734,25576.95340954524,3716
2026-07-03 13:45:00,25576.95340954524,25604.693834868973,25566.835162469048,25599.023151171285,3712
2026-07-03 13:50:00,25599.023151171285,25609.7193664765,25592.473851773742,25603.219360616928,2977
2026-07-03 13:55:00,25603.219360616928,25609.846569069687,25591.873170161383,25597.566535537266,1141
2026-07-03 14:00:00,25597.566535537266,25598.17895476318,25585.697382152743,25587.91468630918,4661
2026-07-03 14:05:00,25587.91468630918,25588.540263736068,25566.69877047052,25567.195557363586,3369
2026-07-03 14:10:00,25567.195557363586,25595.629468774307,25565.669995998447,25589.625416333467,2717
2026-07-03 14:15:00,25589.625416333467,25600.063822122796,25577.330605038253,25580.86328432148,1460
2026-07-03 14:20:00,25580.86328432148,25602.563068481402,25578.1518404062,25591.55192760086,3754
2026-07-03 14:25:00,25591.55192760086,25599.802727867125,25570.529489375516,25580.788223568878,1669
2026-07-03 14:30:00,25580.788223568878,25585.743768528413,25539.891880102372,25558.624437130173,4217
2026-07-03 14:35:00,25558.624437130173,25573.8724349797,25550.82735537369,25569.97534552098,3101
2026-07-03 14:40:00,25569.97534552098,25576.226238852105,25553.517625373024,25554.700785346333,4427
2026-07-03 14:45:00,25554.700785346333,25557.560811322594,25539.154516507806,25546.513319977596,3324
2026-07-03 14:50:00,25546.513319977596,25556.08387129845,25519.1992827063,25520.99361035719,2844
2026-07-03 14:55:00,25520.99361035719,25534.463714475678,25506.83588185169,25510.925614075044,2618
2026-07-03 15:00:00,25510.925614075044,25515.12284788019,25504.06152997633,25511.41761101661,1399
2026-07-03 15:05:00,25511.41761101661,25515.310529946968,25505.008975205386,25505.550169053928,1667
2026-07-03 15:10:00,25505.550169053928,25529.674250411605,25505.04910084347,25522.245625066542,3563
2026-07-03 15:15:00,25522.245625066542,25527.72755145395,25516.459654099177,25525.216837984994,2522
2026-07-03 15:20:00,25525.216837984994,25617.104191507977,25517.026613429374,25588.26032156543,2334
2026-07-03 15:25:00,25588.26032156543,25600.810901697776,25586.520234574597,25596.944989148513,2294
2026-07-06 09:15:00,25596.944989148513,25614.17024399649,25595.812586166725,25609.031399310956,1222
2026-07-06 09:20:00,25609.031399310956,25617.460781564514,25601.569515437848,25616.115077669398,2827
2026-07-06 09:25:00,25616.115077669398,25622.553204685035,25606.81054576058,25616.589626162204,3313
2026-07-06 09:30:00,25616.589626162204,25642.789193176803,25611.675410534244,25633.795778794312,2305
2026-07-06 09:35:00,25633.795778794312,25640.799818091717,25606.5197712758,25609.98597649183,1787
2026-07-06 09:40:00,25609.98597649183,25652.651457796677,25608.893028025737,25647.773071264663,3428
2026-07-06 09:45:00,25647.773071264663,25649.985415752184,25632.36578932803,25637.50051812916,1555
2026-07-06 09:50:00,25637.50051812916,25638.964648069494,25628.586867832208,25635.687205669507,3109
2026-07-06 09:55:00,25635.687205669507,25674.78189624588,25635.585718092887,25673.829555367145,3760
2026-07-06 10:00:00,25673.829555367145,25678.33040995199,25646.158304287826,25659.25832123055,1846
2026-07-06 10:05:00,25659.25832123055,25687.664779101935,25648.50056377643,25680.258730707214,3568
2026-07-06 10:10:00,25680.258730707214,25680.673863013624,25666.037438844225,25675.855656652988,2094
2026-07-06 10:15:00,25675.855656652988,25681.57758931859,25650.801539406515,25658.56379834877,3649
2026-07-06 10:20:00,25658.56379834877,25667.592908998,25637.624456696132,25650.686841109382,2559
2026-07-06 10:25:00,25650.686841109382,25667.827625528447,25647.21206753635,25662.307221902764,1139
2026-07-06 10:30:00,25662.307221902764,25699.598909318473,25660.838849680636,25683.12995323002,4387
2026-07-06 10:35:00,25683.12995323002,25693.60446179168,25680.799889767448,25687.765366157597,2363
2026-07-06 10:40:00,25687.765366157597,25692.778131766092,25653.176645655112,25654.92728487922,4959
2026-07-06 10:45:00,25654.92728487922,25668.413680456993,25653.08018010236,25667.970899486667,1589
2026-07-06 10:50:00,25667.970899486667,25673.55721372945,25660.947228370544,25665.052310850817,2749
2026-07-06 10:55:00,25665.052310850817,25669.191722965017,25641.16063194718,25642.41608854484,3575
2026-07-06 11:00:00,25642.41608854484,25649.914061023166,25638.044922007288,25649.52198401958,1540
2026-07-06 11:05:00,25649.52198401958,25676.550520879184,25648.223549995822,25672.787937347497,4487
2026-07-06 11:10:00,25672.787937347497,25681.302530078578,25667.10731259586,25672.92593264917,4538
2026-07-06 11:15:00,25672.92593264917,25706.145481269894,25663.161903483433,25691.88965409517,3422
2026-07-06 11:20:00,25691.88965409517,25705.57343563635,25680.5180966993,25701.39351640984,1290
2026-07-06 11:25:00,25701.39351640984,25715.417380147792,25700.85705945693,25711.166302586946,3090
2026-07-06 11:30:00,25711.166302586946,25717.466231045877,25691.79598462487,25704.882761945515,4935
2026-07-06 11:35:00,25704.882761945515,25729.868974335994,25689.982031702228,25721.71836078405,4958
2026-07-06 11:40:00,25721.71836078405,25758.108102042806,25710.5334796245,25740.529761418882,4124
2026-07-06 11:45:00,25740.529761418882,25758.48793145657,25736.925097985117,25756.852713524433,4859
2026-07-06 11:50:00,25756.852713524433,25757.3023634818,25749.856019250397,25750.386986515434,4954
2026-07-06 11:55:00,25750.386986515434,25788.908843819972,25741.443696375205,25770.679934736963,2255
2026-07-06 12:00:00,25770.679934736963,25780.40573697929,25761.89345730695,25778.644404703038,2235
2026-07-06 12:05:00,25778.644404703038,25782.72815114148,25751.870050587957,25758.592218850423,1007
2026-07-06 12:10:00,25758.592218850423,25767.909570330197,25741.471788530343,25750.730855502097,2657
2026-07-06 12:15:00,25750.730855502097,25755.756026300744,25739.26022689614,25739.80412051111,1482
2026-07-06 12:20:00,25739.80412051111,25746.161700030727,25690.620857633807,25698.86965947879,3089
2026-07-06 12:25:00,25698.86965947879,25723.90357365661,25693.713912270527,25719.498924431708,1332
2026-07-06 12:30:00,25719.498924431708,25784.739627197006,25708.911597934057,25783.307699191635,2256
2026-07-06 12:35:00,25783.307699191635,25815.829135190168,25781.00462816531,25808.23186380113,4141
2026-07-06 12:40:00,25808.23186380113,25812.19707375877,25800.703544203676,25811.594352769895,4950
2026-07-06 12:45:00,25811.594352769895,25820.133535966645,25790.10326723213,25800.94306970225,2039
2026-07-06 12:50:00,25800.94306970225,25809.03907655081,25781.226605290685,25781.848643307243,3116
2026-07-06 12:55:00,25781.848643307243,25786.13844928505,25780.122345228065,25784.955776391656,3100
2026-07-06 13:00:00,25784.955776391656,25821.238257931276,25781.82315073615,25804.929968889574,1684
2026-07-06 13:05:00,25804.929968889574,25817.243292586987,25788.279641176166,25791.00392653959,1993
2026-07-06 13:10:00,25791.00392653959,25856.53984331394,25779.352092390964,25843.91180198589,2797
2026-07-06 13:15:00,25843.91180198589,25853.835644728886,25805.794671889445,25815.297564820736,4450
2026-07-06 13:20:00,25815.297564820736,25821.64213849219,25813.600319807785,25819.93395518958,2824
2026-07-06 13:25:00,25819.93395518958,25826.04542095661,25818.571596633912,25821.385951538938,4534
2026-07-06 13:30:00,25821.385951538938,25830.273802298398,25807.409968032454,25821.522834226067,3574
2026-07-06 13:35:00,25821.522834226067,25821.801618385205,25802.900287921475,25809.771874348087,2805
2026-07-06 13:40:00,25809.771874348087,25812.50898738476,25804.487005270545,25811.474625394985,2702
2026-07-06 13:45:00,25811.474625394985,25812.547303454052,25796.273130350783,25802.18722026492,1062
2026-07-06 13:50:00,25802.18722026492,25837.600669143663,25794.91912410449,25828.771511044826,1260
2026-07-06 13:55:00,25828.771511044826,25864.875872176177,25814.239894988357,25862.261593821942,4571
2026-07-06 14:00:00,25862.261593821942,25866.669166751555,25849.264886194633,25854.222708097095,4192
2026-07-06 14:05:00,25854.222708097095,25859.236699398032,25816.24922488351,25820.19915752073,1857
2026-07-06 14:10:00,25820.19915752073,25835.131879702367,25815.718939767772,25826.7605271178,2263
2026-07-06 14:15:00,25826.7605271178,25833.167862261766,25825.57704708538,25832.57866423236,2488
2026-07-06 14:20:00,25832.57866423236,25855.169365073478,25825.21297061288,25834.752988428914,2130
2026-07-06 14:25:00,25834.752988428914,25854.674896367058,25825.673204092556,25845.767949950525,3030
2026-07-06 14:30:00,25845.767949950525,25880.133747129858,25833.09939610741,25874.333267731174,1179
2026-07-06 14:35:00,25874.333267731174,25892.304421601555,25873.955055072845,25891.57534756854,4087
2026-07-06 14:40:00,25891.57534756854,25925.446702499765,25889.59861320641,25902.58310567135,1354
2026-07-06 14:45:00,25902.58310567135,25929.30003601223,25898.132416840566,25918.205793712506,1933
2026-07-06 14:50:00,25918.205793712506,25925.836299378632,25914.67178378064,25923.42003533565,4380
2026-07-06 14:55:00,25923.42003533565,25924.786226434135,25902.36126275476,25903.81278518115,3774
2026-07-06 15:00:00,25903.81278518115,25942.07645802992,25893.73665202267,25933.87066632554,1588
2026-07-06 15:05:00,25933.87066632554,25937.85177920018,25928.653118593873,25935.99897753103,2760
2026-07-06 15:10:00,25935.99897753103,25938.53663993599,25913.501982222195,25916.371873678585,1604
2026-07-06 15:15:00,25916.371873678585,25921.836631795053,25886.19121481394,25892.98537891984,3228
2026-07-06 15:20:00,25892.98537891984,25895.64856369825,25869.16170534397,25873.97373018637,1173
2026-07-06 15:25:00,25873.97373018637,25883.37830760032,25843.23029882699,25848.457737982204,3401
2026-07-07 09:15:00,25848.457737982204,25855.09345558109,25826.672649644614,25828.906722505126,1803
2026-07-07 09:20:00,25828.906722505126,25832.012689638777,25792.04549015039,25805.37936077432,3436
2026-07-07 09:25:00,25805.37936077432,25846.053125864837,25799.83596941817,25834.60067045789,3623
2026-07-07 09:30:00,25834.60067045789,25838.069597709557,25832.676794083738,25836.788811398757,4334
2026-07-07 09:35:00,25836.788811398757,25853.186798891667,25836.058953685322,25851.317123608445,2989
2026-07-07 09:40:00,25851.317123608445,25869.433565102645,25829.85998925844,25851.255345781028,3679
2026-07-07 09:45:00,25851.255345781028,25864.86171269906,25826.62010562758,25828.725014104377,4349
2026-07-07 09:50:00,25828.725014104377,25869.82651695853,25823.523126164935,25849.23170679802,3761
2026-07-07 09:55:00,25849.23170679802,25864.42335197793,25844.723789277454,25858.553321172865,2069
2026-07-07 10:00:00,25858.553321172865,25872.728835601854,25854.792306212996,25854.80052158591,2191
2026-07-07 10:05:00,25854.80052158591,25870.79456461055,25854.79519875387,25863.77049367129,4516
2026-07-07 10:10:00,25863.77049367129,25888.01214095614,25855.980139994095,25880.686300507605,3669
2026-07-07 10:15:00,25880.686300507605,25899.465872101813,25874.799098889973,25894.355569191113,1045
2026-07-07 10:20:00,25894.355569191113,25899.526563807427,25853.012738349953,25858.90461751562,3771
2026-07-07 10:25:00,25858.90461751562,25859.588414944,25826.308144351784,25828.07662886481,1539
2026-07-07 10:30:00,25828.07662886481,25852.3263889231,25822.834649410757,25843.219095647662,1086
2026-07-07 10:35:00,25843.219095647662,25848.481015354606,25822.773115187665,25828.82710795882,3850
2026-07-07 10:40:00,25828.82710795882,25835.777463537157,25806.545406612993,25807.159561152126,2408
2026-07-07 10:45:00,25807.159561152126,25818.23365713461,25804.99795231585,25814.841923736476,4740
2026-07-07 10:50:00,25814.841923736476,25822.77402621118,25786.52400872786,25792.559710610538,1264
2026-07-07 10:55:00,25792.559710610538,25803.375655472024,25781.039766160142,25782.67308793717,4848
2026-07-07 11:00:00,25782.67308793717,25814.72947782647,25780.301765703967,25800.25212386745,4093
2026-07-07 11:05:00,25800.25212386745,25808.779486810286,25758.122100185148,25768.999931331236,4839
2026-07-07 11:10:00,25768.999931331236,25776.944561963766,25739.10162582248,25740.792900347526,1702
2026-07-07 11:15:00,25740.792900347526,25742.4264428185,25702.931236613837,25707.618239931075,2473
2026-07-07 11:20:00,25707.618239931075,25710.85142781142,25679.536324083172,25689.907442563956,3279
2026-07-07 11:25:00,25689.907442563956,25698.27466615561,25689.035391303623,25691.607400032382,1185
2026-07-07 11:30:00,25691.607400032382,25693.00649374851,25676.335762464412,25678.88927475744,1325
2026-07-07 11:35:00,25678.88927475744,25713.912019984793,25672.662293577443,25709.772742088742,2206
2026-07-07 11:40:00,25709.772742088742,25725.424431557476,25697.604064216837,25719.13747029068,1396
2026-07-07 11:45:00,25719.13747029068,25719.85900394682,25710.80546436037,25718.75028303985,2504
2026-07-07 11:50:00,25718.75028303985,25747.49640669689,25711.915417827622,25744.82722247674,2426
2026-07-07 11:55:00,25744.82722247674,25747.777989295377,25717.231712313354,25717.41810528999,4534
2026-07-07 12:00:00,25717.41810528999,25752.731011404536,25711.246450570747,25735.24689104619,2440
2026-07-07 12:05:00,25735.24689104619,25741.79149539184,25728.668907916086,25730.38275157124,4273
2026-07-07 12:10:00,25730.38275157124,25733.707684316603,25716.872975789578,25721.01025084745,2088
2026-07-07 12:15:00,25721.01025084745,25747.143769654132,25713.233931985218,25733.584146841386,1955
2026-07-07 12:20:00,25733.584146841386,25736.940861782005,25718.71809422006,25725.091887419687,4979
2026-07-07 12:25:00,25725.091887419687,25732.92584937866,25724.510896164913,25728.835475576438,1554
2026-07-07 12:30:00,25728.835475576438,25739.644151729466,25712.65215603674,25726.77900357545,3780
2026-07-07 12:35:00,25726.77900357545,25733.5771310474,25724.00817822166,25733.086217215667,2040
2026-07-07 12:40:00,25733.086217215667,25744.62466209359,25712.703882848455,25722.647221685776,4907
2026-07-07 12:45:00,25722.647221685776,25744.436772767353,25717.02324822292,25741.718246679786,3844
2026-07-07 12:50:00,25741.718246679786,25743.7300703381,25693.907081890484,25699.621704784357,4254
2026-07-07 12:55:00,25699.621704784357,25724.02735133326,25682.499044448014,25712.79826176106,3438
2026-07-07 13:00:00,25712.79826176106,25712.836894247128,25669.205035896997,25673.89500899072,1043
2026-07-07 13:05:00,25673.89500899072,25683.196458098188,25651.113745867624,25658.419849170048,1900
2026-07-07 13:10:00,25658.419849170048,25674.447980977362,25649.40415158462,25669.142175532186,2723
2026-07-07 13:15:00,25669.142175532186,25677.802379083758,25613.06190268984,25627.79083912143,4973
2026-07-07 13:20:00,25627.79083912143,25632.744823252335,25625.678875638434,25631.20406608488,1481
2026-07-07 13:25:00,25631.20406608488,25632.207474050134,25599.986245372285,25603.084669846874,3036
2026-07-07 13:30:00,25603.084669846874,25613.155805782757,25582.073758731054,25583.235727957486,2286
2026-07-07 13:35:00,25583.235727957486,25589.917460198758,25556.91299121182,25562.460629641253,2197
2026-07-07 13:40:00,25562.460629641253,25565.014623188094,25532.71968182974,25534.98951000966,2464
2026-07-07 13:45:00,25534.98951000966,25535.578836668734,25493.18764861982,25499.65704322073,1565
2026-07-07 13:50:00,25499.65704322073,25546.657561127202,25490.27935779939,25541.908699152016,3267
2026-07-07 13:55:00,25541.908699152016,25544.74982219003,25533.015054239273,25538.18016323584,4629
2026-07-07 14:00:00,25538.18016323584,25539.128782205742,25501.923011922416,25512.89894932976,4465
2026-07-07 14:05:00,25512.89894932976,25520.53770726266,25499.189023966468,25501.42582037979,1771
2026-07-07 14:10:00,25501.42582037979,25504.23024933372,25491.224738230376,25502.17374717661,2218
2026-07-07 14:15:00,25502.17374717661,25511.017441734493,25483.958686779344,25494.44771465684,3456
2026-07-07 14:20:00,25494.44771465684,25499.00629320413,25454.62717842867,25468.609769555405,1470
2026-07-07 14:25:00,25468.609769555405,25475.49340715451,25448.43541444068,25450.288024943304,2370
2026-07-07 14:30:00,25450.288024943304,25490.364691071667,25445.811229865783,25474.429484255255,4533
2026-07-07 14:35:00,25474.429484255255,25476.153612685288,25439.13455988278,25445.842834413615,4132
2026-07-07 14:40:00,25445.842834413615,25451.74249115786,25402.82508197432,25405.19114857431,3213
2026-07-07 14:45:00,25405.19114857431,25410.09562481525,25396.184808672806,25397.306295622166,1671
2026-07-07 14:50:00,25397.306295622166,25399.25762586644,25357.44190377366,25358.057981556023,2174
2026-07-07 14:55:00,25358.057981556023,25362.395627000114,25338.743781518173,25339.601912166083,1110
2026-07-07 15:00:00,25339.601912166083,25339.974038027518,25310.102045311585,25314.223039984627,4559
2026-07-07 15:05:00,25314.223039984627,25316.436308128435,25278.69356122188,25289.046756343956,3596
2026-07-07 15:10:00,25289.046756343956,25297.965325563524,25287.383812777058,25290.453429918307,2026
2026-07-07 15:15:00,25290.453429918307,25300.82480051174,25279.451766254544,25295.654299774,4554
2026-07-07 15:20:00,25295.654299774,25311.916455218852,25274.72841804987,25279.345652304284,4084
2026-07-07 15:25:00,25279.345652304284,25293.776940354706,25272.778184905364,25277.436917123727,4233
2026-07-08 09:15:00,25277.436917123727,25285.60147137957,25259.84639082109,25264.42137922194,3347
2026-07-08 09:20:00,25264.42137922194,25267.050040779934,25248.44929990027,25263.909458365117,3455
2026-07-08 09:25:00,25263.909458365117,25271.556103938474,25227.488801814343,25230.036142496443,4708
2026-07-08 09:30:00,25230.036142496443,25235.556348738053,25224.889426701964,25229.974072029774,1374
2026-07-08 09:35:00,25229.974072029774,25230.452625644255,25219.86323930303,25226.02800617211,3280
2026-07-08 09:40:00,25226.02800617211,25253.25712594027,25223.599842067004,25242.005523669828,4834
2026-07-08 09:45:00,25242.005523669828,25273.954251877985,25232.6021376555,25261.42209027783,2922
2026-07-08 09:50:00,25261.42209027783,25271.54768898677,25253.53647633137,25268.64228087979,1637
2026-07-08 09:55:00,25268.64228087979,25284.9330878943,25267.716687555625,25268.70038603874,2770
2026-07-08 10:00:00,25268.70038603874,25284.219979245063,25261.587751170115,25276.058943739736,3697
2026-07-08 10:05:00,25276.058943739736,25283.315483094957,25250.63104813109,25260.027292576306,4008
2026-07-08 10:10:00,25260.027292576306,25263.041796625523,25252.331717772024,25258.356556202212,4120
2026-07-08 10:15:00,25258.356556202212,25268.651771302983,25252.027673935103,25258.69534186837,4963
2026-07-08 10:20:00,25258.69534186837,25276.533401923574,25256.478312362808,25257.17809829305,3233
2026-07-08 10:25:00,25257.17809829305,25263.737419822726,25250.120929698576,25253.72239158949,4276
2026-07-08 10:30:00,25253.72239158949,25257.502436931656,25239.26175891404,25241.170903915216,3125
2026-07-08 10:35:00,25241.170903915216,25247.26317464523,25214.82289483059,25220.46097532363,2504
2026-07-08 10:40:00,25220.46097532363,25227.53350516997,25214.155175850745,25216.32299867153,4457
2026-07-08 10:45:00,25216.32299867153,25244.677821525936,25213.661163969016,25228.312849099297,1193
2026-07-08 10:50:00,25228.312849099297,25233.635349142645,25181.84080746209,25193.247412397333,4174
2026-07-08 10:55:00,25193.247412397333,25199.796982283464,25183.078861622664,25183.224900614117,4688
2026-07-08 11:00:00,25183.224900614117,25234.79252473014,25177.961772381233,25224.910109627086,2399
2026-07-08 11:05:00,25224.910109627086,25232.169389143608,25218.875056928155,25221.01585233143,3334
2026-07-08 11:10:00,25221.01585233143,25237.375511836206,25214.527907094376,25224.06960793611,4907
2026-07-08 11:15:00,25224.06960793611,25272.180255040355,25218.91245429741,25261.173786805033,2505
2026-07-08 11:20:00,25261.173786805033,25268.636080811382,25249.904813307276,25267.629234759366,2746
2026-07-08 11:25:00,25267.629234759366,25282.379053955166,25260.521601224875,25274.54788610834,1249
2026-07-08 11:30:00,25274.54788610834,25274.553733883655,25247.161429868673,25256.14504955088,4876
2026-07-08 11:35:00,25256.14504955088,25264.82176893538,25251.437440861657,25262.46561980516,2224
2026-07-08 11:40:00,25262.46561980516,25265.850977943002,25253.601377174247,25262.16657113059,1535
2026-07-08 11:45:00,25262.16657113059,25282.425353432987,25258.065733534084,25280.858826136613,4532
2026-07-08 11:50:00,25280.858826136613,25307.19750041779,25278.219178607033,25306.69227932801,3347
2026-07-08 11:55:00,25306.69227932801,25312.680040998515,25293.280768215223,25307.305954671985,4549
2026-07-08 12:00:00,25307.305954671985,25320.46690990101,25304.279952246205,25315.041810004757,2106
2026-07-08 12:05:00,25315.041810004757,25315.518734487403,25275.391212645587,25276.768011430835,3856
2026-07-08 12:10:00,25276.768011430835,25280.045831562067,25228.42686977629,25231.55996930714,1457
2026-07-08 12:15:00,25231.55996930714,25263.63725553872,25227.476986993097,25253.62632474287,3738
2026-07-08 12:20:00,25253.62632474287,25257.65377726869,25193.28609833887,25203.22216923009,4369
2026-07-08 12:25:00,25203.22216923009,25209.942307369165,25200.248654213345,25209.822112166246,2387
2026-07-08 12:30:00,25209.822112166246,25217.599507814277,25200.704843992302,25206.31985931806,3765
2026-07-08 12:35:00,25206.31985931806,25234.782411704644,25200.794059140742,25231.150154516425,1039
2026-07-08 12:40:00,25231.150154516425,25232.652728558838,25220.95559357238,25230.440144616085,4887
2026-07-08 12:45:00,25230.440144616085,25270.310879535915,25221.7031049822,25266.817467148194,4696
2026-07-08 12:50:00,25266.817467148194,25274.313064639457,25259.446944285955,25262.695975742725,4411
2026-07-08 12:55:00,25262.695975742725,25291.671263644967,25258.485583882033,25285.86386677607,2539
2026-07-08 13:00:00,25285.86386677607,25286.637787704254,25248.770083814834,25255.556504858727,3155
2026-07-08 13:05:00,25255.556504858727,25263.356667035736,25203.319439930965,25209.04511123964,4387
2026-07-08 13:10:00,25209.04511123964,25212.35556756836,25195.438976095138,25208.476149942922,4185
2026-07-08 13:15:00,25208.476149942922,25213.6369090113,25173.82329193425,25180.23062978668,4238
2026-07-08 13:20:00,25180.23062978668,25183.592428079904,25169.456052753332,25179.023459362277,1260
2026-07-08 13:25:00,25179.023459362277,25190.540225333625,25165.34962483102,25170.700370315735,2641
2026-07-08 13:30:00,25170.700370315735,25183.76458012467,25168.49913149042,25182.885874460426,2247
2026-07-08 13:35:00,25182.885874460426,25187.077890677847,25154.319107150804,25161.44266793583,4333
2026-07-08 13:40:00,25161.44266793583,25173.719173286314,25153.794651122702,25169.990593120514,4322
2026-07-08 13:45:00,25169.990593120514,25195.761776101517,25164.267577749208,25187.38707046874,3573
2026-07-08 13:50:00,25187.38707046874,25191.188389949635,25181.599471106852,25183.24213328836,3757
2026-07-08 13:55:00,25183.24213328836,25210.566737490986,25176.608515698506,25192.876860476663,1125
2026-07-08 14:00:00,25192.876860476663,25203.221808576433,25168.144428929423,25173.1544877389,2229
2026-07-08 14:05:00,25173.1544877389,25187.760313329065,25154.798951007713,25165.448372748342,4211
2026-07-08 14:10:00,25165.448372748342,25166.562587824086,25128.81011993491,25138.429329488357,4133
2026-07-08 14:15:00,25138.429329488357,25188.773919927415,25134.727770650843,25185.46378387995,2306
2026-07-08 14:20:00,25185.46378387995,25211.4623906803,25181.743696006724,25210.221978868074,3101
2026-07-08 14:25:00,25210.221978868074,25253.647503346543,25199.118965006663,25243.70355926703,3393
2026-07-08 14:30:00,25243.70355926703,25276.008636840874,25239.99607351657,25268.22910855122,4595
2026-07-08 14:35:00,25268.22910855122,25277.139574228528,25251.61708863206,25254.823620849016,1135
2026-07-08 14:40:00,25254.823620849016,25262.710578398135,25220.736941088784,25223.820368394943,3377
2026-07-08 14:45:00,25223.820368394943,25226.316689839256,25215.219245318185,25215.26297325507,4215
2026-07-08 14:50:00,25215.26297325507,25226.839397734286,25206.69480732974,25224.8509635124,2459
2026-07-08 14:55:00,25224.8509635124,25233.855645092117,25212.891811735735,25218.99369750615,4353
2026-07-08 15:00:00,25218.99369750615,25219.620708941104,25165.706822451724,25173.90630081923,1135
2026-07-08 15:05:00,25173.90630081923,25189.37334680241,25171.801791263108,25188.951736779272,4560
2026-07-08 15:10:00,25188.951736779272,25202.711545389793,25150.51766819899,25156.745950964334,1812
2026-07-08 15:15:00,25156.745950964334,25166.447013379468,25146.456828339564,25148.246191835795,4804
2026-07-08 15:20:00,25148.246191835795,25185.20270713102,25131.95032123996,25183.32868647222,1851
2026-07-08 15:25:00,25183.32868647222,25184.987000703713,25181.844332347606,25184.317217504493,2744
2026-07-09 09:15:00,25184.317217504493,25193.761048297536,25153.207050985504,25154.395232570965,2812
2026-07-09 09:20:00,25154.395232570965,25159.736126969736,25140.50343171755,25144.452821195533,3324
2026-07-09 09:25:00,25144.452821195533,25182.86779737285,25143.468749347165,25169.416632014887,2095
2026-07-09 09:30:00,25169.416632014887,25174.0622511867,25147.198116597578,25149.057264476924,2152
2026-07-09 09:35:00,25149.057264476924,25154.50454908669,25127.344551787075,25128.944465410827,4429
2026-07-09 09:40:00,25128.944465410827,25135.98835103786,25112.15786298351,25127.065272920532,3745
2026-07-09 09:45:00,25127.065272920532,25144.439525476682,25079.590673666105,25083.18057245036,2548
2026-07-09 09:50:00,25083.18057245036,25101.525553305288,25058.279593514002,25062.321865800255,2864
2026-07-09 09:55:00,25062.321865800255,25062.493363759528,25044.208017178713,25057.585514157858,4291
2026-07-09 10:00:00,25057.585514157858,25063.579545837227,25042.5335793743,25048.339585934827,4077
2026-07-09 10:05:00,25048.339585934827,25050.3970654864,25024.99522096702,25028.536268441247,1750
2026-07-09 10:10:00,25028.536268441247,25075.46547971829,25010.169472584857,25069.29067321193,1982
2026-07-09 10:15:00,25069.29067321193,25103.78423011273,25063.850099083378,25096.63144699284,3671
2026-07-09 10:20:00,25096.63144699284,25132.310261344268,25089.227295675653,25131.056026209153,1227
2026-07-09 10:25:00,25131.056026209153,25132.852446871537,25127.734841831178,25129.064756065447,3043
2026-07-09 10:30:00,25129.064756065447,25142.326613498146,25110.04597604005,25119.242588913505,2977
2026-07-09 10:35:00,25119.242588913505,25156.09944357086,25117.30147411623,25151.4286472647,3064
2026-07-09 10:40:00,25151.4286472647,25157.512128877468,25145.359267162836,25153.143096651114,2608
2026-07-09 10:45:00,25153.143096651114,25159.6203111498,25117.7432760376,25131.80337752577,1011
2026-07-09 10:50:00,25131.80337752577,25134.985044055138,25108.707503570487,25111.878263472194,4669
2026-07-09 10:55:00,25111.878263472194,25123.960829298467,25101.387355822033,25105.36067217421,2522
2026-07-09 11:00:00,25105.36067217421,25112.896020847325,25097.765377060125,25104.918405930268,1691
2026-07-09 11:05:00,25104.918405930268,25109.35154326139,25096.92281718378,25106.554463903296,4705
2026-07-09 11:10:00,25106.554463903296,25120.199124301675,25097.677831450674,25102.86712074958,2739
2026-07-09 11:15:00,25102.86712074958,25160.808851437712,25102.1519244735,25149.851738477006,2525
2026-07-09 11:20:00,25149.851738477006,25153.486641980868,25119.26962287276,25122.627104489788,1069
2026-07-09 11:25:00,25122.627104489788,25139.199177869257,25106.84451923478,25136.147323805177,3155
2026-07-09 11:30:00,25136.147323805177,25144.459423740955,25109.32002094075,25126.546266131743,3248
2026-07-09 11:35:00,25126.546266131743,25128.18417220868,25121.43160580495,25125.766629825197,4123
2026-07-09 11:40:00,25125.766629825197,25151.376405695322,25125.163902268585,25144.67116474236,2572
2026-07-09 11:45:00,25144.67116474236,25145.73283663148,25107.778369908374,25108.80985918961,1628
2026-07-09 11:50:00,25108.80985918961,25108.963294238805,25088.933087935304,25089.810118314304,4330
2026-07-09 11:55:00,25089.810118314304,25099.632367382677,25086.779982141135,25087.127327434475,4553
2026-07-09 12:00:00,25087.127327434475,25126.169704921424,25085.904947232062,25116.75526042888,2287
2026-07-09 12:05:00,25116.75526042888,25153.87049380133,25114.937081357544,25146.312250306386,1905
2026-07-09 12:10:00,25146.312250306386,25175.436907629144,25142.83072074734,25172.007786944527,3350
2026-07-09 12:15:00,25172.007786944527,25178.455692962485,25114.33921406471,25127.83820695,3984
2026-07-09 12:20:00,25127.83820695,25134.0618839643,25093.314454495787,25106.73546307781,1575
2026-07-09 12:25:00,25106.73546307781,25114.558788479597,25084.21134955116,25086.47663476059,4625
2026-07-09 12:30:00,25086.47663476059,25087.97661143444,25081.640330693295,25085.368108609655,3602
2026-07-09 12:35:00,25085.368108609655,25090.183458754782,25044.984473328823,25048.18102646392,3172
2026-07-09 12:40:00,25048.18102646392,25074.203043852594,25038.306344686393,25070.18127542426,4976
2026-07-09 12:45:00,25070.18127542426,25070.779089265867,25023.02365970466,25030.181548994475,4341
2026-07-09 12:50:00,25030.181548994475,25053.35948686224,25029.845633852656,25050.856998441424,3020
2026-07-09 12:55:00,25050.856998441424,25069.842283150643,25047.57086515635,25068.309205065914,1858
2026-07-09 13:00:00,25068.309205065914,25076.96115435877,25043.853952976144,25046.361699782887,1744
2026-07-09 13:05:00,25046.361699782887,25075.31301305761,25041.119843841458,25071.647596438605,3527
2026-07-09 13:10:00,25071.647596438605,25076.957752632377,25058.790165949442,25064.9642843523,3179
2026-07-09 13:15:00,25064.9642843523,25073.00333067599,25049.67544531221,25053.079501120264,4073
2026-07-09 13:20:00,25053.079501120264,25059.502936001783,25040.983203518514,25044.632654746125,1114
2026-07-09 13:25:00,25044.632654746125,25049.075467189235,25037.300462338644,25037.907018184218,1480
2026-07-09 13:30:00,25037.907018184218,25046.249810018755,25019.768831466576,25033.02614931965,1980
2026-07-09 13:35:00,25033.02614931965,25041.274729811572,25020.91096189554,25028.600844561857,2024
2026-07-09 13:40:00,25028.600844561857,25032.180568022293,25008.768002236462,25010.774155279178,3378
2026-07-09 13:45:00,25010.774155279178,25018.790165485712,24997.376505010147,24997.60456091952,2600
2026-07-09 13:50:00,24997.60456091952,25000.524219990886,24982.30964969917,24986.173606777786,1941
2026-07-09 13:55:00,24986.173606777786,25020.123036384935,24985.879312361336,25019.609710841967,1954
2026-07-09 14:00:00,25019.609710841967,25023.316010747425,25005.456468296594,25008.177700455282,2660
2026-07-09 14:05:00,25008.177700455282,25023.478176827655,24992.488646781425,24995.466254147097,1767
2026-07-09 14:10:00,24995.466254147097,25032.851338098764,24993.95555908226,25025.787330534662,3438
2026-07-09 14:15:00,25025.787330534662,25026.221199254927,25016.202717551238,25019.340510398524,1833
2026-07-09 14:20:00,25019.340510398524,25020.11587744588,24999.04843114212,25001.522101826566,3190
2026-07-09 14:25:00,25001.522101826566,25013.396242974024,24971.305569020962,24979.381608593605,3375
2026-07-09 14:30:00,24979.381608593605,24986.911404633174,24950.263733912776,24951.00182502896,2781
2026-07-09 14:35:00,24951.00182502896,24968.5240541313,24946.137415794383,24961.80431085713,1627
2026-07-09 14:40:00,24961.80431085713,24963.927254699705,24923.621981843127,24925.772430172277,1376
2026-07-09 14:45:00,24925.772430172277,24957.992204696166,24914.699796212535,24952.619235998416,4886
2026-07-09 14:50:00,24952.619235998416,24967.77935652228,24940.67928985062,24950.796071096054,1089
2026-07-09 14:55:00,24950.796071096054,24958.893345085326,24933.461560177362,24942.07178806195,3855
2026-07-09 15:00:00,24942.07178806195,24955.551533327787,24934.00625526496,24937.515259870685,2020
2026-07-09 15:05:00,24937.515259870685,24948.682083839874,24929.264627754746,24946.753245789805,2065
2026-07-09 15:10:00,24946.753245789805,24952.42189379149,24934.1165823663,24937.37647903763,2970
2026-07-09 15:15:00,24937.37647903763,24942.96224859059,24922.734270760564,24933.550652335656,2058
2026-07-09 15:20:00,24933.550652335656,24957.866496799503,24932.20651627026,24954.556267434178,4059
2026-07-09 15:25:00,24954.556267434178,24975.370457599318,24944.077710086633,24961.481768472557,2517
2026-07-10 09:15:00,24961.481768472557,24970.66567767841,24959.59016725804,24965.27419577072,3360
2026-07-10 09:20:00,24965.27419577072,24968.100772990703,24961.095033750804,24963.961442876032,1583
2026-07-10 09:25:00,24963.961442876032,24971.502659072466,24963.72021349144,24963.85386804129,2293
2026-07-10 09:30:00,24963.85386804129,24977.42198131136,24934.159317827398,24944.828351236774,3809
2026-07-10 09:35:00,24944.828351236774,24953.762858668444,24906.170609502533,24908.37785532842,3342
2026-07-10 09:40:00,24908.37785532842,24913.809913708206,24888.35444546291,24893.32489961268,1655
2026-07-10 09:45:00,24893.32489961268,24897.868416675574,24865.68070848092,24875.492151822695,1785
2026-07-10 09:50:00,24875.492151822695,24903.418633570593,24868.326786978858,24882.52142993838,1222
2026-07-10 09:55:00,24882.52142993838,24890.559204051493,24880.025941727057,24889.87696436669,3122
2026-07-10 10:00:00,24889.87696436669,24902.909546317725,24878.994824105,24896.10127008552,3149
2026-07-10 10:05:00,24896.10127008552,24902.155026844877,24865.11986646904,24868.282751455343,4603
2026-07-10 10:10:00,24868.282751455343,24875.305027716735,24845.3495214568,24846.00955608485,4700
2026-07-10 10:15:00,24846.00955608485,24847.736758740553,24822.735484803856,24833.752071743704,4757
2026-07-10 10:20:00,24833.752071743704,24836.022615460082,24828.38605425541,24834.211854012712,3932
2026-07-10 10:25:00,24834.211854012712,24835.43063602967,24817.85648289949,24827.55414859307,3220
2026-07-10 10:30:00,24827.55414859307,24838.942169124242,24818.70853644985,24833.72407584516,2027
2026-07-10 10:35:00,24833.72407584516,24857.68783924474,24827.314973716577,24853.103724397188,4923
2026-07-10 10:40:00,24853.103724397188,24862.96961337238,24827.145638515434,24833.23528227552,4550
2026-07-10 10:45:00,24833.23528227552,24838.712809408116,24812.784928013032,24814.138117095266,2683
2026-07-10 10:50:00,24814.138117095266,24818.35951760814,24800.55721870834,24816.825190207608,3442
2026-07-10 10:55:00,24816.825190207608,24821.292705099648,24806.717641074873,24815.196598238388,2649
2026-07-10 11:00:00,24815.196598238388,24830.40897893895,24808.456555054738,24829.9539685766,1832
2026-07-10 11:05:00,24829.9539685766,24831.482145348607,24820.996052097278,24830.10447106742,2003
2026-07-10 11:10:00,24830.10447106742,24869.113071771637,24814.331002678075,24864.678330244198,4985
2026-07-10 11:15:00,24864.678330244198,24880.151227853425,24821.19779433619,24833.09273395904,1166
2026-07-10 11:20:00,24833.09273395904,24856.540087675075,24827.577549944504,24849.784880519142,3347
2026-07-10 11:25:00,24849.784880519142,24859.968395338004,24843.22173855604,24853.74745099455,3016
2026-07-10 11:30:00,24853.74745099455,24859.568359777702,24821.233938089175,24825.851583639847,1117
2026-07-10 11:35:00,24825.851583639847,24835.11735496613,24778.257771949207,24784.780503360784,3559
2026-07-10 11:40:00,24784.780503360784,24801.267201434184,24754.626519586203,24762.473822858945,3659
2026-07-10 11:45:00,24762.473822858945,24789.050358739798,24753.021486690126,24786.425825102855,2809
2026-07-10 11:50:00,24786.425825102855,24808.44052510344,24778.629949135524,24808.14332568072,4246
2026-07-10 11:55:00,24808.14332568072,24810.446546513613,24797.889666545307,24805.590022250948,3206
2026-07-10 12:00:00,24805.590022250948,24805.734147646595,24789.801029113063,24798.400906167222,2407
2026-07-10 12:05:00,24798.400906167222,24802.736141968926,24769.9971527563,24781.4170369378,2250
2026-07-10 12:10:00,24781.4170369378,24794.840398905,24766.061669437142,24777.702018640808,4109
2026-07-10 12:15:00,24777.702018640808,24785.142499345624,24763.314843613545,24768.30310907926,1462
2026-07-10 12:20:00,24768.30310907926,24805.23770336009,24764.739137965527,24802.184999493755,4502
2026-07-10 12:25:00,24802.184999493755,24809.740634313366,24773.292160942314,24777.649574888117,2733
2026-07-10 12:30:00,24777.649574888117,24790.21348043799,24775.586850632502,24785.428522017377,2671
2026-07-10 12:35:00,24785.428522017377,24823.478117903076,24777.135933601763,24820.268334932265,3151
2026-07-10 12:40:00,24820.268334932265,24836.239652863143,24818.079222942248,24835.648617601335,1981
2026-07-10 12:45:00,24835.648617601335,24835.801948627326,24807.241688651375,24813.31090467519,4264
2026-07-10 12:50:00,24813.31090467519,24825.26789614144,24776.650722211914,24782.694649706827,3297
2026-07-10 12:55:00,24782.694649706827,24796.61582795466,24780.598297761186,24788.134970727886,2036
2026-07-10 13:00:00,24788.134970727886,24794.378017374733,24787.336855621234,24791.119922356578,3614
2026-07-10 13:05:00,24791.119922356578,24827.34102951454,24788.64720707438,24815.56216373518,2879
2026-07-10 13:10:00,24815.56216373518,24827.37305764804,24813.031197057662,24826.450197081256,1596
2026-07-10 13:15:00,24826.450197081256,24831.09405172251,24809.2721505697,24816.82071369651,1620
2026-07-10 13:20:00,24816.82071369651,24820.559403772437,24800.442676430725,24805.847415835964,3602
2026-07-10 13:25:00,24805.847415835964,24816.89611691195,24779.68347565479,24779.92713694068,2411
2026-07-10 13:30:00,24779.92713694068,24788.613192537257,24774.245226792293,24782.491648042032,1070
2026-07-10 13:35:00,24782.491648042032,24783.677654189192,24750.70414879703,24754.647066404927,1955
2026-07-10 13:40:00,24754.647066404927,24776.076484141642,24748.9638613918,24772.668258315756,2803
2026-07-10 13:45:00,24772.668258315756,24787.287334487817,24767.309390637663,24784.344215595902,4642
2026-07-10 13:50:00,24784.344215595902,24816.015447980502,24775.412357548783,24795.397160716515,4020
2026-07-10 13:55:00,24795.397160716515,24808.302984157504,24756.51807973826,24769.176978145642,1437
2026-07-10 14:00:00,24769.176978145642,24773.962892463893,24762.235735694325,24766.20540212777,2067
2026-07-10 14:05:00,24766.20540212777,24784.24045047533,24749.834430572635,24758.492103753542,4343
2026-07-10 14:10:00,24758.492103753542,24768.5439887559,24755.14525283588,24760.528368599822,2925
2026-07-10 14:15:00,24760.528368599822,24771.34621641966,24754.59718822038,24770.99737514252,2037
2026-07-10 14:20:00,24770.99737514252,24779.71256743636,24747.357355004777,24760.819526191946,4442
2026-07-10 14:25:00,24760.819526191946,24770.51171073424,24735.252893813733,24751.390932477338,4183
2026-07-10 14:30:00,24751.390932477338,24771.81823118939,24745.994654925467,24764.854260227705,2402
2026-07-10 14:35:00,24764.854260227705,24776.2190433073,24727.824186016656,24742.4767386555,3361
2026-07-10 14:40:00,24742.4767386555,24744.85410392014,24719.21128314577,24727.697336077665,2438
2026-07-10 14:45:00,24727.697336077665,24736.76002080769,24725.594754920785,24727.812801210417,4811
2026-07-10 14:50:00,24727.812801210417,24766.839466186586,24727.147321890843,24745.611294776587,1484
2026-07-10 14:55:00,24745.611294776587,24754.737655483896,24724.024336774208,24726.432956289493,1168
2026-07-10 15:00:00,24726.432956289493,24762.618514576447,24726.38162830575,24761.835253952046,3935
2026-07-10 15:05:00,24761.835253952046,24766.14618431065,24732.43075871707,24735.07934293154,1802
2026-07-10 15:10:00,24735.07934293154,24768.159406939016,24726.635783608293,24765.756358705337,1245
2026-07-10 15:15:00,24765.756358705337,24799.74253865055,24761.044846086712,24789.523364593555,3313
2026-07-10 15:20:00,24789.523364593555,24797.17916202438,24759.014986728507,24761.162135125698,1848
2026-07-10 15:25:00,24761.162135125698,24762.09274109103,24714.80615167072,24728.829933954312,3290
2026-07-13 09:15:00,24728.829933954312,24730.408177472378,24706.955604558425,24713.273796527345,1125
2026-07-13 09:20:00,24713.273796527345,24742.881927542076,24704.01594759459,24736.771197301176,3657
2026-07-13 09:25:00,24736.771197301176,24774.857945275802,24735.505938856946,24765.192785540385,4975
2026-07-13 09:30:00,24765.192785540385,24794.756092689982,24755.594644515404,24794.318688583444,3027
2026-07-13 09:35:00,24794.318688583444,24795.94112560931,24742.690224806924,24764.11027355226,2428
2026-07-13 09:40:00,24764.11027355226,24799.823822870094,24763.58384623241,24795.284185866083,3351
2026-07-13 09:45:00,24795.284185866083,24798.92037877172,24788.586833506117,24789.323088505895,4975
2026-07-13 09:50:00,24789.323088505895,24837.923118564304,24788.638034288742,24830.00739439224,4099
2026-07-13 09:55:00,24830.00739439224,24848.29486355166,24829.01114292591,24842.421478347504,3895
2026-07-13 10:00:00,24842.421478347504,24850.989481821984,24833.306009179898,24847.416420029902,2289
2026-07-13 10:05:00,24847.416420029902,24854.94840952737,24846.767495186286,24847.585801344045,4123
2026-07-13 10:10:00,24847.585801344045,24877.545438680652,24845.90403864027,24847.314208816053,3702
2026-07-13 10:15:00,24847.314208816053,24854.361916236052,24831.946998770538,24833.806924249257,1643
2026-07-13 10:20:00,24833.806924249257,24836.57937945411,24808.947216521145,24812.587651150738,3905
2026-07-13 10:25:00,24812.587651150738,24813.027130449616,24801.64419097407,24805.38878558913,3558
2026-07-13 10:30:00,24805.38878558913,24831.03834175253,24796.264266963528,24829.021148106658,3254
2026-07-13 10:35:00,24829.021148106658,24849.88405799629,24797.948831981106,24801.279683456465,1573
2026-07-13 10:40:00,24801.279683456465,24831.539740354798,24786.552303093475,24827.879873974358,3922
2026-07-13 10:45:00,24827.879873974358,24839.947395632735,24825.72026503938,24830.727924692597,3558
2026-07-13 10:50:00,24830.727924692597,24851.138109360323,24822.971760250457,24846.25159160539,3021
2026-07-13 10:55:00,24846.25159160539,24865.732287477298,24831.97263452396,24862.812323805996,2667
2026-07-13 11:00:00,24862.812323805996,24889.114272440456,24862.472493682973,24881.27733730535,4624
2026-07-13 11:05:00,24881.27733730535,24883.87903535978,24874.22679232896,24881.7232414052,3248
2026-07-13 11:10:00,24881.7232414052,24886.72263993105,24876.28186365465,24882.76515111814,4682
2026-07-13 11:15:00,24882.76515111814,24908.216450366133,24882.692215498286,24900.563229206262,3870
2026-07-13 11:20:00,24900.563229206262,24913.827800973064,24869.36650598681,24879.820168368457,2307
2026-07-13 11:25:00,24879.820168368457,24884.657387680672,24855.070691154837,24856.04583709953,4428
2026-07-13 11:30:00,24856.04583709953,24866.55923352072,24845.73817843049,24846.805613542605,4118
2026-07-13 11:35:00,24846.805613542605,24866.606254301172,24835.70957198023,24852.53211690174,4067
2026-07-13 11:40:00,24852.53211690174,24899.878238585763,24846.664184510126,24890.722926458788,1136
2026-07-13 11:45:00,24890.722926458788,24892.76828524774,24884.854574205292,24891.678386138705,1129
2026-07-13 11:50:00,24891.678386138705,24931.875091876318,24883.317019460734,24931.508108590064,2218
2026-07-13 11:55:00,24931.508108590064,24946.84361255225,24929.994407828803,24941.789018810425,2017
2026-07-13 12:00:00,24941.789018810425,24943.020862075497,24930.562615736766,24932.74088300769,4700
2026-07-13 12:05:00,24932.74088300769,24960.976462467737,24926.96240750898,24955.62053531856,4435
2026-07-13 12:10:00,24955.62053531856,24957.2464666616,24947.96292259745,24950.771901324835,1431
2026-07-13 12:15:00,24950.771901324835,24958.31298586409,24937.90887956636,24955.786197042864,4140
2026-07-13 12:20:00,24955.786197042864,24959.995161561863,24917.438929526164,24929.10603982331,4529
2026-07-13 12:25:00,24929.10603982331,24935.160577193226,24889.925875140918,24899.018328546237,3587
2026-07-13 12:30:00,24899.018328546237,24917.68644629951,24897.74316017178,24910.046711913656,3382
2026-07-13 12:35:00,24910.046711913656,24941.880846930857,24903.795275028235,24932.041863753842,3573
2026-07-13 12:40:00,24932.041863753842,24987.87351811925,24924.9915588009,24970.849434655127,3605
2026-07-13 12:45:00,24970.849434655127,24984.500532784612,24942.941724012915,24954.68086075964,1908
2026-07-13 12:50:00,24954.68086075964,24984.44176936462,24948.989661964122,24983.902674760408,4087
2026-07-13 12:55:00,24983.902674760408,25018.091359959537,24983.039490370506,25010.174685496542,3013
2026-07-13 13:00:00,25010.174685496542,25015.323901176584,24969.862483145727,25000.347430373713,4527
2026-07-13 13:05:00,25000.347430373713,25031.92518404952,24991.99314187675,25028.10955397368,3557
2026-07-13 13:10:00,25028.10955397368,25051.401869718455,25014.755541304778,25047.015114700338,1208
2026-07-13 13:15:00,25047.015114700338,25079.35186659624,25038.39889941091,25069.901736165888,4229
2026-07-13 13:20:00,25069.901736165888,25121.83434113545,25062.896111369835,25113.370145543446,4408
2026-07-13 13:25:00,25113.370145543446,25151.137241159708,25111.27144363144,25135.48320824953,4810
2026-07-13 13:30:00,25135.48320824953,25137.212316502704,25091.760769816367,25092.51363461087,2984
2026-07-13 13:35:00,25092.51363461087,25110.878362240404,25088.412462683034,25098.988717525914,4312
2026-07-13 13:40:00,25098.988717525914,25102.80224578846,25060.020872189754,25067.52861096756,1057
2026-07-13 13:45:00,25067.52861096756,25071.13280361682,25058.10656174589,25070.5657941434,3007
2026-07-13 13:50:00,25070.5657941434,25074.97841463057,25069.866165245418,25072.443636912023,3863
2026-07-13 13:55:00,25072.443636912023,25085.21563869798,25053.837196976307,25060.735910871503,4376
2026-07-13 14:00:00,25060.735910871503,25061.727840222175,25033.55025063446,25040.1339180777,2368
2026-07-13 14:05:00,25040.1339180777,25040.74285804087,25025.499665557014,25029.51025262511,4713
2026-07-13 14:10:00,25029.51025262511,25045.021306176062,25020.410060407514,25022.75908184211,4800
2026-07-13 14:15:00,25022.75908184211,25023.862946331024,25018.33284869746,25020.122586938323,2037
2026-07-13 14:20:00,25020.122586938323,25024.217440067736,25019.64987986215,25022.232962343413,2382
2026-07-13 14:25:00,25022.232962343413,25039.673009800186,25018.60756557237,25033.94838834191,1376
2026-07-13 14:30:00,25033.94838834191,25041.517566849925,25026.140571672455,25027.68885364374,3290
2026-07-13 14:35:00,25027.68885364374,25067.22406420871,25024.032151656163,25053.310167935757,1992
2026-07-13 14:40:00,25053.310167935757,25057.70439774696,25047.96129550369,25052.54376698118,4216
2026-07-13 14:45:00,25052.54376698118,25081.761589564423,25050.43559525093,25071.07244433677,3938
2026-07-13 14:50:00,25071.07244433677,25082.217932269687,25055.868526069276,25064.965515832206,1414
2026-07-13 14:55:00,25064.965515832206,25125.92832622325,25051.352105558963,25119.982296404127,1393
2026-07-13 15:00:00,25119.982296404127,25136.001658710557,25119.70933837747,25129.372430647803,4909
2026-07-13 15:05:00,25129.372430647803,25180.763506188752,25123.907523964786,25162.247652718044,4686
2026-07-13 15:10:00,25162.247652718044,25170.085857812246,25144.373544257,25148.278740574744,1728
2026-07-13 15:15:00,25148.278740574744,25155.480550590462,25135.06119353385,25139.282692704528,1357
2026-07-13 15:20:00,25139.282692704528,25142.055786262776,25123.383570312784,25134.211844922585,2599
2026-07-13 15:25:00,25134.211844922585,25183.94384547967,25133.2079670615,25183.937368164083,2181
2026-07-14 09:15:00,25183.937368164083,25184.739794076148,25143.880389491835,25144.291199707164,2896
2026-07-14 09:20:00,25144.291199707164,25145.95530112063,25115.40450766733,25121.897366710902,4065
2026-07-14 09:25:00,25121.897366710902,25146.105154724795,25120.27285921282,25144.832642371926,3748
2026-07-14 09:30:00,25144.832642371926,25156.143117158706,25136.721216799742,25154.60731063077,2044
2026-07-14 09:35:00,25154.60731063077,25160.468151682784,25134.959532956636,25135.06751623952,3596
2026-07-14 09:40:00,25135.06751623952,25140.89508704167,25117.421989025843,25121.2286797657,3293
2026-07-14 09:45:00,25121.2286797657,25152.39938263266,25120.75562624566,25145.93156213105,3330
2026-07-14 09:50:00,25145.93156213105,25177.752787655638,25139.503606589125,25170.161522121114,3661
2026-07-14 09:55:00,25170.161522121114,25175.32249551924,25168.98999946514,25171.568795836705,3978
2026-07-14 10:00:00,25171.568795836705,25197.91930954617,25169.260686925623,25195.225996604815,3853
2026-07-14 10:05:00,25195.225996604815,25209.91200234089,25174.468413734805,25179.78829688682,3279
2026-07-14 10:10:00,25179.78829688682,25190.288687713044,25177.447634546563,25184.368196611493,3363
2026-07-14 10:15:00,25184.368196611493,25190.753695669857,25142.328309992015,25154.6637207642,3885
2026-07-14 10:20:00,25154.6637207642,25168.72301591802,25130.79382688835,25147.332239817675,2823
2026-07-14 10:25:00,25147.332239817675,25149.716423187318,25144.280371595578,25147.897079770537,4407
2026-07-14 10:30:00,25147.897079770537,25152.610364225544,25106.68784586652,25113.99652959005,3011
2026-07-14 10:35:00,25113.99652959005,25133.141291616368,25098.064711131214,25125.912942541556,2999
2026-07-14 10:40:00,25125.912942541556,25150.625074315958,25118.404395169076,25141.19355057366,1410
2026-07-14 10:45:00,25141.19355057366,25167.036154422527,25135.783239933902,25161.530142795942,3292
2026-07-14 10:50:00,25161.530142795942,25217.097847182093,25147.777930591015,25208.516721729917,1386
2026-07-14 10:55:00,25208.516721729917,25221.52566322141,25204.296241788612,25216.920522243097,3736
2026-07-14 11:00:00,25216.920522243097,25220.065517386367,25212.510306060576,25215.62774399888,2748
2026-07-14 11:05:00,25215.62774399888,25216.632414860484,25172.82950496119,25183.309720972862,3405
2026-07-14 11:10:00,25183.309720972862,25194.682650619114,25177.78997106315,25191.206248557573,2021
2026-07-14 11:15:00,25191.206248557573,25208.41979384809,25190.561041206096,25202.480479110287,3661
2026-07-14 11:20:00,25202.480479110287,25206.89101614431,25168.79436506235,25175.14058086675,3845
2026-07-14 11:25:00,25175.14058086675,25177.611297208252,25164.447818430886,25170.305195241268,3069
2026-07-14 11:30:00,25170.305195241268,25189.72521259488,25168.197763476346,25170.529363846315,1018
2026-07-14 11:35:00,25170.529363846315,25192.597673352306,25169.40595224235,25181.192112442604,4358
2026-07-14 11:40:00,25181.192112442604,25200.195859748033,25174.56610887228,25198.441056040734,1275
2026-07-14 11:45:00,25198.441056040734,25204.27245821998,25182.646276893098,25187.624730369287,1658
2026-07-14 11:50:00,25187.624730369287,25194.58558217007,25182.884731622402,25191.682171159926,3945
2026-07-14 11:55:00,25191.682171159926,25217.980923034433,25190.16473630077,25203.24486069485,1551
2026-07-14 12:00:00,25203.24486069485,25212.841749295836,25186.909703655125,25199.579719483376,1678
2026-07-14 12:05:00,25199.579719483376,25207.180797245208,25190.027709191723,25191.08318127447,1602
2026-07-14 12:10:00,25191.08318127447,25207.465335930858,25190.665229574777,25205.443699764728,4143
2026-07-14 12:15:00,25205.443699764728,25207.790255361288,25196.0646678599,25201.860173955265,1364
2026-07-14 12:20:00,25201.860173955265,25207.27587616382,25174.53063309715,25177.725145185126,2973
2026-07-14 12:25:00,25177.725145185126,25207.866762115853,25177.409423425135,25205.38121109069,1794
2026-07-14 12:30:00,25205.38121109069,25212.57999307398,25182.92264940868,25183.476894833842,2358
2026-07-14 12:35:00,25183.476894833842,25184.402031113976,25176.189918087235,25181.57289217493,3699
2026-07-14 12:40:00,25181.57289217493,25189.426196847955,25172.86048858664,25188.054902196276,2774
2026-07-14 12:45:00,25188.054902196276,25205.374348958343,25185.164264439587,25197.227550472366,1589
2026-07-14 12:50:00,25197.227550472366,25205.437256900626,25189.60969981212,25200.646649092567,1198
2026-07-14 12:55:00,25200.646649092567,25201.962222002057,25136.618550104475,25141.331870730857,3064
2026-07-14 13:00:00,25141.331870730857,25144.106253359347,25125.560600290813,25127.20216687519,1217
2026-07-14 13:05:00,25127.20216687519,25134.551613973832,25120.948891586,25133.15812486434,1740
2026-07-14 13:10:00,25133.15812486434,25136.680816150852,25123.97791602131,25130.964639381178,4923
2026-07-14 13:15:00,25130.964639381178,25150.826247537825,25129.219855802938,25141.251573538484,1649
2026-07-14 13:20:00,25141.251573538484,25164.437913895268,25138.12750955445,25161.79690348598,3194
2026-07-14 13:25:00,25161.79690348598,25176.863640628126,25157.78070449243,25171.9962354356,4281
2026-07-14 13:30:00,25171.9962354356,25174.06380222938,25151.94929874271,25157.31561061811,1669
2026-07-14 13:35:00,25157.31561061811,25161.365086258575,25138.395058494963,25146.47778567481,2437
2026-07-14 13:40:00,25146.47778567481,25186.1786526825,25132.014459137266,25179.29776953279,1664
2026-07-14 13:45:00,25179.29776953279,25186.80284468257,25173.6204242353,25175.689895418713,1855
2026-07-14 13:50:00,25175.689895418713,25177.859079534195,25168.256534623823,25173.7683219806,3377
2026-07-14 13:55:00,25173.7683219806,25198.150330832184,25168.01507688129,25184.03672187391,1894
2026-07-14 14:00:00,25184.03672187391,25215.372051590268,25182.63220289373,25208.963310103907,2893
2026-07-14 14:05:00,25208.963310103907,25212.276913672747,25187.93840579308,25190.787360667626,4423
2026-07-14 14:10:00,25190.787360667626,25195.1541757616,25167.15837965245,25180.789302855443,2186
2026-07-14 14:15:00,25180.789302855443,25188.973875009928,25141.679394276813,25148.478084525435,2842
2026-07-14 14:20:00,25148.478084525435,25149.908887547695,25137.044792460303,25142.515442865497,3148
2026-07-14 14:25:00,25142.515442865497,25169.29211616734,25132.87099993845,25153.932022813457,1326
2026-07-14 14:30:00,25153.932022813457,25168.750230256708,25145.802072633483,25146.60235855308,3374
2026-07-14 14:35:00,25146.60235855308,25187.08478708794,25146.043480379685,25182.00501119667,4226
2026-07-14 14:40:00,25182.00501119667,25184.77553389915,25171.249469812043,25184.345965014734,3057
2026-07-14 14:45:00,25184.345965014734,25193.413399298915,25173.819216641692,25182.285568293097,3400
2026-07-14 14:50:00,25182.285568293097,25184.486502393607,25173.41854188281,25175.191492496502,1182
2026-07-14 14:55:00,25175.191492496502,25194.958599745547,25141.164084747874,25147.803783841857,1454
2026-07-14 15:00:00,25147.803783841857,25159.05561592882,25133.03270203368,25145.98645656641,2669
2026-07-14 15:05:00,25145.98645656641,25154.111307662726,25141.552184240798,25153.19604450236,1005
2026-07-14 15:10:00,25153.19604450236,25156.557549466448,25145.76034512759,25150.820179128248,4404
2026-07-14 15:15:00,25150.820179128248,25157.241058528733,25146.65430779721,25155.47032978519,2356
2026-07-14 15:20:00,25155.47032978519,25168.689588210025,25132.043595582294,25141.973388852566,4329
2026-07-14 15:25:00,25141.973388852566,25155.662544210867,25116.30772131214,25116.93755890326,1210
2026-07-15 09:15:00,25116.93755890326,25132.913296115134,25099.879620230637,25128.940651598947,2446
2026-07-15 09:20:00,25128.940651598947,25167.14138215836,25121.169609333196,25158.399810011775,4616
2026-07-15 09:25:00,25158.399810011775,25178.572313058994,25157.77535438816,25177.14278444956,4095
2026-07-15 09:30:00,25177.14278444956,25181.084548130853,25166.188253455206,25169.667575463245,2084
2026-07-15 09:35:00,25169.667575463245,25178.280247232862,25114.813385738544,25123.35369512853,4894
2026-07-15 09:40:00,25123.35369512853,25137.678928237165,25122.631653349967,25135.503755315644,2724
2026-07-15 09:45:00,25135.503755315644,25149.041015553572,25102.342289697342,25115.071611915013,3131
2026-07-15 09:50:00,25115.071611915013,25124.237944209755,25105.15042180748,25111.368604833533,3272
2026-07-15 09:55:00,25111.368604833533,25121.304309714636,25108.22255670939,25119.647540699756,4751
2026-07-15 10:00:00,25119.647540699756,25124.674929434583,25100.17413024913,25106.974266981666,1185
2026-07-15 10:05:00,25106.974266981666,25114.347466404215,25084.111356828653,25090.400312762387,3422
2026-07-15 10:10:00,25090.400312762387,25096.753693087936,25075.85471169718,25084.23455229899,1071
2026-07-15 10:15:00,25084.23455229899,25091.43533706749,25039.770264971663,25043.173049589317,1073
2026-07-15 10:20:00,25043.173049589317,25044.35324260455,25012.005564483086,25022.463558133655,2920
2026-07-15 10:25:00,25022.463558133655,25029.282898068992,24992.25176320471,25001.481895302666,2364
2026-07-15 10:30:00,25001.481895302666,25008.096872812013,24990.159892358486,24996.764655959272,3200
2026-07-15 10:35:00,24996.764655959272,25019.207424170876,24974.805627548485,24977.82395493819,3143
2026-07-15 10:40:00,24977.82395493819,24985.422148722217,24959.47771832448,24967.51668406224,4636
2026-07-15 10:45:00,24967.51668406224,24968.79862090356,24956.476583394113,24958.628954866705,3492
2026-07-15 10:50:00,24958.628954866705,25022.36286824538,24952.86379552618,25001.112248405603,4757
2026-07-15 10:55:00,25001.112248405603,25026.800043982566,24995.851459182308,25016.504358138125,4181
2026-07-15 11:00:00,25016.504358138125,25021.06025197105,25009.894552897986,25014.095118059875,2481
2026-07-15 11:05:00,25014.095118059875,25033.683798451482,25010.059009279885,25023.081745343177,3875
2026-07-15 11:10:00,25023.081745343177,25042.694271073222,25016.140205425945,25041.513067492135,4122
2026-07-15 11:15:00,25041.513067492135,25059.701700547877,25032.30082413129,25047.278013437495,3424
2026-07-15 11:20:00,25047.278013437495,25050.354602313164,25022.807872328838,25026.561125235006,1764
2026-07-15 11:25:00,25026.561125235006,25029.0068759458,25023.141867738206,25023.818022840307,2096
2026-07-15 11:30:00,25023.818022840307,25030.70713617759,24995.370802257723,25004.281580926458,1211
2026-07-15 11:35:00,25004.281580926458,25024.11872417336,24997.578280531903,24997.698870276126,4503
2026-07-15 11:40:00,24997.698870276126,25004.402244870937,24985.89283408091,24994.52184890442,1723
2026-07-15 11:45:00,24994.52184890442,25020.557496063368,24994.19270916599,25015.568828694297,4834
2026-07-15 11:50:00,25015.568828694297,25027.20151137762,24992.46513100467,24999.67653445931,4239
2026-07-15 11:55:00,24999.67653445931,25001.320945189607,24981.027806354738,24982.192117302984,3822
2026-07-15 12:00:00,24982.192117302984,24982.94219701305,24964.3737392362,24967.863654996327,3378
2026-07-15 12:05:00,24967.863654996327,24972.938100558797,24945.424891123246,24955.69919046356,2765
2026-07-15 12:10:00,24955.69919046356,24964.902478199387,24949.021291034547,24949.347093705102,1750
2026-07-15 12:15:00,24949.347093705102,24957.72197561302,24946.290976402543,24955.920215411646,4858
2026-07-15 12:20:00,24955.920215411646,24962.611362157706,24937.222445633888,24940.245740014314,2517
2026-07-15 12:25:00,24940.245740014314,24944.39538085163,24925.892261391928,24942.538091975108,4214
2026-07-15 12:30:00,24942.538091975108,24945.99704318582,24936.967112940485,24945.077278566823,4653
2026-07-15 12:35:00,24945.077278566823,24963.76495902843,24945.056261031565,24956.12646749525,2468
2026-07-15 12:40:00,24956.12646749525,24969.472464635524,24938.83566899282,24951.918372432123,3871
2026-07-15 12:45:00,24951.918372432123,24979.508720455473,24941.638759327587,24968.528058544704,1393
2026-07-15 12:50:00,24968.528058544704,24992.939415842444,24951.318152200227,24975.89939136462,1511
2026-07-15 12:55:00,24975.89939136462,24990.616351772056,24971.88647618131,24982.376739585394,1685
2026-07-15 13:00:00,24982.376739585394,24984.35557241644,24963.55552802499,24971.370744722924,4919
2026-07-15 13:05:00,24971.370744722924,24982.800071362817,24955.563696385765,24976.855724259614,3668
2026-07-15 13:10:00,24976.855724259614,24987.22027774098,24974.459438444133,24983.89495915073,2738
2026-07-15 13:15:00,24983.89495915073,24986.08522148457,24964.324911187156,24971.95087023415,2720
2026-07-15 13:20:00,24971.95087023415,24998.91409857213,24969.63091148126,24995.809720634355,2826
2026-07-15 13:25:00,24995.809720634355,25049.98900321916,24995.555906230777,25048.271044053006,4399
2026-07-15 13:30:00,25048.271044053006,25063.98208232228,25025.272169508124,25035.103049906775,3651
2026-07-15 13:35:00,25035.103049906775,25036.11931658156,25015.589357204633,25025.686135763463,2282
2026-07-15 13:40:00,25025.686135763463,25042.222433396324,25013.87929652778,25016.776490239525,2857
2026-07-15 13:45:00,25016.776490239525,25020.8003217285,24985.907329564,24990.56766250144,4508
2026-07-15 13:50:00,24990.56766250144,24998.779081257748,24972.67130104718,24973.048463761384,3765
2026-07-15 13:55:00,24973.048463761384,24997.070082964467,24958.012985283112,24990.174540405726,4635
2026-07-15 14:00:00,24990.174540405726,24995.49255657596,24985.419794639067,24988.534914263888,3396
2026-07-15 14:05:00,24988.534914263888,25033.5866741184,24983.057511149305,25026.897639638035,4764
2026-07-15 14:10:00,25026.897639638035,25033.22729954782,25008.035730841086,25021.12135070736,4886
2026-07-15 14:15:00,25021.12135070736,25033.59040401017,25018.349990823495,25029.455402348976,3562
2026-07-15 14:20:00,25029.455402348976,25034.69776309021,25005.591592006447,25011.348216479164,4520
2026-07-15 14:25:00,25011.348216479164,25022.73916653976,25004.526404592143,25009.14359024507,3446
2026-07-15 14:30:00,25009.14359024507,25017.809657531216,25002.88749060645,25010.90065494238,4667
2026-07-15 14:35:00,25010.90065494238,25015.979924173964,24962.479408344712,24968.800618683963,3261
2026-07-15 14:40:00,24968.800618683963,24976.53138866947,24952.19130141413,24952.321959303506,4617
2026-07-15 14:45:00,24952.321959303506,24977.817818265095,24947.857948843714,24965.016312143336,3609
2026-07-15 14:50:00,24965.016312143336,24985.873315105524,24957.703860880065,24976.653353723264,2312
2026-07-15 14:55:00,24976.653353723264,24991.031789204113,24947.778920460576,24951.70916253442,2864
2026-07-15 15:00:00,24951.70916253442,24964.857986634383,24927.38956036903,24944.50387091899,4330
2026-07-15 15:05:00,24944.50387091899,24961.277703655425,24878.391895818382,24897.21679452738,3305
2026-07-15 15:10:00,24897.21679452738,24898.008616795654,24889.1857610993,24897.148335953705,2411
2026-07-15 15:15:00,24897.148335953705,24923.508020136585,24892.00644534585,24922.250634555578,2807
2026-07-15 15:20:00,24922.250634555578,24958.105669899178,24918.542517286478,24948.241988663547,3741
2026-07-15 15:25:00,24948.241988663547,24986.847465977837,24934.096380430718,24973.55085835085,2568
2026-07-16 09:15:00,24973.55085835085,24977.586968212316,24968.83170955415,24975.769857703293,3038
2026-07-16 09:20:00,24975.769857703293,24993.106984376896,24938.485602886187,24941.088824628565,3228
2026-07-16 09:25:00,24941.088824628565,24989.96388080881,24927.765504986324,24989.809517426704,1144
2026-07-16 09:30:00,24989.809517426704,24992.072034284978,24966.73985353218,24980.450843082705,2850
2026-07-16 09:35:00,24980.450843082705,24999.209623206058,24976.139187030527,24995.366635145114,4336
2026-07-16 09:40:00,24995.366635145114,25004.02480730547,24992.761956711896,24994.660428861935,1734
2026-07-16 09:45:00,24994.660428861935,25001.263566692047,24967.8918411157,24978.60216774935,3453
2026-07-16 09:50:00,24978.60216774935,24984.328669282844,24954.00172833038,24960.176890754945,3860
2026-07-16 09:55:00,24960.176890754945,25006.6290639087,24948.54528833619,24991.839956877007,4016
2026-07-16 10:00:00,24991.839956877007,25021.32527006183,24991.541558400717,25010.952477683943,4002
2026-07-16 10:05:00,25010.952477683943,25059.943885257817,25005.94490442355,25049.841189080562,4919
2026-07-16 10:10:00,25049.841189080562,25057.375235311898,25047.134822139527,25050.952466871848,3531
2026-07-16 10:15:00,25050.952466871848,25061.707598174664,25047.815142966385,25056.722595468742,3529
2026-07-16 10:20:00,25056.722595468742,25061.09950674727,25050.756810351704,25051.366639516364,4308
2026-07-16 10:25:00,25051.366639516364,25054.838575541347,25044.270389332596,25045.613198295636,4596
2026-07-16 10:30:00,25045.613198295636,25050.918362211087,25023.432539311,25024.737440609882,3386
2026-07-16 10:35:00,25024.737440609882,25033.62131015226,25017.260387435417,25026.419306986063,3315
2026-07-16 10:40:00,25026.419306986063,25027.15531699455,25005.093643059816,25010.617694009874,3313
2026-07-16 10:45:00,25010.617694009874,25020.068129935586,25003.241288919773,25019.459626096133,1527
2026-07-16 10:50:00,25019.459626096133,25026.347639484007,25011.87429685786,25022.86247714397,4163
2026-07-16 10:55:00,25022.86247714397,25032.886215799455,25020.952924327485,25028.621379716806,4319
2026-07-16 11:00:00,25028.621379716806,25071.005962015977,25023.08877449748,25062.16233413467,4090
2026-07-16 11:05:00,25062.16233413467,25071.819075818963,25060.292941338055,25061.406099430722,3919
2026-07-16 11:10:00,25061.406099430722,25076.728478754154,25056.57062334739,25076.577813610653,4461
2026-07-16 11:15:00,25076.577813610653,25125.781588532023,25074.6104161785,25117.73368297985,2411
2026-07-16 11:20:00,25117.73368297985,25144.373358270306,25115.240919821186,25143.989090637602,3973
2026-07-16 11:25:00,25143.989090637602,25168.892978305623,25137.347408052505,25167.18531969168,4686
2026-07-16 11:30:00,25167.18531969168,25167.53828534267,25158.4965103292,25161.010536367387,2118
2026-07-16 11:35:00,25161.010536367387,25171.670788239535,25158.630721028476,25165.632977439982,1429
2026-07-16 11:40:00,25165.632977439982,25176.861554160067,25137.346720010864,25139.092771577518,3842
2026-07-16 11:45:00,25139.092771577518,25164.92855824565,25129.175037027282,25149.126575906248,3988
2026-07-16 11:50:00,25149.126575906248,25155.638460105853,25144.828866237294,25154.648522903735,4796
2026-07-16 11:55:00,25154.648522903735,25158.371683834153,25151.609914449145,25155.11911858691,2060
2026-07-16 12:00:00,25155.11911858691,25180.89566390079,25154.587387109645,25175.790484391906,2416
2026-07-16 12:05:00,25175.790484391906,25185.779345293617,25148.243356115112,25151.46513568656,2596
2026-07-16 12:10:00,25151.46513568656,25190.85381282381,25146.526155494284,25184.36049248863,4362
2026-07-16 12:15:00,25184.36049248863,25213.241126595076,25183.5268742915,25202.528786073017,2897
2026-07-16 12:20:00,25202.528786073017,25214.80627668573,25192.729151002448,25201.104662148653,3350
2026-07-16 12:25:00,25201.104662148653,25215.85411620335,25191.022901810662,25198.106142221495,2779
2026-07-16 12:30:00,25198.106142221495,25208.493156004697,25188.056594951617,25207.79453615348,4988
2026-07-16 12:35:00,25207.79453615348,25241.490698149904,25198.028112196833,25238.464380455818,3448
2026-07-16 12:40:00,25238.464380455818,25262.564548832586,25229.60066308482,25240.515918686968,3870
2026-07-16 12:45:00,25240.515918686968,25254.364557718443,25236.00803860952,25243.42425010632,3391
2026-07-16 12:50:00,25243.42425010632,25249.6588453801,25232.777636360395,25243.790148040305,3910
2026-07-16 12:55:00,25243.790148040305,25295.09165499641,25241.53414576967,25279.77818223213,1517
2026-07-16 13:00:00,25279.77818223213,25286.624033197346,25267.63027465961,25272.31795581819,2400
2026-07-16 13:05:00,25272.31795581819,25274.771638642043,25268.56246798063,25271.721375486657,4889
2026-07-16 13:10:00,25271.721375486657,25301.47012711973,25268.79825375203,25301.308205971007,1164
2026-07-16 13:15:00,25301.308205971007,25317.057433109127,25299.859019916716,25304.283859099694,4084
2026-07-16 13:20:00,25304.283859099694,25343.624558026488,25303.47048834834,25327.30182722697,3072
2026-07-16 13:25:00,25327.30182722697,25331.760769727793,25307.135031807527,25308.83761518672,4807
2026-07-16 13:30:00,25308.83761518672,25324.022815712957,25303.0805115194,25304.681043111912,2146
2026-07-16 13:35:00,25304.681043111912,25350.6786518449,25287.711009642448,25334.73154700972,1128
2026-07-16 13:40:00,25334.73154700972,25344.77839703176,25314.875864744063,25321.023638902963,3864
2026-07-16 13:45:00,25321.023638902963,25321.38111002997,25299.11729633367,25317.958801652923,2657
2026-07-16 13:50:00,25317.958801652923,25324.54987767764,25314.184174015354,25323.157798533484,4618
2026-07-16 13:55:00,25323.157798533484,25336.761279830505,25302.474009803205,25303.11898577647,2017
2026-07-16 14:00:00,25303.11898577647,25308.836394380185,25284.63370300358,25294.742436441265,1594
2026-07-16 14:05:00,25294.742436441265,25299.264164496748,25288.599101318083,25297.02172912581,2332
2026-07-16 14:10:00,25297.02172912581,25299.543822735763,25282.58790765122,25297.966456200564,3483
2026-07-16 14:15:00,25297.966456200564,25326.906867113827,25294.00453441454,25323.878698180775,1181
2026-07-16 14:20:00,25323.878698180775,25362.997693296744,25309.29760413101,25355.10723819707,2611
2026-07-16 14:25:00,25355.10723819707,25361.07507226697,25328.291141430782,25337.742339209402,3663
2026-07-16 14:30:00,25337.742339209402,25349.183446477444,25329.734581125096,25339.99777366471,1743
2026-07-16 14:35:00,25339.99777366471,25355.527990428276,25337.403734150397,25353.666134172214,2838
2026-07-16 14:40:00,25353.666134172214,25389.083882120456,25353.181245903113,25384.42210808523,3090
2026-07-16 14:45:00,25384.42210808523,25405.862029124502,25377.392496842982,25399.012876875357,3451
2026-07-16 14:50:00,25399.012876875357,25427.436505815258,25395.57813978617,25404.92400746184,2952
2026-07-16 14:55:00,25404.92400746184,25422.45973082146,25401.75107021905,25418.470777360046,1604
2026-07-16 15:00:00,25418.470777360046,25438.783347444347,25417.4541721804,25432.171716101067,3703
2026-07-16 15:05:00,25432.171716101067,25434.8345580851,25410.8641525607,25413.29668475318,2789
2026-07-16 15:10:00,25413.29668475318,25442.27059229008,25406.323374731284,25417.216407084718,2613
2026-07-16 15:15:00,25417.216407084718,25452.19359895154,25410.445543248396,25446.886655694372,1262
2026-07-16 15:20:00,25446.886655694372,25467.77315611547,25434.819756569832,25442.665388342175,3117
2026-07-16 15:25:00,25442.665388342175,25449.64191711812,25428.711371781388,25445.30016243176,1660
2026-07-17 09:15:00,25445.30016243176,25483.533672139056,25443.999684431146,25478.223504453203,1683
2026-07-17 09:20:00,25478.223504453203,25478.597936529248,25465.07603911065,25470.37656753532,4724
2026-07-17 09:25:00,25470.37656753532,25476.225854879398,25458.234305405356,25462.716963027407,1643
2026-07-17 09:30:00,25462.716963027407,25479.652996078577,25451.599771700934,25478.650488782587,1478
2026-07-17 09:35:00,25478.650488782587,25494.290238136633,25465.787026369908,25481.9345622659,3760
2026-07-17 09:40:00,25481.9345622659,25499.021017229363,25480.522200043742,25489.107729951877,1367
2026-07-17 09:45:00,25489.107729951877,25490.65076736674,25455.948783486856,25455.977529715667,4872
2026-07-17 09:50:00,25455.977529715667,25472.008630899938,25450.384941399232,25465.10746900997,2844
2026-07-17 09:55:00,25465.10746900997,25476.506415263644,25441.812781262986,25442.526188898737,1356
2026-07-17 10:00:00,25442.526188898737,25448.5757226649,25440.736911044314,25442.027085561294,3455
2026-07-17 10:05:00,25442.027085561294,25449.94958324041,25419.93101132485,25420.38704744062,2368
2026-07-17 10:10:00,25420.38704744062,25451.99032204248,25413.235001936413,25439.359308209077,3226
2026-07-17 10:15:00,25439.359308209077,25477.89291745315,25436.51254941703,25476.594550766327,4496
2026-07-17 10:20:00,25476.594550766327,25479.359155983984,25472.56529305996,25473.58678066304,4612
2026-07-17 10:25:00,25473.58678066304,25480.806517772875,25451.13316467634,25470.389548492727,2466
2026-07-17 10:30:00,25470.389548492727,25499.76994125675,25469.720849441215,25491.392424902548,2842
2026-07-17 10:35:00,25491.392424902548,25507.72768822485,25473.63079342299,25503.054982335194,4377
2026-07-17 10:40:00,25503.054982335194,25523.541292586608,25498.315760595175,25501.600640222176,3414
2026-07-17 10:45:00,25501.600640222176,25514.771742211604,25501.347209002197,25509.112593389218,2059
2026-07-17 10:50:00,25509.112593389218,25557.129750246648,25502.680578005544,25550.535585561247,3510
2026-07-17 10:55:00,25550.535585561247,25559.66640639829,25528.421859656322,25536.802266617484,2644
2026-07-17 11:00:00,25536.802266617484,25545.25686172081,25522.458431039504,25524.832942817575,1827
2026-07-17 11:05:00,25524.832942817575,25545.085716891695,25520.01033284032,25541.059758641823,2169
2026-07-17 11:10:00,25541.059758641823,25585.581271370895,25539.268665621028,25584.22280892299,2811
2026-07-17 11:15:00,25584.22280892299,25596.411047593116,25581.351666145016,25587.84995488265,2924
2026-07-17 11:20:00,25587.84995488265,25588.09777600343,25549.055592395656,25552.854757992096,3193
2026-07-17 11:25:00,25552.854757992096,25564.149112018476,25551.32084221072,25560.835058939305,3427
2026-07-17 11:30:00,25560.835058939305,25569.71437159469,25547.95991802234,25550.100560438044,1167
2026-07-17 11:35:00,25550.100560438044,25563.54295422876,25540.976917637854,25559.83334756976,4840
2026-07-17 11:40:00,25559.83334756976,25560.05065332302,25523.883363203277,25532.038047697108,4346
2026-07-17 11:45:00,25532.038047697108,25533.31212537588,25490.45084984658,25501.894110986446,1086
2026-07-17 11:50:00,25501.894110986446,25505.105339774032,25486.560853970044,25495.837501270868,1153
2026-07-17 11:55:00,25495.837501270868,25535.432932724634,25489.280567708538,25529.537897062557,3544
2026-07-17 12:00:00,25529.537897062557,25537.025303923536,25488.933198543953,25501.524496698563,4868
2026-07-17 12:05:00,25501.524496698563,25505.26530685939,25482.501693417427,25494.989057523915,1314
2026-07-17 12:10:00,25494.989057523915,25497.23098721978,25464.97981377631,25465.13332572347,2854
2026-07-17 12:15:00,25465.13332572347,25478.1261706764,25460.98301312595,25471.038633030686,4681
2026-07-17 12:20:00,25471.038633030686,25479.86113770795,25470.852679678563,25475.552189821847,1722
2026-07-17 12:25:00,25475.552189821847,25477.331578642934,25437.776238690338,25446.532224638122,2981
2026-07-17 12:30:00,25446.532224638122,25475.52801077769,25435.877236078446,25472.746840415813,4631
2026-07-17 12:35:00,25472.746840415813,25475.26812579513,25431.70646710521,25433.575741188062,2853
2026-07-17 12:40:00,25433.575741188062,25470.180845502004,25429.26768420246,25465.65160875546,4345
2026-07-17 12:45:00,25465.65160875546,25503.06312912845,25456.654785404855,25493.65300513776,2729
2026-07-17 12:50:00,25493.65300513776,25502.930435055045,25490.43365830909,25499.889709560986,3811
2026-07-17 12:55:00,25499.889709560986,25524.971483476464,25498.682953228974,25518.170301373753,4866
2026-07-17 13:00:00,25518.170301373753,25532.75282843386,25509.0375477961,25514.53427380226,3309
2026-07-17 13:05:00,25514.53427380226,25522.44862009539,25462.77317336258,25483.0927944359,3534
2026-07-17 13:10:00,25483.0927944359,25496.870270540207,25480.9530665893,25487.913900712414,3501
2026-07-17 13:15:00,25487.913900712414,25494.636199891884,25445.03851572569,25455.882373930443,3490
2026-07-17 13:20:00,25455.882373930443,25461.330827600043,25449.469411331364,25455.660804026036,4333
2026-07-17 13:25:00,25455.660804026036,25455.75091456485,25427.32518708621,25430.473087692673,3590
2026-07-17 13:30:00,25430.473087692673,25455.249780719227,25424.90361363193,25450.317273820023,2128
2026-07-17 13:35:00,25450.317273820023,25464.268600180112,25445.682709202392,25458.057607746177,3023
2026-07-17 13:40:00,25458.057607746177,25472.333861660984,25450.527680871663,25471.872275132864,1349
2026-07-17 13:45:00,25471.872275132864,25481.353818882715,25465.014664047605,25478.806582973353,1823
2026-07-17 13:50:00,25478.806582973353,25522.236281438163,25474.44048067928,25517.143293967532,1437
2026-07-17 13:55:00,25517.143293967532,25545.312647983323,25508.180230012335,25538.01427130381,3004
2026-07-17 14:00:00,25538.01427130381,25583.75349221758,25532.569958520948,25572.819966333092,1168
2026-07-17 14:05:00,25572.819966333092,25582.02771814951,25541.42327434412,25554.40650605581,4819
2026-07-17 14:10:00,25554.40650605581,25555.691991596887,25539.194939258403,25543.314149649763,4857
2026-07-17 14:15:00,25543.314149649763,25551.880784725687,25491.575283344802,25493.79463328161,4414
2026-07-17 14:20:00,25493.79463328161,25499.986163062,25482.849759861452,25485.791865164876,4301
2026-07-17 14:25:00,25485.791865164876,25487.578788315634,25480.41361246463,25485.06707131581,1022
2026-07-17 14:30:00,25485.06707131581,25498.691572704618,25467.279781226473,25493.921849039725,4035
2026-07-17 14:35:00,25493.921849039725,25494.06528344934,25480.844483393335,25483.09320609232,3723
2026-07-17 14:40:00,25483.09320609232,25506.704328341282,25483.012968780724,25498.105828798594,1280
2026-07-17 14:45:00,25498.105828798594,25513.880496420166,25484.13718985361,25511.698215942968,4590
2026-07-17 14:50:00,25511.698215942968,25513.996318475103,25495.733523723262,25502.032912941162,3769
2026-07-17 14:55:00,25502.032912941162,25503.591365756794,25481.253340340332,25482.47933926681,3300
2026-07-17 15:00:00,25482.47933926681,25489.84738616399,25473.193176528555,25483.82293497987,1403
2026-07-17 15:05:00,25483.82293497987,25498.814112400287,25478.596250660823,25485.84782214111,3180
2026-07-17 15:10:00,25485.84782214111,25495.41918460522,25464.008058841187,25473.456832264743,4345
2026-07-17 15:15:00,25473.456832264743,25481.32636968036,25464.743682966735,25468.174482181304,3665
2026-07-17 15:20:00,25468.174482181304,25474.85723671811,25438.902488323183,25439.286253963124,1231
2026-07-17 15:25:00,25439.286253963124,25455.985309869895,25437.640724607572,25453.09572738648,3592
2026-07-20 09:15:00,25453.09572738648,25455.269073417177,25406.677079924957,25413.48558526119,2013
2026-07-20 09:20:00,25413.48558526119,25426.73729553753,25372.88958357778,25383.47332735689,1876
2026-07-20 09:25:00,25383.47332735689,25384.24931819768,25336.0183813631,25336.789346113135,1551
2026-07-20 09:30:00,25336.789346113135,25343.72376121822,25328.128824120475,25338.408388321808,4295
2026-07-20 09:35:00,25338.408388321808,25354.55386518713,25334.78261875397,25349.435966462734,2175
2026-07-20 09:40:00,25349.435966462734,25361.834180128833,25344.747307456175,25356.769031712018,2163
2026-07-20 09:45:00,25356.769031712018,25361.247173873373,25343.10851054428,25350.904025300002,2390
2026-07-20 09:50:00,25350.904025300002,25370.766083500443,25345.54155057244,25359.14895647546,2151
2026-07-20 09:55:00,25359.14895647546,25363.48635953934,25347.107728111107,25353.134790556443,4422
2026-07-20 10:00:00,25353.134790556443,25373.336276855196,25346.66300003963,25368.158565023234,3194
2026-07-20 10:05:00,25368.158565023234,25393.001651253908,25361.847280890062,25390.63057806283,2308
2026-07-20 10:10:00,25390.63057806283,25398.137986939902,25359.294809992633,25371.715816998243,2492
2026-07-20 10:15:00,25371.715816998243,25379.83351010277,25357.66261387204,25365.87753226244,2241
2026-07-20 10:20:00,25365.87753226244,25367.79341821309,25358.06331799378,25363.32744204414,1435
2026-07-20 10:25:00,25363.32744204414,25394.066828484578,25345.97198584404,25392.25042685654,1731
2026-07-20 10:30:00,25392.25042685654,25398.656271838754,25375.607810457164,25375.726327341476,2168
2026-07-20 10:35:00,25375.726327341476,25410.805748207196,25360.661762280593,25398.0095202269,2864
2026-07-20 10:40:00,25398.0095202269,25398.290697836943,25359.050231576188,25368.2215222541,2300
2026-07-20 10:45:00,25368.2215222541,25393.541800209114,25364.393678246917,25393.45875447944,2777
2026-07-20 10:50:00,25393.45875447944,25412.941826693303,25383.800693494646,25410.764567455153,1059
2026-07-20 10:55:00,25410.764567455153,25414.953820141323,25390.692822125016,25407.600265808247,2633
2026-07-20 11:00:00,25407.600265808247,25431.64888723457,25401.014173318443,25426.232649204077,3890
2026-07-20 11:05:00,25426.232649204077,25428.38714475966,25405.61655782393,25416.043024690334,4446
2026-07-20 11:10:00,25416.043024690334,25423.744744959447,25396.210753074036,25397.27962177794,3451
2026-07-20 11:15:00,25397.27962177794,25433.180999224347,25397.047485002953,25431.95122510007,3928
2026-07-20 11:20:00,25431.95122510007,25436.169660527496,25408.885520448657,25420.94059091924,4764
2026-07-20 11:25:00,25420.94059091924,25438.420095897396,25417.632825292956,25434.70862109686,2137
2026-07-20 11:30:00,25434.70862109686,25458.7755249955,25430.036963549213,25457.27106781773,2518
2026-07-20 11:35:00,25457.27106781773,25477.495320154165,25450.312224110592,25473.69267804161,3662
2026-07-20 11:40:00,25473.69267804161,25495.592741990222,25466.693945506464,25485.905207941185,1335
2026-07-20 11:45:00,25485.905207941185,25500.844625990147,25483.90935586568,25499.77313042214,1830
2026-07-20 11:50:00,25499.77313042214,25529.358544711173,25496.919940377105,25521.34498254344,2592
2026-07-20 11:55:00,25521.34498254344,25533.667041133664,25513.710850575015,25527.831931349614,1284
2026-07-20 12:00:00,25527.831931349614,25533.83685377358,25524.27724861153,25527.022350308085,3176
2026-07-20 12:05:00,25527.022350308085,25539.758206897535,25489.72093907761,25499.06636935832,2915
2026-07-20 12:10:00,25499.06636935832,25509.3217455039,25498.960572204123,25505.55591974035,3001
2026-07-20 12:15:00,25505.55591974035,25528.31988039059,25494.556745960504,25526.538593322683,3362
2026-07-20 12:20:00,25526.538593322683,25527.12847094675,25493.899745466668,25504.060491154487,1959
2026-07-20 12:25:00,25504.060491154487,25509.39607382693,25497.006197983694,25499.386989956565,2621
2026-07-20 12:30:00,25499.386989956565,25512.84558903694,25494.08131840809,25508.06439272888,4783
2026-07-20 12:35:00,25508.06439272888,25547.62732967433,25499.29672295849,25538.926412044642,1070
2026-07-20 12:40:00,25538.926412044642,25545.724629340057,25505.748649934245,25515.255522078372,3392
2026-07-20 12:45:00,25515.255522078372,25531.687732481532,25511.914986452604,25531.451636476162,2121
2026-07-20 12:50:00,25531.451636476162,25539.112355316618,25516.45742602847,25524.14378115613,2323
2026-07-20 12:55:00,25524.14378115613,25527.315674819336,25503.472292993818,25510.388665366943,3223
2026-07-20 13:00:00,25510.388665366943,25524.19684030645,25480.973238726136,25491.653667254064,4816
2026-07-20 13:05:00,25491.653667254064,25500.803347286717,25464.92278465405,25478.284976624425,1883
2026-07-20 13:10:00,25478.284976624425,25493.715436884504,25470.963076525884,25488.458077554373,2098
2026-07-20 13:15:00,25488.458077554373,25496.476547980223,25479.968958284637,25483.81364665372,1142
2026-07-20 13:20:00,25483.81364665372,25505.20377600673,25482.517939624988,25498.37484227542,3978
2026-07-20 13:25:00,25498.37484227542,25501.71254023579,25458.24139427531,25475.49058439577,2046
2026-07-20 13:30:00,25475.49058439577,25492.448035001646,25470.617784356713,25489.695658902066,3228
2026-07-20 13:35:00,25489.695658902066,25499.46833446294,25488.55423917238,25498.541468400286,2068
2026-07-20 13:40:00,25498.541468400286,25501.548143420176,25455.596103188265,25467.784180265677,4540
2026-07-20 13:45:00,25467.784180265677,25500.192712230513,25462.10466629263,25498.47251863706,1091
2026-07-20 13:50:00,25498.47251863706,25514.24784072761,25494.529060269004,25505.406163843483,4340
2026-07-20 13:55:00,25505.406163843483,25521.630190035456,25497.728954483104,25521.02426115503,3081
2026-07-20 14:00:00,25521.02426115503,25549.23970069792,25520.18181144801,25544.62887594733,1677
2026-07-20 14:05:00,25544.62887594733,25564.947468091712,25532.097197895997,25564.418303337072,4653
2026-07-20 14:10:00,25564.418303337072,25580.6936352142,25551.44040375126,25561.839315396308,4435
2026-07-20 14:15:00,25561.839315396308,25582.93650096601,25553.76701903789,25576.6684568427,4779
2026-07-20 14:20:00,25576.6684568427,25586.2488973017,25536.010902893653,25539.63255857271,4204
2026-07-20 14:25:00,25539.63255857271,25548.791845269174,25537.626405209234,25547.677874686637,3806
2026-07-20 14:30:00,25547.677874686637,25586.755525476117,25547.38290992237,25583.0866498061,1381
2026-07-20 14:35:00,25583.0866498061,25584.41418028152,25564.15726592766,25568.854728243066,2703
2026-07-20 14:40:00,25568.854728243066,25593.234903244454,25567.909751993804,25587.580406715773,1965
2026-07-20 14:45:00,25587.580406715773,25634.087750911847,25584.18157087322,25623.87350021604,4348
2026-07-20 14:50:00,25623.87350021604,25641.470642438642,25616.33747799413,25638.001619930736,2179
2026-07-20 14:55:00,25638.001619930736,25662.327891432855,25636.380208681177,25659.033123354955,3434
2026-07-20 15:00:00,25659.033123354955,25660.751038531955,25608.437662835102,25626.816206827716,3582
2026-07-20 15:05:00,25626.816206827716,25634.728441439565,25607.050855148478,25607.64890474582,3247
2026-07-20 15:10:00,25607.64890474582,25637.377343975357,25606.78256665176,25636.93863172449,3322
2026-07-20 15:15:00,25636.93863172449,25673.30573784322,25632.876521441805,25656.634982061245,1500
2026-07-20 15:20:00,25656.634982061245,25668.055737248666,25650.192208438133,25666.81596715739,1458
2026-07-20 15:25:00,25666.81596715739,25680.394885321286,25660.782297570728,25661.382577319524,1049
2026-07-21 09:15:00,25661.382577319524,25671.79182766884,25659.638720547682,25671.778095755773,2693
2026-07-21 09:20:00,25671.778095755773,25676.03933436583,25641.20063296187,25649.426100589793,1504
2026-07-21 09:25:00,25649.426100589793,25661.430132770933,25642.71948294999,25649.389801052916,3918
2026-07-21 09:30:00,25649.389801052916,25667.36286256227,25641.689586684985,25658.93882107672,3237
2026-07-21 09:35:00,25658.93882107672,25687.00862158453,25650.90959649486,25683.88934167342,3659
2026-07-21 09:40:00,25683.88934167342,25699.068041876457,25660.77964130718,25677.053917692458,4482
2026-07-21 09:45:00,25677.053917692458,25685.7183825891,25650.793388320722,25657.278977130547,2969
2026-07-21 09:50:00,25657.278977130547,25664.740112838837,25647.28992842247,25663.221217770883,1051
2026-07-21 09:55:00,25663.221217770883,25690.37703576986,25662.645022230583,25690.212022694886,4632
2026-07-21 10:00:00,25690.212022694886,25699.33766087151,25682.553161086642,25684.603678770607,2469
2026-07-21 10:05:00,25684.603678770607,25702.018755694244,25665.410081660488,25667.355587740454,3659
2026-07-21 10:10:00,25667.355587740454,25670.85248199456,25666.92879109737,25669.61856306647,4515
2026-07-21 10:15:00,25669.61856306647,25682.721032595844,25625.422954865862,25636.27707411273,2405
2026-07-21 10:20:00,25636.27707411273,25642.774744329014,25623.212245097748,25631.792594873365,4834
2026-07-21 10:25:00,25631.792594873365,25662.396226074958,25628.722668261624,25655.948522859777,3421
2026-07-21 10:30:00,25655.948522859777,25676.326680333485,25643.282870765466,25673.904542989352,2999
2026-07-21 10:35:00,25673.904542989352,25681.42720134986,25670.46009325968,25670.949696881326,4637
2026-07-21 10:40:00,25670.949696881326,25707.660170536714,25662.057391434508,25705.02694598629,3422
2026-07-21 10:45:00,25705.02694598629,25746.87997885143,25704.844375598015,25744.30165394074,1388
2026-07-21 10:50:00,25744.30165394074,25761.918422765197,25735.992428863243,25757.97880289889,2672
2026-07-21 10:55:00,25757.97880289889,25763.615308509896,25718.035146948612,25727.73334443481,1673
2026-07-21 11:00:00,25727.73334443481,25737.256109454425,25683.766001858043,25689.0406507813,2889
2026-07-21 11:05:00,25689.0406507813,25726.682965605854,25683.953206687485,25717.473078840652,3851
2026-07-21 11:10:00,25717.473078840652,25722.69347008249,25709.200905717764,25722.50810575819,2502
2026-07-21 11:15:00,25722.50810575819,25762.73505418025,25719.490027980126,25756.164550246176,3451
2026-07-21 11:20:00,25756.164550246176,25759.246453544947,25724.360553624298,25728.581083868718,1592
2026-07-21 11:25:00,25728.581083868718,25734.404266633686,25714.19102903749,25725.26342989188,4539
2026-07-21 11:30:00,25725.26342989188,25750.3017483627,25724.22529876231,25746.444389133918,3779
2026-07-21 11:35:00,25746.444389133918,25754.577839292742,25726.741701016756,25731.412842763908,4668
2026-07-21 11:40:00,25731.412842763908,25760.854774909643,25723.283220230256,25752.302325417284,3552
2026-07-21 11:45:00,25752.302325417284,25760.840550808578,25749.16043224338,25749.772841012593,1082
2026-07-21 11:50:00,25749.772841012593,25751.303378912435,25732.320028238464,25750.35088852469,3366
2026-07-21 11:55:00,25750.35088852469,25759.102674902802,25719.67906717085,25725.967718595868,4138
2026-07-21 12:00:00,25725.967718595868,25740.14395293734,25725.304032499385,25731.141437892315,1413
2026-07-21 12:05:00,25731.141437892315,25781.396914979912,25729.099358292442,25776.279823058634,3500
2026-07-21 12:10:00,25776.279823058634,25786.936735225812,25776.117445979315,25784.281229963297,3793
2026-07-21 12:15:00,25784.281229963297,25788.295185383053,25766.15886190025,25767.94999689566,1197
2026-07-21 12:20:00,25767.94999689566,25801.781285682766,25764.865520326126,25796.718193418892,3306
2026-07-21 12:25:00,25796.718193418892,25801.30246429358,25777.173874038934,25781.00135656405,2712
2026-07-21 12:30:00,25781.00135656405,25823.06533160392,25776.89978020831,25816.498768518468,3345
2026-07-21 12:35:00,25816.498768518468,25825.659177547408,25790.11542528578,25790.166783904235,2303
2026-07-21 12:40:00,25790.166783904235,25802.009713890828,25789.083138044924,25795.79334015017,1299
2026-07-21 12:45:00,25795.79334015017,25830.488894209546,25793.156228388147,25827.291293519134,1128
2026-07-21 12:50:00,25827.291293519134,25830.19624139365,25805.298876522993,25809.38122141274,3545
2026-07-21 12:55:00,25809.38122141274,25816.189830779866,25805.623863296347,25811.098269648624,2906
2026-07-21 13:00:00,25811.098269648624,25845.00742404231,25805.057251396844,25834.99499473727,3485
2026-07-21 13:05:00,25834.99499473727,25840.157019380084,25777.044940096082,25788.377896312697,2715
2026-07-21 13:10:00,25788.377896312697,25813.864766941675,25785.914803596534,25807.500159052906,4363
2026-07-21 13:15:00,25807.500159052906,25814.669888770077,25801.383259327307,25805.684828710244,1206
2026-07-21 13:20:00,25805.684828710244,25845.00100871778,25804.887918775414,25835.453320249668,3024
2026-07-21 13:25:00,25835.453320249668,25842.712075982843,25809.497472355517,25818.350306254975,1293
2026-07-21 13:30:00,25818.350306254975,25819.204206614402,25784.079431267943,25789.70689423959,2963
2026-07-21 13:35:00,25789.70689423959,25800.39913166777,25762.574102670595,25778.5030926099,2873
2026-07-21 13:40:00,25778.5030926099,25787.22506852676,25758.95290642761,25766.87355464516,3006
2026-07-21 13:45:00,25766.87355464516,25775.128934292563,25753.76519103496,25762.617156208034,4758
2026-07-21 13:50:00,25762.617156208034,25765.896827107295,25730.318002128857,25752.959684476584,3076
2026-07-21 13:55:00,25752.959684476584,25759.215612112446,25701.755368201117,25711.592219660048,3226
2026-07-21 14:00:00,25711.592219660048,25712.04542803267,25701.715689115754,25709.63903609899,3088
2026-07-21 14:05:00,25709.63903609899,25717.994911565638,25707.401898103984,25714.4065638843,4541
2026-07-21 14:10:00,25714.4065638843,25724.436588327782,25701.23864347603,25710.431272099664,2215
2026-07-21 14:15:00,25710.431272099664,25727.0582634883,25703.96952777179,25716.33085440368,3391
2026-07-21 14:20:00,25716.33085440368,25721.838631058523,25710.478966020462,25718.07849671466,2772
2026-07-21 14:25:00,25718.07849671466,25719.072249662233,25679.502018794272,25689.64472180981,3863
2026-07-21 14:30:00,25689.64472180981,25708.81331302965,25680.0018096472,25683.46168162227,3784
2026-07-21 14:35:00,25683.46168162227,25687.49727731446,25676.486132308008,25685.80195698442,1625
2026-07-21 14:40:00,25685.80195698442,25691.499595560617,25679.97262467848,25680.928422695528,1277
2026-07-21 14:45:00,25680.928422695528,25684.89252412731,25649.835622381772,25650.25943370515,4426
2026-07-21 14:50:00,25650.25943370515,25685.624143822326,25638.167422303708,25675.35796519133,1528
2026-07-21 14:55:00,25675.35796519133,25683.058593408594,25646.561050223092,25655.389609672293,3133
2026-07-21 15:00:00,25655.389609672293,25671.059064577566,25619.951793719254,25629.89437958683,2924
2026-07-21 15:05:00,25629.89437958683,25635.184630954067,25628.69703405351,25630.73132002306,3364
2026-07-21 15:10:00,25630.73132002306,25630.861075644385,25621.945604613848,25624.256857097276,2880
2026-07-21 15:15:00,25624.256857097276,25640.705708572168,25610.37088914905,25636.586052200655,2925
2026-07-21 15:20:00,25636.586052200655,25656.94697373803,25635.604482347208,25654.483546372303,1692
2026-07-21 15:25:00,25654.483546372303,25672.46908371792,25653.065525742404,25669.272121679736,2360
2026-07-22 09:15:00,25669.272121679736,25691.240394356417,25659.307393308187,25686.21844982168,2961
2026-07-22 09:20:00,25686.21844982168,25697.15520033348,25683.974780958128,25696.121034295214,2862
2026-07-22 09:25:00,25696.121034295214,25730.745151302748,25687.98779147899,25724.011161901624,4482
2026-07-22 09:30:00,25724.011161901624,25737.55255298811,25721.43201853703,25733.318932155475,4483
2026-07-22 09:35:00,25733.318932155475,25744.60963021163,25725.907948455104,25742.5537120216,3539
2026-07-22 09:40:00,25742.5537120216,25778.51155353458,25739.731842566594,25774.63262587839,1437
2026-07-22 09:45:00,25774.63262587839,25799.229479472397,25766.090899562798,25797.339449985335,1478
2026-07-22 09:50:00,25797.339449985335,25808.67511062344,25775.829890045938,25779.972527131544,1782
2026-07-22 09:55:00,25779.972527131544,25801.798242804405,25770.736913927423,25793.031530579923,3996
2026-07-22 10:00:00,25793.031530579923,25796.978379696033,25776.857601507276,25779.32474499142,2007
2026-07-22 10:05:00,25779.32474499142,25795.856798874636,25768.252037553295,25789.722156103908,1071
2026-07-22 10:10:00,25789.722156103908,25809.54325999123,25767.871811355428,25799.555540041412,1581
2026-07-22 10:15:00,25799.555540041412,25805.942577665915,25758.214008457235,25771.00126662898,1219
2026-07-22 10:20:00,25771.00126662898,25773.7721220318,25768.413334327215,25768.48919990624,2027
2026-07-22 10:25:00,25768.48919990624,25788.60863219543,25759.650832752654,25773.957418104103,4933
2026-07-22 10:30:00,25773.957418104103,25798.239756012048,25756.950745356997,25764.961478260404,4050
2026-07-22 10:35:00,25764.961478260404,25772.604778959118,25758.381039165622,25771.448269894427,4984
2026-07-22 10:40:00,25771.448269894427,25796.09962653247,25768.99563939539,25788.063592191073,1289
2026-07-22 10:45:00,25788.063592191073,25797.642525689324,25776.98010900374,25787.432443482383,1379
2026-07-22 10:50:00,25787.432443482383,25799.77559333475,25780.366240167823,25792.06591854835,4973
2026-07-22 10:55:00,25792.06591854835,25835.00025000312,25790.423224828395,25820.61101057029,3851
2026-07-22 11:00:00,25820.61101057029,25830.852712993204,25818.747427921724,25830.38559049588,2378
2026-07-22 11:05:00,25830.38559049588,25842.37018173507,25828.030458742604,25834.535485566466,3790
2026-07-22 11:10:00,25834.535485566466,25835.61120773012,25807.689529387433,25814.734256981395,2958
2026-07-22 11:15:00,25814.734256981395,25845.846378080907,25805.15323988107,25828.59214351221,3127
2026-07-22 11:20:00,25828.59214351221,25835.707635805127,25818.424397989955,25835.413990223442,1065
2026-07-22 11:25:00,25835.413990223442,25868.316284533797,25828.56159252213,25861.94674200364,3183
2026-07-22 11:30:00,25861.94674200364,25863.194077408534,25860.753586878425,25862.916638315848,1398
2026-07-22 11:35:00,25862.916638315848,25865.12124160082,25824.226293156888,25825.337479047103,4774
2026-07-22 11:40:00,25825.337479047103,25829.424866439633,25789.959862083695,25790.212522892973,1346
2026-07-22 11:45:00,25790.212522892973,25810.067342733524,25789.715069318103,25805.391213490067,4919
2026-07-22 11:50:00,25805.391213490067,25818.24156721544,25786.293062996756,25793.619958405245,2984
2026-07-22 11:55:00,25793.619958405245,25803.32017539008,25787.83792662081,25802.63261551103,3106
2026-07-22 12:00:00,25802.63261551103,25823.848789860876,25796.081221364853,25804.990617878066,1777
2026-07-22 12:05:00,25804.990617878066,25815.325642386164,25791.97437054066,25801.54638103044,3566
2026-07-22 12:10:00,25801.54638103044,25802.207562423584,25795.97655601957,25799.55736488689,2903
2026-07-22 12:15:00,25799.55736488689,25814.586222026064,25771.927073875126,25781.696031944182,3761
2026-07-22 12:20:00,25781.696031944182,25790.236284419796,25777.618417031143,25781.370611480743,4915
2026-07-22 12:25:00,25781.370611480743,25785.341432510082,25766.763808124302,25769.315378032064,4024
2026-07-22 12:30:00,25769.315378032064,25770.908968314485,25749.623623963125,25761.641141497148,4308
2026-07-22 12:35:00,25761.641141497148,25761.65746159974,25747.825295388648,25754.970957060676,4851
2026-07-22 12:40:00,25754.970957060676,25760.750927338908,25741.435474094444,25750.300174194752,1078
2026-07-22 12:45:00,25750.300174194752,25769.871196235956,25743.965803967145,25769.297168848938,2581
2026-07-22 12:50:00,25769.297168848938,25771.46152799099,25759.307023338253,25766.621474090884,2778
2026-07-22 12:55:00,25766.621474090884,25788.595616105224,25761.30260858128,25787.723354578127,4871
2026-07-22 13:00:00,25787.723354578127,25825.246429552986,25786.186905346163,25819.449577013547,4743
2026-07-22 13:05:00,25819.449577013547,25847.004174314116,25811.781856460508,25837.10893726081,3162
2026-07-22 13:10:00,25837.10893726081,25848.476344236136,25835.47741660832,25848.156234672097,1985
2026-07-22 13:15:00,25848.156234672097,25868.217913222637,25842.851378866115,25854.9146426827,2485
2026-07-22 13:20:00,25854.9146426827,25873.45170942706,25853.870750880356,25872.81366312893,2649
2026-07-22 13:25:00,25872.81366312893,25877.237237331825,25862.634153473413,25874.66327411973,3173
2026-07-22 13:30:00,25874.66327411973,25900.901730147874,25865.80314933584,25895.043604706927,2625
2026-07-22 13:35:00,25895.043604706927,25908.995954208025,25891.157496535703,25907.76544199163,3620
2026-07-22 13:40:00,25907.76544199163,25922.284409648953,25890.60788433196,25900.307312188084,1964
2026-07-22 13:45:00,25900.307312188084,25918.899985013955,25899.575552340135,25918.86956266853,3547
2026-07-22 13:50:00,25918.86956266853,25926.213635565913,25913.11298104489,25920.76640934255,1828
2026-07-22 13:55:00,25920.76640934255,25926.634386520796,25916.89771130595,25918.56559096025,4173
2026-07-22 14:00:00,25918.56559096025,25922.477396503462,25904.407980844524,25908.69167162172,3673
2026-07-22 14:05:00,25908.69167162172,25914.271214141594,25901.23204887658,25912.132736534735,2197
2026-07-22 14:10:00,25912.132736534735,25933.228722205124,25899.199809870497,25932.789113780796,3499
2026-07-22 14:15:00,25932.789113780796,25955.137638250973,25928.455514261765,25951.231268740674,4163
2026-07-22 14:20:00,25951.231268740674,25963.53677692025,25937.65350486481,25958.56807207411,2718
2026-07-22 14:25:00,25958.56807207411,25973.22068035892,25950.81130195944,25971.020784287506,3432
2026-07-22 14:30:00,25971.020784287506,26002.347837850746,25961.49829515131,25997.44259533066,2228
2026-07-22 14:35:00,25997.44259533066,25998.43436757974,25993.984974651685,25994.323603293906,3410
2026-07-22 14:40:00,25994.323603293906,25996.56380394703,25960.72110785716,25971.12793247362,4778
2026-07-22 14:45:00,25971.12793247362,25998.45709392801,25962.311991792314,25998.161380351776,2840
2026-07-22 14:50:00,25998.161380351776,25998.929829000474,25987.019711610417,25987.1427719581,1497
2026-07-22 14:55:00,25987.1427719581,25988.70546967293,25969.639335338252,25972.790839660287,1536
2026-07-22 15:00:00,25972.790839660287,25972.930879073723,25925.253720623226,25935.46902477551,4305
2026-07-22 15:05:00,25935.46902477551,25968.324297447914,25922.288313784018,25947.32221991929,3063
2026-07-22 15:10:00,25947.32221991929,25949.748042589068,25907.081856812973,25913.66433694842,4028
2026-07-22 15:15:00,25913.66433694842,25918.68093958195,25896.60498687176,25898.11077302173,2164
2026-07-22 15:20:00,25898.11077302173,25913.70294701711,25898.061042801746,25910.298150353825,2971
2026-07-22 15:25:00,25910.298150353825,25927.30638479135,25906.401982876894,25925.26230626661,3667
2026-07-23 09:15:00,25925.26230626661,25939.309766660175,25915.262214181355,25929.44948904124,3271
2026-07-23 09:20:00,25929.44948904124,25953.155162435225,25924.30231281525,25951.90187633986,2404
2026-07-23 09:25:00,25951.90187633986,25997.20565459987,25943.02182202742,25985.452114732816,4612
2026-07-23 09:30:00,25985.452114732816,25994.9827923299,25983.050058492536,25991.796153838906,4373
2026-07-23 09:35:00,25991.796153838906,25996.398809519247,25975.256957850925,25975.858405028124,1202
2026-07-23 09:40:00,25975.858405028124,25976.655341897982,25936.366919917575,25940.59158173388,1941
2026-07-23 09:45:00,25940.59158173388,25972.251304847578,25940.378332243148,25962.208742763632,1588
2026-07-23 09:50:00,25962.208742763632,25967.93194040966,25922.256003242826,25924.900497014503,1570
2026-07-23 09:55:00,25924.900497014503,25933.41443170939,25917.25372963785,25917.836395554998,4004
2026-07-23 10:00:00,25917.836395554998,25918.004550197053,25912.961287390586,25913.185557419754,1195
2026-07-23 10:05:00,25913.185557419754,25915.840521985458,25909.374934952924,25911.745714319713,2345
2026-07-23 10:10:00,25911.745714319713,25919.430438074036,25910.166662540483,25912.487880614146,1417
2026-07-23 10:15:00,25912.487880614146,25923.578384647764,25909.350448378136,25915.351678118233,2642
2026-07-23 10:20:00,25915.351678118233,25918.390537454557,25858.62832357533,25865.275687424495,2365
2026-07-23 10:25:00,25865.275687424495,25872.095504586618,25863.770165393285,25865.578950743893,4460
2026-07-23 10:30:00,25865.578950743893,25869.544960410378,25801.963112400932,25819.44354031282,1008
2026-07-23 10:35:00,25819.44354031282,25862.742059015112,25818.198749686297,25834.56791087071,1531
2026-07-23 10:40:00,25834.56791087071,25850.78244965812,25818.827322642082,25823.0947760414,1148
2026-07-23 10:45:00,25823.0947760414,25827.359901198193,25757.87985647493,25778.533685008722,3430
2026-07-23 10:50:00,25778.533685008722,25784.46801291303,25758.54576197871,25761.742482846745,2552
2026-07-23 10:55:00,25761.742482846745,25770.434409914156,25742.344863509177,25749.99357557963,2035
2026-07-23 11:00:00,25749.99357557963,25778.354514484483,25745.419581175567,25774.521981581616,1475
2026-07-23 11:05:00,25774.521981581616,25784.120616814707,25769.704638140796,25778.57657661934,2617
2026-07-23 11:10:00,25778.57657661934,25800.316625855627,25774.434056924933,25785.68001691884,3626
2026-07-23 11:15:00,25785.68001691884,25811.14318954076,25777.15461693717,25810.046899390094,4716
2026-07-23 11:20:00,25810.046899390094,25823.75700432118,25805.216144824,25808.061708525744,2979
2026-07-23 11:25:00,25808.061708525744,25832.41779628689,25797.80407784024,25823.63301207626,2076
2026-07-23 11:30:00,25823.63301207626,25838.38392564808,25822.282207506723,25837.760834826193,4507
2026-07-23 11:35:00,25837.760834826193,25854.83941244169,25805.550531456396,25811.169241949276,1205
2026-07-23 11:40:00,25811.169241949276,25846.485524660155,25808.401224909507,25841.584784679526,4033
2026-07-23 11:45:00,25841.584784679526,25842.561006004573,25809.63514327153,25812.222505583904,3962
2026-07-23 11:50:00,25812.222505583904,25835.092026343176,25808.49667214688,25831.16592324432,1744
2026-07-23 11:55:00,25831.16592324432,25834.272368938775,25797.592051387728,25799.815710977127,1912
2026-07-23 12:00:00,25799.815710977127,25822.289062247833,25795.118916381074,25812.225149643506,1053
2026-07-23 12:05:00,25812.225149643506,25853.770167465093,25810.20402539391,25850.673282478932,4049
2026-07-23 12:10:00,25850.673282478932,25865.867131579475,25839.132127178273,25846.268769145634,2603
2026-07-23 12:15:00,25846.268769145634,25849.30288670403,25832.689764569208,25840.968099669102,4561
2026-07-23 12:20:00,25840.968099669102,25861.08565486117,25832.077904028447,25853.587588108385,2826
2026-07-23 12:25:00,25853.587588108385,25855.76855031546,25834.90386151714,25846.774724008035,1343
2026-07-23 12:30:00,25846.774724008035,25886.383904493076,25841.138400166947,25884.37203604092,2192
2026-07-23 12:35:00,25884.37203604092,25897.65165052621,25876.25567346846,25888.35185659087,2932
2026-07-23 12:40:00,25888.35185659087,25893.751851416237,25872.287941056136,25881.720927884817,2184
2026-07-23 12:45:00,25881.720927884817,25883.765057048626,25863.357275407478,25870.534112481317,4598
2026-07-23 12:50:00,25870.534112481317,25870.556972290622,25848.842115290656,25851.22541230308,1702
2026-07-23 12:55:00,25851.22541230308,25859.43724542306,25824.023279101224,25838.242823769986,3574
2026-07-23 13:00:00,25838.242823769986,25855.150144399584,25827.77582382476,25830.994196332238,2310
2026-07-23 13:05:00,25830.994196332238,25831.871107011502,25809.905879067235,25820.91723467028,2898
2026-07-23 13:10:00,25820.91723467028,25827.072744094898,25799.58914594636,25807.32148324676,3459
2026-07-23 13:15:00,25807.32148324676,25851.49401006107,25800.274546059183,25850.65385954596,4593
2026-07-23 13:20:00,25850.65385954596,25854.80175973505,25827.87882547545,25829.350954534155,3616
2026-07-23 13:25:00,25829.350954534155,25835.9806532457,25829.08164884904,25832.380894188307,1198
2026-07-23 13:30:00,25832.380894188307,25845.271983782462,25831.573890185355,25844.62587691787,4232
2026-07-23 13:35:00,25844.62587691787,25870.730618158257,25837.521223223328,25857.6538012442,3822
2026-07-23 13:40:00,25857.6538012442,25867.216440054253,25853.27130797555,25856.441448063495,1388
2026-07-23 13:45:00,25856.441448063495,25863.884287232107,25828.69095194098,25851.4624784992,1473
2026-07-23 13:50:00,25851.4624784992,25866.679692264403,25841.280826181166,25860.80100892083,2404
2026-07-23 13:55:00,25860.80100892083,25876.32654262014,25843.830782148958,25866.31497960455,1764
2026-07-23 14:00:00,25866.31497960455,25871.459740782586,25859.59579712591,25860.956330975074,2654
2026-07-23 14:05:00,25860.956330975074,25863.875975722145,25826.779551252315,25828.642992144953,1591
2026-07-23 14:10:00,25828.642992144953,25833.341930488317,25816.780550947275,25818.974324327588,4195
2026-07-23 14:15:00,25818.974324327588,25822.78992583517,25787.87137449917,25795.292124936936,2848
2026-07-23 14:20:00,25795.292124936936,25798.795867901972,25776.310326498424,25781.524464546612,2095
2026-07-23 14:25:00,25781.524464546612,25803.09999284371,25775.98456282389,25782.209701135904,1981
2026-07-23 14:30:00,25782.209701135904,25790.198349119193,25772.501546198844,25789.608909529423,4041
2026-07-23 14:35:00,25789.608909529423,25833.59730465062,25778.26634397088,25826.342653639604,1167
2026-07-23 14:40:00,25826.342653639604,25829.991836907477,25815.238240757513,25815.23926061095,1283
2026-07-23 14:45:00,25815.23926061095,25837.363952535874,25801.362674182074,25831.23697750057,4565
2026-07-23 14:50:00,25831.23697750057,25844.840558323063,25818.065040228215,25837.55963821809,4107
2026-07-23 14:55:00,25837.55963821809,25867.175664763727,25833.192540089036,25864.347971903007,3871
2026-07-23 15:00:00,25864.347971903007,25889.22916186708,25858.683705523385,25876.270995995026,2198
2026-07-23 15:05:00,25876.270995995026,25883.135525900667,25848.515505008632,25855.394405029518,4270
2026-07-23 15:10:00,25855.394405029518,25859.173591912284,25816.249932279734,25819.754377297242,4187
2026-07-23 15:15:00,25819.754377297242,25827.82922794039,25813.80932434631,25826.18373780322,4386
2026-07-23 15:20:00,25826.18373780322,25833.0081016939,25798.66131789296,25815.265439748662,2243
2026-07-23 15:25:00,25815.265439748662,25816.65504596465,25794.227506846077,25795.0197920959,1890
